begin; 



  -- Coupe Du Monde  --- 
INSERT INTO coupe_du_monde VALUES ('1', '1998-06-10', '1998-07-12');
INSERT INTO pays_coupe VALUES ('Uruguay', '1');


 -- EQUIPE  + Association-- 

INSERT INTO equipe_foot VALUES ('Uruguay', '1', '7', '21');
INSERT INTO collaborateur_equipe VALUES ('8', 'Uruguay', '1');
INSERT INTO collaborateur_equipe VALUES ('9', 'Uruguay', '1');
INSERT INTO joueur_equipe VALUES ('1', 'Uruguay', '1', 'avant-centre', '1', 'Real Madrid');
INSERT INTO joueur_equipe VALUES ('2', 'Uruguay', '1', 'arriere lateraux', '7', 'Manchester United F.C.');
INSERT INTO joueur_equipe VALUES ('3', 'Uruguay', '1', 'millieu defensif', '17', 'FC Bayern');
INSERT INTO joueur_equipe VALUES ('4', 'Uruguay', '1', 'avant centre', '31', 'Spain N.F.C.');
INSERT INTO joueur_equipe VALUES ('5', 'Uruguay', '1', 'millieu offensif', '38', 'F.C. Barcelona');
INSERT INTO joueur_equipe VALUES ('6', 'Uruguay', '1', 'gardien de but', '32', 'Real Madrid');

 -- EQUIPE  + Association-- 

INSERT INTO equipe_foot VALUES ('Italie', '1', '17', '16');
INSERT INTO collaborateur_equipe VALUES ('18', 'Italie', '1');
INSERT INTO collaborateur_equipe VALUES ('19', 'Italie', '1');
INSERT INTO joueur_equipe VALUES ('11', 'Italie', '1', 'avant-centre', '1', 'France National');
INSERT INTO joueur_equipe VALUES ('12', 'Italie', '1', 'arriere lateraux', '10', 'AS Monaco');
INSERT INTO joueur_equipe VALUES ('13', 'Italie', '1', 'millieu defensif', '20', 'Brazil nationnal');
INSERT INTO joueur_equipe VALUES ('14', 'Italie', '1', 'avant centre', '28', 'Olympique Lyonnais');
INSERT INTO joueur_equipe VALUES ('15', 'Italie', '1', 'millieu offensif', '24', 'FC Bayern');
INSERT INTO joueur_equipe VALUES ('16', 'Italie', '1', 'gardien de but', '43', 'FC Bayern');

 -- EQUIPE  + Association-- 

INSERT INTO equipe_foot VALUES ('France', '1', '27', '13');
INSERT INTO collaborateur_equipe VALUES ('28', 'France', '1');
INSERT INTO collaborateur_equipe VALUES ('29', 'France', '1');
INSERT INTO joueur_equipe VALUES ('21', 'France', '1', 'avant-centre', '0', 'Chelsea F.C.');
INSERT INTO joueur_equipe VALUES ('22', 'France', '1', 'arriere lateraux', '11', 'Arsenal F.C.');
INSERT INTO joueur_equipe VALUES ('23', 'France', '1', 'millieu defensif', '15', 'Chelsea F.C.');
INSERT INTO joueur_equipe VALUES ('24', 'France', '1', 'avant centre', '28', 'FC Bayern');
INSERT INTO joueur_equipe VALUES ('25', 'France', '1', 'millieu offensif', '35', 'Liverpool F.C.');
INSERT INTO joueur_equipe VALUES ('26', 'France', '1', 'gardien de but', '35', 'Chelsea F.C.');

 -- EQUIPE  + Association-- 

INSERT INTO equipe_foot VALUES ('Canada', '1', '37', '29');
INSERT INTO collaborateur_equipe VALUES ('38', 'Canada', '1');
INSERT INTO collaborateur_equipe VALUES ('39', 'Canada', '1');
INSERT INTO joueur_equipe VALUES ('31', 'Canada', '1', 'avant-centre', '0', 'Real Madrid');
INSERT INTO joueur_equipe VALUES ('32', 'Canada', '1', 'arriere lateraux', '10', 'FC Bayern');
INSERT INTO joueur_equipe VALUES ('33', 'Canada', '1', 'millieu defensif', '21', 'Chelsea F.C.');
INSERT INTO joueur_equipe VALUES ('34', 'Canada', '1', 'avant centre', '30', 'Chelsea F.C.');
INSERT INTO joueur_equipe VALUES ('35', 'Canada', '1', 'millieu offensif', '28', 'Real Madrid');
INSERT INTO joueur_equipe VALUES ('36', 'Canada', '1', 'gardien de but', '46', 'Real Madrid');

 -- EQUIPE  + Association-- 

INSERT INTO equipe_foot VALUES ('Bresil', '1', '47', '2');
INSERT INTO collaborateur_equipe VALUES ('48', 'Bresil', '1');
INSERT INTO collaborateur_equipe VALUES ('49', 'Bresil', '1');
INSERT INTO joueur_equipe VALUES ('41', 'Bresil', '1', 'avant-centre', '1', 'FC Bayern');
INSERT INTO joueur_equipe VALUES ('42', 'Bresil', '1', 'arriere lateraux', '7', 'AS Monaco');
INSERT INTO joueur_equipe VALUES ('43', 'Bresil', '1', 'millieu defensif', '13', 'Liverpool F.C.');
INSERT INTO joueur_equipe VALUES ('44', 'Bresil', '1', 'avant centre', '22', 'F.C. Barcelona');
INSERT INTO joueur_equipe VALUES ('45', 'Bresil', '1', 'millieu offensif', '40', 'Olympique Lyonnais');
INSERT INTO joueur_equipe VALUES ('46', 'Bresil', '1', 'gardien de but', '51', 'Liverpool F.C.');

 -- EQUIPE  + Association-- 

INSERT INTO equipe_foot VALUES ('Suisse', '1', '57', '22');
INSERT INTO collaborateur_equipe VALUES ('58', 'Suisse', '1');
INSERT INTO collaborateur_equipe VALUES ('59', 'Suisse', '1');
INSERT INTO joueur_equipe VALUES ('51', 'Suisse', '1', 'avant-centre', '1', 'F.C. Barcelona');
INSERT INTO joueur_equipe VALUES ('52', 'Suisse', '1', 'arriere lateraux', '10', 'FC Bayern');
INSERT INTO joueur_equipe VALUES ('53', 'Suisse', '1', 'millieu defensif', '19', 'F.C. Barcelona');
INSERT INTO joueur_equipe VALUES ('54', 'Suisse', '1', 'avant centre', '27', 'Manchester United F.C.');
INSERT INTO joueur_equipe VALUES ('55', 'Suisse', '1', 'millieu offensif', '40', 'Liverpool F.C.');
INSERT INTO joueur_equipe VALUES ('56', 'Suisse', '1', 'gardien de but', '34', 'Arsenal F.C.');

 -- EQUIPE  + Association-- 

INSERT INTO equipe_foot VALUES ('Suede', '1', '67', '14');
INSERT INTO collaborateur_equipe VALUES ('68', 'Suede', '1');
INSERT INTO collaborateur_equipe VALUES ('69', 'Suede', '1');
INSERT INTO joueur_equipe VALUES ('61', 'Suede', '1', 'avant-centre', '0', 'FC Bayern');
INSERT INTO joueur_equipe VALUES ('62', 'Suede', '1', 'arriere lateraux', '8', 'France National');
INSERT INTO joueur_equipe VALUES ('63', 'Suede', '1', 'millieu defensif', '19', 'Arsenal F.C.');
INSERT INTO joueur_equipe VALUES ('64', 'Suede', '1', 'avant centre', '22', 'Chelsea F.C.');
INSERT INTO joueur_equipe VALUES ('65', 'Suede', '1', 'millieu offensif', '31', 'Liverpool F.C.');
INSERT INTO joueur_equipe VALUES ('66', 'Suede', '1', 'gardien de but', '36', 'Real Madrid');

 -- EQUIPE  + Association-- 

INSERT INTO equipe_foot VALUES ('Chili', '1', '77', '5');
INSERT INTO collaborateur_equipe VALUES ('78', 'Chili', '1');
INSERT INTO collaborateur_equipe VALUES ('79', 'Chili', '1');
INSERT INTO joueur_equipe VALUES ('71', 'Chili', '1', 'avant-centre', '0', 'Brazil nationnal');
INSERT INTO joueur_equipe VALUES ('72', 'Chili', '1', 'arriere lateraux', '11', 'Olympique Lyonnais');
INSERT INTO joueur_equipe VALUES ('73', 'Chili', '1', 'millieu defensif', '12', 'Real Madrid');
INSERT INTO joueur_equipe VALUES ('74', 'Chili', '1', 'avant centre', '27', 'Brazil nationnal');
INSERT INTO joueur_equipe VALUES ('75', 'Chili', '1', 'millieu offensif', '26', 'FC Bayern');
INSERT INTO joueur_equipe VALUES ('76', 'Chili', '1', 'gardien de but', '32', 'Liverpool F.C.');

 -- EQUIPE  + Association-- 

INSERT INTO equipe_foot VALUES ('Angleterre', '1', '87', '11');
INSERT INTO collaborateur_equipe VALUES ('88', 'Angleterre', '1');
INSERT INTO collaborateur_equipe VALUES ('89', 'Angleterre', '1');
INSERT INTO joueur_equipe VALUES ('81', 'Angleterre', '1', 'avant-centre', '1', 'France National');
INSERT INTO joueur_equipe VALUES ('82', 'Angleterre', '1', 'arriere lateraux', '6', 'Chelsea F.C.');
INSERT INTO joueur_equipe VALUES ('83', 'Angleterre', '1', 'millieu defensif', '13', 'Arsenal F.C.');
INSERT INTO joueur_equipe VALUES ('84', 'Angleterre', '1', 'avant centre', '25', 'F.C. Barcelona');
INSERT INTO joueur_equipe VALUES ('85', 'Angleterre', '1', 'millieu offensif', '32', 'France National');
INSERT INTO joueur_equipe VALUES ('86', 'Angleterre', '1', 'gardien de but', '49', 'Spain N.F.C.');

 -- EQUIPE  + Association-- 

INSERT INTO equipe_foot VALUES ('Mexique', '1', '97', '10');
INSERT INTO collaborateur_equipe VALUES ('98', 'Mexique', '1');
INSERT INTO collaborateur_equipe VALUES ('99', 'Mexique', '1');
INSERT INTO joueur_equipe VALUES ('91', 'Mexique', '1', 'avant-centre', '0', 'Chelsea F.C.');
INSERT INTO joueur_equipe VALUES ('92', 'Mexique', '1', 'arriere lateraux', '8', 'Chelsea F.C.');
INSERT INTO joueur_equipe VALUES ('93', 'Mexique', '1', 'millieu defensif', '20', 'Spain N.F.C.');
INSERT INTO joueur_equipe VALUES ('94', 'Mexique', '1', 'avant centre', '20', 'Real Madrid');
INSERT INTO joueur_equipe VALUES ('95', 'Mexique', '1', 'millieu offensif', '29', 'France National');
INSERT INTO joueur_equipe VALUES ('96', 'Mexique', '1', 'gardien de but', '33', 'France National');

 -- EQUIPE  + Association-- 

INSERT INTO equipe_foot VALUES ('Allemagne', '1', '107', '1');
INSERT INTO collaborateur_equipe VALUES ('108', 'Allemagne', '1');
INSERT INTO collaborateur_equipe VALUES ('109', 'Allemagne', '1');
INSERT INTO joueur_equipe VALUES ('101', 'Allemagne', '1', 'avant-centre', '0', 'Olympique Lyonnais');
INSERT INTO joueur_equipe VALUES ('102', 'Allemagne', '1', 'arriere lateraux', '7', 'Spain N.F.C.');
INSERT INTO joueur_equipe VALUES ('103', 'Allemagne', '1', 'millieu defensif', '20', 'Liverpool F.C.');
INSERT INTO joueur_equipe VALUES ('104', 'Allemagne', '1', 'avant centre', '21', 'AS Monaco');
INSERT INTO joueur_equipe VALUES ('105', 'Allemagne', '1', 'millieu offensif', '38', 'Real Madrid');
INSERT INTO joueur_equipe VALUES ('106', 'Allemagne', '1', 'gardien de but', '36', 'Liverpool F.C.');

 -- EQUIPE  + Association-- 

INSERT INTO equipe_foot VALUES ('Portugal', '1', '117', '30');
INSERT INTO collaborateur_equipe VALUES ('118', 'Portugal', '1');
INSERT INTO collaborateur_equipe VALUES ('119', 'Portugal', '1');
INSERT INTO joueur_equipe VALUES ('111', 'Portugal', '1', 'avant-centre', '1', 'Olympique Lyonnais');
INSERT INTO joueur_equipe VALUES ('112', 'Portugal', '1', 'arriere lateraux', '11', 'FC Bayern');
INSERT INTO joueur_equipe VALUES ('113', 'Portugal', '1', 'millieu defensif', '16', 'Arsenal F.C.');
INSERT INTO joueur_equipe VALUES ('114', 'Portugal', '1', 'avant centre', '23', 'F.C. Barcelona');
INSERT INTO joueur_equipe VALUES ('115', 'Portugal', '1', 'millieu offensif', '27', 'Arsenal F.C.');
INSERT INTO joueur_equipe VALUES ('116', 'Portugal', '1', 'gardien de but', '36', 'Chelsea F.C.');

 -- EQUIPE  + Association-- 

INSERT INTO equipe_foot VALUES ('Autriche', '1', '127', '15');
INSERT INTO collaborateur_equipe VALUES ('128', 'Autriche', '1');
INSERT INTO collaborateur_equipe VALUES ('129', 'Autriche', '1');
INSERT INTO joueur_equipe VALUES ('121', 'Autriche', '1', 'avant-centre', '0', 'Liverpool F.C.');
INSERT INTO joueur_equipe VALUES ('122', 'Autriche', '1', 'arriere lateraux', '7', 'Brazil nationnal');
INSERT INTO joueur_equipe VALUES ('123', 'Autriche', '1', 'millieu defensif', '20', 'Arsenal F.C.');
INSERT INTO joueur_equipe VALUES ('124', 'Autriche', '1', 'avant centre', '18', 'Manchester United F.C.');
INSERT INTO joueur_equipe VALUES ('125', 'Autriche', '1', 'millieu offensif', '38', 'Chelsea F.C.');
INSERT INTO joueur_equipe VALUES ('126', 'Autriche', '1', 'gardien de but', '51', 'Brazil nationnal');

 -- EQUIPE  + Association-- 

INSERT INTO equipe_foot VALUES ('Yougoslavie', '1', '137', '3');
INSERT INTO collaborateur_equipe VALUES ('138', 'Yougoslavie', '1');
INSERT INTO collaborateur_equipe VALUES ('139', 'Yougoslavie', '1');
INSERT INTO joueur_equipe VALUES ('131', 'Yougoslavie', '1', 'avant-centre', '0', 'Brazil nationnal');
INSERT INTO joueur_equipe VALUES ('132', 'Yougoslavie', '1', 'arriere lateraux', '7', 'Manchester United F.C.');
INSERT INTO joueur_equipe VALUES ('133', 'Yougoslavie', '1', 'millieu defensif', '16', 'Chelsea F.C.');
INSERT INTO joueur_equipe VALUES ('134', 'Yougoslavie', '1', 'avant centre', '24', 'Liverpool F.C.');
INSERT INTO joueur_equipe VALUES ('135', 'Yougoslavie', '1', 'millieu offensif', '24', 'Chelsea F.C.');
INSERT INTO joueur_equipe VALUES ('136', 'Yougoslavie', '1', 'gardien de but', '41', 'Chelsea F.C.');

 -- EQUIPE  + Association-- 

INSERT INTO equipe_foot VALUES ('Union sovietique', '1', '147', '12');
INSERT INTO collaborateur_equipe VALUES ('148', 'Union sovietique', '1');
INSERT INTO collaborateur_equipe VALUES ('149', 'Union sovietique', '1');
INSERT INTO joueur_equipe VALUES ('141', 'Union sovietique', '1', 'avant-centre', '1', 'Arsenal F.C.');
INSERT INTO joueur_equipe VALUES ('142', 'Union sovietique', '1', 'arriere lateraux', '6', 'France National');
INSERT INTO joueur_equipe VALUES ('143', 'Union sovietique', '1', 'millieu defensif', '19', 'Real Madrid');
INSERT INTO joueur_equipe VALUES ('144', 'Union sovietique', '1', 'avant centre', '28', 'F.C. Barcelona');
INSERT INTO joueur_equipe VALUES ('145', 'Union sovietique', '1', 'millieu offensif', '41', 'Brazil nationnal');
INSERT INTO joueur_equipe VALUES ('146', 'Union sovietique', '1', 'gardien de but', '36', 'Arsenal F.C.');

 -- EQUIPE  + Association-- 

INSERT INTO equipe_foot VALUES ('Tchecoslovaquie', '1', '157', '20');
INSERT INTO collaborateur_equipe VALUES ('158', 'Tchecoslovaquie', '1');
INSERT INTO collaborateur_equipe VALUES ('159', 'Tchecoslovaquie', '1');
INSERT INTO joueur_equipe VALUES ('151', 'Tchecoslovaquie', '1', 'avant-centre', '0', 'Brazil nationnal');
INSERT INTO joueur_equipe VALUES ('152', 'Tchecoslovaquie', '1', 'arriere lateraux', '9', 'FC Bayern');
INSERT INTO joueur_equipe VALUES ('153', 'Tchecoslovaquie', '1', 'millieu defensif', '12', 'France National');
INSERT INTO joueur_equipe VALUES ('154', 'Tchecoslovaquie', '1', 'avant centre', '23', 'France National');
INSERT INTO joueur_equipe VALUES ('155', 'Tchecoslovaquie', '1', 'millieu offensif', '37', 'Spain N.F.C.');
INSERT INTO joueur_equipe VALUES ('156', 'Tchecoslovaquie', '1', 'gardien de but', '47', 'France National');

 -- EQUIPE  + Association-- 

INSERT INTO equipe_foot VALUES ('Pologne', '1', '167', '6');
INSERT INTO collaborateur_equipe VALUES ('168', 'Pologne', '1');
INSERT INTO collaborateur_equipe VALUES ('169', 'Pologne', '1');
INSERT INTO joueur_equipe VALUES ('161', 'Pologne', '1', 'avant-centre', '1', 'Arsenal F.C.');
INSERT INTO joueur_equipe VALUES ('162', 'Pologne', '1', 'arriere lateraux', '8', 'Liverpool F.C.');
INSERT INTO joueur_equipe VALUES ('163', 'Pologne', '1', 'millieu defensif', '12', 'F.C. Barcelona');
INSERT INTO joueur_equipe VALUES ('164', 'Pologne', '1', 'avant centre', '26', 'Arsenal F.C.');
INSERT INTO joueur_equipe VALUES ('165', 'Pologne', '1', 'millieu offensif', '27', 'Chelsea F.C.');
INSERT INTO joueur_equipe VALUES ('166', 'Pologne', '1', 'gardien de but', '50', 'Chelsea F.C.');

 -- EQUIPE  + Association-- 

INSERT INTO equipe_foot VALUES ('Argentine', '1', '177', '7');
INSERT INTO collaborateur_equipe VALUES ('178', 'Argentine', '1');
INSERT INTO collaborateur_equipe VALUES ('179', 'Argentine', '1');
INSERT INTO joueur_equipe VALUES ('171', 'Argentine', '1', 'avant-centre', '1', 'Liverpool F.C.');
INSERT INTO joueur_equipe VALUES ('172', 'Argentine', '1', 'arriere lateraux', '8', 'Brazil nationnal');
INSERT INTO joueur_equipe VALUES ('173', 'Argentine', '1', 'millieu defensif', '18', 'Real Madrid');
INSERT INTO joueur_equipe VALUES ('174', 'Argentine', '1', 'avant centre', '27', 'Spain N.F.C.');
INSERT INTO joueur_equipe VALUES ('175', 'Argentine', '1', 'millieu offensif', '30', 'Spain N.F.C.');
INSERT INTO joueur_equipe VALUES ('176', 'Argentine', '1', 'gardien de but', '33', 'Liverpool F.C.');

 -- EQUIPE  + Association-- 

INSERT INTO equipe_foot VALUES ('Belgique', '1', '187', '9');
INSERT INTO collaborateur_equipe VALUES ('188', 'Belgique', '1');
INSERT INTO collaborateur_equipe VALUES ('189', 'Belgique', '1');
INSERT INTO joueur_equipe VALUES ('181', 'Belgique', '1', 'avant-centre', '1', 'Brazil nationnal');
INSERT INTO joueur_equipe VALUES ('182', 'Belgique', '1', 'arriere lateraux', '11', 'Chelsea F.C.');
INSERT INTO joueur_equipe VALUES ('183', 'Belgique', '1', 'millieu defensif', '18', 'AS Monaco');
INSERT INTO joueur_equipe VALUES ('184', 'Belgique', '1', 'avant centre', '20', 'Brazil nationnal');
INSERT INTO joueur_equipe VALUES ('185', 'Belgique', '1', 'millieu offensif', '31', 'Brazil nationnal');
INSERT INTO joueur_equipe VALUES ('186', 'Belgique', '1', 'gardien de but', '31', 'F.C. Barcelona');

 -- EQUIPE  + Association-- 

INSERT INTO equipe_foot VALUES ('Croatie', '1', '197', '25');
INSERT INTO collaborateur_equipe VALUES ('198', 'Croatie', '1');
INSERT INTO collaborateur_equipe VALUES ('199', 'Croatie', '1');
INSERT INTO joueur_equipe VALUES ('191', 'Croatie', '1', 'avant-centre', '1', 'Chelsea F.C.');
INSERT INTO joueur_equipe VALUES ('192', 'Croatie', '1', 'arriere lateraux', '7', 'Spain N.F.C.');
INSERT INTO joueur_equipe VALUES ('193', 'Croatie', '1', 'millieu defensif', '14', 'AS Monaco');
INSERT INTO joueur_equipe VALUES ('194', 'Croatie', '1', 'avant centre', '22', 'FC Bayern');
INSERT INTO joueur_equipe VALUES ('195', 'Croatie', '1', 'millieu offensif', '32', 'Olympique Lyonnais');
INSERT INTO joueur_equipe VALUES ('196', 'Croatie', '1', 'gardien de but', '38', 'Manchester United F.C.');

 -- EQUIPE  + Association-- 

INSERT INTO equipe_foot VALUES ('Pays-Bas', '1', '207', '19');
INSERT INTO collaborateur_equipe VALUES ('208', 'Pays-Bas', '1');
INSERT INTO collaborateur_equipe VALUES ('209', 'Pays-Bas', '1');
INSERT INTO joueur_equipe VALUES ('201', 'Pays-Bas', '1', 'avant-centre', '0', 'FC Bayern');
INSERT INTO joueur_equipe VALUES ('202', 'Pays-Bas', '1', 'arriere lateraux', '10', 'Manchester United F.C.');
INSERT INTO joueur_equipe VALUES ('203', 'Pays-Bas', '1', 'millieu defensif', '21', 'Manchester United F.C.');
INSERT INTO joueur_equipe VALUES ('204', 'Pays-Bas', '1', 'avant centre', '21', 'Manchester United F.C.');
INSERT INTO joueur_equipe VALUES ('205', 'Pays-Bas', '1', 'millieu offensif', '41', 'Brazil nationnal');
INSERT INTO joueur_equipe VALUES ('206', 'Pays-Bas', '1', 'gardien de but', '39', 'Real Madrid');

 -- EQUIPE  + Association-- 

INSERT INTO equipe_foot VALUES ('Coree du Sud', '1', '217', '26');
INSERT INTO collaborateur_equipe VALUES ('218', 'Coree du Sud', '1');
INSERT INTO collaborateur_equipe VALUES ('219', 'Coree du Sud', '1');
INSERT INTO joueur_equipe VALUES ('211', 'Coree du Sud', '1', 'avant-centre', '1', 'Brazil nationnal');
INSERT INTO joueur_equipe VALUES ('212', 'Coree du Sud', '1', 'arriere lateraux', '9', 'Chelsea F.C.');
INSERT INTO joueur_equipe VALUES ('213', 'Coree du Sud', '1', 'millieu defensif', '20', 'Spain N.F.C.');
INSERT INTO joueur_equipe VALUES ('214', 'Coree du Sud', '1', 'avant centre', '26', 'France National');
INSERT INTO joueur_equipe VALUES ('215', 'Coree du Sud', '1', 'millieu offensif', '29', 'Manchester United F.C.');
INSERT INTO joueur_equipe VALUES ('216', 'Coree du Sud', '1', 'gardien de but', '42', 'Liverpool F.C.');

 -- EQUIPE  + Association-- 

INSERT INTO equipe_foot VALUES ('Japon', '1', '227', '24');
INSERT INTO collaborateur_equipe VALUES ('228', 'Japon', '1');
INSERT INTO collaborateur_equipe VALUES ('229', 'Japon', '1');
INSERT INTO joueur_equipe VALUES ('221', 'Japon', '1', 'avant-centre', '0', 'Liverpool F.C.');
INSERT INTO joueur_equipe VALUES ('222', 'Japon', '1', 'arriere lateraux', '11', 'AS Monaco');
INSERT INTO joueur_equipe VALUES ('223', 'Japon', '1', 'millieu defensif', '20', 'Chelsea F.C.');
INSERT INTO joueur_equipe VALUES ('224', 'Japon', '1', 'avant centre', '28', 'Olympique Lyonnais');
INSERT INTO joueur_equipe VALUES ('225', 'Japon', '1', 'millieu offensif', '30', 'Liverpool F.C.');
INSERT INTO joueur_equipe VALUES ('226', 'Japon', '1', 'gardien de but', '44', 'Real Madrid');

 -- EQUIPE  + Association-- 

INSERT INTO equipe_foot VALUES ('Russie', '1', '237', '27');
INSERT INTO collaborateur_equipe VALUES ('238', 'Russie', '1');
INSERT INTO collaborateur_equipe VALUES ('239', 'Russie', '1');
INSERT INTO joueur_equipe VALUES ('231', 'Russie', '1', 'avant-centre', '1', 'F.C. Barcelona');
INSERT INTO joueur_equipe VALUES ('232', 'Russie', '1', 'arriere lateraux', '7', 'Chelsea F.C.');
INSERT INTO joueur_equipe VALUES ('233', 'Russie', '1', 'millieu defensif', '20', 'F.C. Barcelona');
INSERT INTO joueur_equipe VALUES ('234', 'Russie', '1', 'avant centre', '21', 'Real Madrid');
INSERT INTO joueur_equipe VALUES ('235', 'Russie', '1', 'millieu offensif', '24', 'France National');
INSERT INTO joueur_equipe VALUES ('236', 'Russie', '1', 'gardien de but', '41', 'Arsenal F.C.');

 -- EQUIPE  + Association-- 

INSERT INTO equipe_foot VALUES ('Maroque', '1', '247', '17');
INSERT INTO collaborateur_equipe VALUES ('248', 'Maroque', '1');
INSERT INTO collaborateur_equipe VALUES ('249', 'Maroque', '1');
INSERT INTO joueur_equipe VALUES ('241', 'Maroque', '1', 'avant-centre', '1', 'Chelsea F.C.');
INSERT INTO joueur_equipe VALUES ('242', 'Maroque', '1', 'arriere lateraux', '6', 'Liverpool F.C.');
INSERT INTO joueur_equipe VALUES ('243', 'Maroque', '1', 'millieu defensif', '13', 'Brazil nationnal');
INSERT INTO joueur_equipe VALUES ('244', 'Maroque', '1', 'avant centre', '24', 'FC Bayern');
INSERT INTO joueur_equipe VALUES ('245', 'Maroque', '1', 'millieu offensif', '31', 'FC Bayern');
INSERT INTO joueur_equipe VALUES ('246', 'Maroque', '1', 'gardien de but', '44', 'France National');

 -- EQUIPE  + Association-- 

INSERT INTO equipe_foot VALUES ('Egypt', '1', '257', '28');
INSERT INTO collaborateur_equipe VALUES ('258', 'Egypt', '1');
INSERT INTO collaborateur_equipe VALUES ('259', 'Egypt', '1');
INSERT INTO joueur_equipe VALUES ('251', 'Egypt', '1', 'avant-centre', '0', 'AS Monaco');
INSERT INTO joueur_equipe VALUES ('252', 'Egypt', '1', 'arriere lateraux', '9', 'Manchester United F.C.');
INSERT INTO joueur_equipe VALUES ('253', 'Egypt', '1', 'millieu defensif', '18', 'Manchester United F.C.');
INSERT INTO joueur_equipe VALUES ('254', 'Egypt', '1', 'avant centre', '22', 'FC Bayern');
INSERT INTO joueur_equipe VALUES ('255', 'Egypt', '1', 'millieu offensif', '28', 'Brazil nationnal');
INSERT INTO joueur_equipe VALUES ('256', 'Egypt', '1', 'gardien de but', '43', 'AS Monaco');

 -- EQUIPE  + Association-- 

INSERT INTO equipe_foot VALUES ('Grece', '1', '267', '4');
INSERT INTO collaborateur_equipe VALUES ('268', 'Grece', '1');
INSERT INTO collaborateur_equipe VALUES ('269', 'Grece', '1');
INSERT INTO joueur_equipe VALUES ('261', 'Grece', '1', 'avant-centre', '0', 'F.C. Barcelona');
INSERT INTO joueur_equipe VALUES ('262', 'Grece', '1', 'arriere lateraux', '6', 'FC Bayern');
INSERT INTO joueur_equipe VALUES ('263', 'Grece', '1', 'millieu defensif', '15', 'FC Bayern');
INSERT INTO joueur_equipe VALUES ('264', 'Grece', '1', 'avant centre', '24', 'Arsenal F.C.');
INSERT INTO joueur_equipe VALUES ('265', 'Grece', '1', 'millieu offensif', '26', 'Spain N.F.C.');
INSERT INTO joueur_equipe VALUES ('266', 'Grece', '1', 'gardien de but', '37', 'Liverpool F.C.');

 -- EQUIPE  + Association-- 

INSERT INTO equipe_foot VALUES ('Qatar', '1', '277', '8');
INSERT INTO collaborateur_equipe VALUES ('278', 'Qatar', '1');
INSERT INTO collaborateur_equipe VALUES ('279', 'Qatar', '1');
INSERT INTO joueur_equipe VALUES ('271', 'Qatar', '1', 'avant-centre', '0', 'France National');
INSERT INTO joueur_equipe VALUES ('272', 'Qatar', '1', 'arriere lateraux', '9', 'F.C. Barcelona');
INSERT INTO joueur_equipe VALUES ('273', 'Qatar', '1', 'millieu defensif', '20', 'France National');
INSERT INTO joueur_equipe VALUES ('274', 'Qatar', '1', 'avant centre', '24', 'Olympique Lyonnais');
INSERT INTO joueur_equipe VALUES ('275', 'Qatar', '1', 'millieu offensif', '33', 'Spain N.F.C.');
INSERT INTO joueur_equipe VALUES ('276', 'Qatar', '1', 'gardien de but', '30', 'Chelsea F.C.');

 -- EQUIPE  + Association-- 

INSERT INTO equipe_foot VALUES ('Etats-Unis', '1', '287', '23');
INSERT INTO collaborateur_equipe VALUES ('288', 'Etats-Unis', '1');
INSERT INTO collaborateur_equipe VALUES ('289', 'Etats-Unis', '1');
INSERT INTO joueur_equipe VALUES ('281', 'Etats-Unis', '1', 'avant-centre', '1', 'F.C. Barcelona');
INSERT INTO joueur_equipe VALUES ('282', 'Etats-Unis', '1', 'arriere lateraux', '6', 'Manchester United F.C.');
INSERT INTO joueur_equipe VALUES ('283', 'Etats-Unis', '1', 'millieu defensif', '18', 'Chelsea F.C.');
INSERT INTO joueur_equipe VALUES ('284', 'Etats-Unis', '1', 'avant centre', '27', 'Olympique Lyonnais');
INSERT INTO joueur_equipe VALUES ('285', 'Etats-Unis', '1', 'millieu offensif', '41', 'AS Monaco');
INSERT INTO joueur_equipe VALUES ('286', 'Etats-Unis', '1', 'gardien de but', '35', 'Manchester United F.C.');

 -- EQUIPE  + Association-- 

INSERT INTO equipe_foot VALUES ('Turquie', '1', '297', '18');
INSERT INTO collaborateur_equipe VALUES ('298', 'Turquie', '1');
INSERT INTO collaborateur_equipe VALUES ('299', 'Turquie', '1');
INSERT INTO joueur_equipe VALUES ('291', 'Turquie', '1', 'avant-centre', '1', 'Spain N.F.C.');
INSERT INTO joueur_equipe VALUES ('292', 'Turquie', '1', 'arriere lateraux', '7', 'Arsenal F.C.');
INSERT INTO joueur_equipe VALUES ('293', 'Turquie', '1', 'millieu defensif', '15', 'Manchester United F.C.');
INSERT INTO joueur_equipe VALUES ('294', 'Turquie', '1', 'avant centre', '29', 'Olympique Lyonnais');
INSERT INTO joueur_equipe VALUES ('295', 'Turquie', '1', 'millieu offensif', '37', 'Chelsea F.C.');
INSERT INTO joueur_equipe VALUES ('296', 'Turquie', '1', 'gardien de but', '48', 'Olympique Lyonnais');

 -- Stade -- 
INSERT INTO stade VALUES ('Rocket Center', 'Hillford', '42000', 'Uruguay', '1928');

 -- Match -- 

INSERT INTO match_foot VALUES ('1998-06-10', 'Uruguay', 'Allemagne', 'Final', '5', '4', '1', 'Rocket Center', 'Hillford');

 -- Arbitre du Match -- 

INSERT INTO arbitre_match VALUES ('90', 'Uruguay', 'Allemagne', 'Principal', '1998-06-10');
INSERT INTO arbitre_match VALUES ('130', 'Uruguay', 'Allemagne', 'Assistant', '1998-06-10');
INSERT INTO arbitre_match VALUES ('170', 'Uruguay', 'Allemagne', 'Assistant', '1998-06-10');
INSERT INTO arbitre_match VALUES ('250', 'Uruguay', 'Allemagne', 'Assistant', '1998-06-10');

 -- Sanction du match -- 

INSERT INTO sanction (joueur_id, arbitre_id, nation_equipe_1, nation_equipe_2, match_date, couleur) VALUES ('11', '90', 'Uruguay', 'Allemagne', '1998-06-10', 'Rouge');

 -- Sanction du match -- 

INSERT INTO sanction (joueur_id, arbitre_id, nation_equipe_1, nation_equipe_2, match_date, couleur) VALUES ('12', '90', 'Uruguay', 'Allemagne', '1998-06-10', 'Jaune');

 -- Match -- 

INSERT INTO match_foot VALUES ('1998-06-10', 'Italie', 'Portugal', 'Play-off 3e place', '2', '5', '1', 'Rocket Center', 'Hillford');

 -- Arbitre du Match -- 

INSERT INTO arbitre_match VALUES ('70', 'Italie', 'Portugal', 'Principal', '1998-06-10');
INSERT INTO arbitre_match VALUES ('130', 'Italie', 'Portugal', 'Assistant', '1998-06-10');
INSERT INTO arbitre_match VALUES ('180', 'Italie', 'Portugal', 'Assistant', '1998-06-10');
INSERT INTO arbitre_match VALUES ('250', 'Italie', 'Portugal', 'Assistant', '1998-06-10');

 -- Sanction du match -- 

INSERT INTO sanction (joueur_id, arbitre_id, nation_equipe_1, nation_equipe_2, match_date, couleur) VALUES ('26', '70', 'Italie', 'Portugal', '1998-06-10', 'Jaune');

 -- Match -- 

INSERT INTO match_foot VALUES ('1998-06-10', 'France', 'Autriche', 'Ronde de 16', '3', '2', '1', 'Rocket Center', 'Hillford');

 -- Arbitre du Match -- 

INSERT INTO arbitre_match VALUES ('80', 'France', 'Autriche', 'Principal', '1998-06-10');
INSERT INTO arbitre_match VALUES ('130', 'France', 'Autriche', 'Assistant', '1998-06-10');
INSERT INTO arbitre_match VALUES ('200', 'France', 'Autriche', 'Assistant', '1998-06-10');
INSERT INTO arbitre_match VALUES ('240', 'France', 'Autriche', 'Assistant', '1998-06-10');

 -- Sanction du match -- 

INSERT INTO sanction (joueur_id, arbitre_id, nation_equipe_1, nation_equipe_2, match_date, couleur) VALUES ('36', '80', 'France', 'Autriche', '1998-06-10', 'Jaune');

 -- Sanction du match -- 

INSERT INTO sanction (joueur_id, arbitre_id, nation_equipe_1, nation_equipe_2, match_date, couleur) VALUES ('31', '80', 'France', 'Autriche', '1998-06-10', 'Rouge');

 -- Match -- 

INSERT INTO match_foot VALUES ('1998-06-10', 'Canada', 'Yougoslavie', 'Final', '5', '2', '1', 'Rocket Center', 'Hillford');

 -- Arbitre du Match -- 

INSERT INTO arbitre_match VALUES ('80', 'Canada', 'Yougoslavie', 'Principal', '1998-06-10');
INSERT INTO arbitre_match VALUES ('120', 'Canada', 'Yougoslavie', 'Assistant', '1998-06-10');
INSERT INTO arbitre_match VALUES ('200', 'Canada', 'Yougoslavie', 'Assistant', '1998-06-10');
INSERT INTO arbitre_match VALUES ('230', 'Canada', 'Yougoslavie', 'Assistant', '1998-06-10');

 -- Match -- 

INSERT INTO match_foot VALUES ('1998-06-10', 'Bresil', 'Union sovietique', 'Ronde de 16', '2', '0', '1', 'Rocket Center', 'Hillford');

 -- Arbitre du Match -- 

INSERT INTO arbitre_match VALUES ('70', 'Bresil', 'Union sovietique', 'Principal', '1998-06-10');
INSERT INTO arbitre_match VALUES ('120', 'Bresil', 'Union sovietique', 'Assistant', '1998-06-10');
INSERT INTO arbitre_match VALUES ('180', 'Bresil', 'Union sovietique', 'Assistant', '1998-06-10');
INSERT INTO arbitre_match VALUES ('240', 'Bresil', 'Union sovietique', 'Assistant', '1998-06-10');

 -- Sanction du match -- 

INSERT INTO sanction (joueur_id, arbitre_id, nation_equipe_1, nation_equipe_2, match_date, couleur) VALUES ('52', '70', 'Bresil', 'Union sovietique', '1998-06-10', 'Rouge');

 -- Sanction du match -- 

INSERT INTO sanction (joueur_id, arbitre_id, nation_equipe_1, nation_equipe_2, match_date, couleur) VALUES ('56', '70', 'Bresil', 'Union sovietique', '1998-06-10', 'Jaune');

 -- Match -- 

INSERT INTO match_foot VALUES ('1998-06-10', 'Suisse', 'Tchecoslovaquie', 'Semi-final', '3', '5', '1', 'Rocket Center', 'Hillford');

 -- Arbitre du Match -- 

INSERT INTO arbitre_match VALUES ('100', 'Suisse', 'Tchecoslovaquie', 'Principal', '1998-06-10');
INSERT INTO arbitre_match VALUES ('120', 'Suisse', 'Tchecoslovaquie', 'Assistant', '1998-06-10');
INSERT INTO arbitre_match VALUES ('190', 'Suisse', 'Tchecoslovaquie', 'Assistant', '1998-06-10');
INSERT INTO arbitre_match VALUES ('220', 'Suisse', 'Tchecoslovaquie', 'Assistant', '1998-06-10');

 -- Match -- 

INSERT INTO match_foot VALUES ('1998-06-10', 'Suede', 'Pologne', 'Play-off 3e place', '1', '0', '1', 'Rocket Center', 'Hillford');

 -- Arbitre du Match -- 

INSERT INTO arbitre_match VALUES ('100', 'Suede', 'Pologne', 'Principal', '1998-06-10');
INSERT INTO arbitre_match VALUES ('120', 'Suede', 'Pologne', 'Assistant', '1998-06-10');
INSERT INTO arbitre_match VALUES ('170', 'Suede', 'Pologne', 'Assistant', '1998-06-10');
INSERT INTO arbitre_match VALUES ('210', 'Suede', 'Pologne', 'Assistant', '1998-06-10');

 -- Match -- 

INSERT INTO match_foot VALUES ('1998-06-10', 'Chili', 'Argentine', 'Play-off 3e place', '2', '5', '1', 'Rocket Center', 'Hillford');

 -- Arbitre du Match -- 

INSERT INTO arbitre_match VALUES ('60', 'Chili', 'Argentine', 'Principal', '1998-06-10');
INSERT INTO arbitre_match VALUES ('110', 'Chili', 'Argentine', 'Assistant', '1998-06-10');
INSERT INTO arbitre_match VALUES ('200', 'Chili', 'Argentine', 'Assistant', '1998-06-10');
INSERT INTO arbitre_match VALUES ('210', 'Chili', 'Argentine', 'Assistant', '1998-06-10');

 -- Sanction du match -- 

INSERT INTO sanction (joueur_id, arbitre_id, nation_equipe_1, nation_equipe_2, match_date, couleur) VALUES ('84', '60', 'Chili', 'Argentine', '1998-06-10', 'Jaune');

 -- Sanction du match -- 

INSERT INTO sanction (joueur_id, arbitre_id, nation_equipe_1, nation_equipe_2, match_date, couleur) VALUES ('86', '60', 'Chili', 'Argentine', '1998-06-10', 'Rouge');

 -- Match -- 

INSERT INTO match_foot VALUES ('1998-06-10', 'Angleterre', 'Belgique', 'Play-off 3e place', '2', '5', '1', 'Rocket Center', 'Hillford');

 -- Arbitre du Match -- 

INSERT INTO arbitre_match VALUES ('90', 'Angleterre', 'Belgique', 'Principal', '1998-06-10');
INSERT INTO arbitre_match VALUES ('150', 'Angleterre', 'Belgique', 'Assistant', '1998-06-10');
INSERT INTO arbitre_match VALUES ('180', 'Angleterre', 'Belgique', 'Assistant', '1998-06-10');
INSERT INTO arbitre_match VALUES ('240', 'Angleterre', 'Belgique', 'Assistant', '1998-06-10');

 -- Sanction du match -- 

INSERT INTO sanction (joueur_id, arbitre_id, nation_equipe_1, nation_equipe_2, match_date, couleur) VALUES ('95', '90', 'Angleterre', 'Belgique', '1998-06-10', 'Jaune');

 -- Match -- 

INSERT INTO match_foot VALUES ('1998-06-10', 'Mexique', 'Croatie', 'Ronde de 16', '4', '0', '1', 'Rocket Center', 'Hillford');

 -- Arbitre du Match -- 

INSERT INTO arbitre_match VALUES ('70', 'Mexique', 'Croatie', 'Principal', '1998-06-10');
INSERT INTO arbitre_match VALUES ('130', 'Mexique', 'Croatie', 'Assistant', '1998-06-10');
INSERT INTO arbitre_match VALUES ('200', 'Mexique', 'Croatie', 'Assistant', '1998-06-10');
INSERT INTO arbitre_match VALUES ('230', 'Mexique', 'Croatie', 'Assistant', '1998-06-10');

 -- Sanction du match -- 

INSERT INTO sanction (joueur_id, arbitre_id, nation_equipe_1, nation_equipe_2, match_date, couleur) VALUES ('104', '70', 'Mexique', 'Croatie', '1998-06-10', 'Rouge');

 -- Sanction du match -- 

INSERT INTO sanction (joueur_id, arbitre_id, nation_equipe_1, nation_equipe_2, match_date, couleur) VALUES ('104', '70', 'Mexique', 'Croatie', '1998-06-10', 'Jaune');

 -- Sanction du match -- 

INSERT INTO sanction (joueur_id, arbitre_id, nation_equipe_1, nation_equipe_2, match_date, couleur) VALUES ('105', '70', 'Mexique', 'Croatie', '1998-06-10', 'Rouge');


  -- Coupe Du Monde  --- 
INSERT INTO coupe_du_monde VALUES ('2', '2002-05-31', '2002-06-30');
INSERT INTO pays_coupe VALUES ('Italie', '2');


 -- EQUIPE  + Association-- 

INSERT INTO equipe_foot VALUES ('Uruguay', '2', '7', '15');
INSERT INTO collaborateur_equipe VALUES ('8', 'Uruguay', '2');
INSERT INTO collaborateur_equipe VALUES ('9', 'Uruguay', '2');
INSERT INTO joueur_equipe VALUES ('1', 'Uruguay', '2', 'avant-centre', '0', 'Brazil nationnal');
INSERT INTO joueur_equipe VALUES ('2', 'Uruguay', '2', 'arriere lateraux', '6', 'F.C. Barcelona');
INSERT INTO joueur_equipe VALUES ('3', 'Uruguay', '2', 'millieu defensif', '15', 'Olympique Lyonnais');
INSERT INTO joueur_equipe VALUES ('4', 'Uruguay', '2', 'avant centre', '30', 'Brazil nationnal');
INSERT INTO joueur_equipe VALUES ('5', 'Uruguay', '2', 'millieu offensif', '38', 'Real Madrid');
INSERT INTO joueur_equipe VALUES ('6', 'Uruguay', '2', 'gardien de but', '37', 'Olympique Lyonnais');

 -- EQUIPE  + Association-- 

INSERT INTO equipe_foot VALUES ('Italie', '2', '17', '12');
INSERT INTO collaborateur_equipe VALUES ('18', 'Italie', '2');
INSERT INTO collaborateur_equipe VALUES ('19', 'Italie', '2');
INSERT INTO joueur_equipe VALUES ('11', 'Italie', '2', 'avant-centre', '1', 'Olympique Lyonnais');
INSERT INTO joueur_equipe VALUES ('12', 'Italie', '2', 'arriere lateraux', '6', 'Spain N.F.C.');
INSERT INTO joueur_equipe VALUES ('13', 'Italie', '2', 'millieu defensif', '16', 'Manchester United F.C.');
INSERT INTO joueur_equipe VALUES ('14', 'Italie', '2', 'avant centre', '27', 'Real Madrid');
INSERT INTO joueur_equipe VALUES ('15', 'Italie', '2', 'millieu offensif', '40', 'FC Bayern');
INSERT INTO joueur_equipe VALUES ('16', 'Italie', '2', 'gardien de but', '37', 'Manchester United F.C.');

 -- EQUIPE  + Association-- 

INSERT INTO equipe_foot VALUES ('France', '2', '27', '17');
INSERT INTO collaborateur_equipe VALUES ('28', 'France', '2');
INSERT INTO collaborateur_equipe VALUES ('29', 'France', '2');
INSERT INTO joueur_equipe VALUES ('21', 'France', '2', 'avant-centre', '1', 'Chelsea F.C.');
INSERT INTO joueur_equipe VALUES ('22', 'France', '2', 'arriere lateraux', '11', 'France National');
INSERT INTO joueur_equipe VALUES ('23', 'France', '2', 'millieu defensif', '15', 'Chelsea F.C.');
INSERT INTO joueur_equipe VALUES ('24', 'France', '2', 'avant centre', '30', 'Chelsea F.C.');
INSERT INTO joueur_equipe VALUES ('25', 'France', '2', 'millieu offensif', '24', 'Olympique Lyonnais');
INSERT INTO joueur_equipe VALUES ('26', 'France', '2', 'gardien de but', '41', 'Real Madrid');

 -- EQUIPE  + Association-- 

INSERT INTO equipe_foot VALUES ('Canada', '2', '37', '16');
INSERT INTO collaborateur_equipe VALUES ('38', 'Canada', '2');
INSERT INTO collaborateur_equipe VALUES ('39', 'Canada', '2');
INSERT INTO joueur_equipe VALUES ('31', 'Canada', '2', 'avant-centre', '0', 'AS Monaco');
INSERT INTO joueur_equipe VALUES ('32', 'Canada', '2', 'arriere lateraux', '8', 'FC Bayern');
INSERT INTO joueur_equipe VALUES ('33', 'Canada', '2', 'millieu defensif', '12', 'Arsenal F.C.');
INSERT INTO joueur_equipe VALUES ('34', 'Canada', '2', 'avant centre', '24', 'France National');
INSERT INTO joueur_equipe VALUES ('35', 'Canada', '2', 'millieu offensif', '30', 'Chelsea F.C.');
INSERT INTO joueur_equipe VALUES ('36', 'Canada', '2', 'gardien de but', '41', 'Arsenal F.C.');

 -- EQUIPE  + Association-- 

INSERT INTO equipe_foot VALUES ('Bresil', '2', '47', '11');
INSERT INTO collaborateur_equipe VALUES ('48', 'Bresil', '2');
INSERT INTO collaborateur_equipe VALUES ('49', 'Bresil', '2');
INSERT INTO joueur_equipe VALUES ('41', 'Bresil', '2', 'avant-centre', '1', 'Spain N.F.C.');
INSERT INTO joueur_equipe VALUES ('42', 'Bresil', '2', 'arriere lateraux', '8', 'France National');
INSERT INTO joueur_equipe VALUES ('43', 'Bresil', '2', 'millieu defensif', '18', 'Manchester United F.C.');
INSERT INTO joueur_equipe VALUES ('44', 'Bresil', '2', 'avant centre', '31', 'Real Madrid');
INSERT INTO joueur_equipe VALUES ('45', 'Bresil', '2', 'millieu offensif', '25', 'Spain N.F.C.');
INSERT INTO joueur_equipe VALUES ('46', 'Bresil', '2', 'gardien de but', '48', 'Brazil nationnal');

 -- EQUIPE  + Association-- 

INSERT INTO equipe_foot VALUES ('Suisse', '2', '57', '19');
INSERT INTO collaborateur_equipe VALUES ('58', 'Suisse', '2');
INSERT INTO collaborateur_equipe VALUES ('59', 'Suisse', '2');
INSERT INTO joueur_equipe VALUES ('51', 'Suisse', '2', 'avant-centre', '1', 'FC Bayern');
INSERT INTO joueur_equipe VALUES ('52', 'Suisse', '2', 'arriere lateraux', '6', 'Chelsea F.C.');
INSERT INTO joueur_equipe VALUES ('53', 'Suisse', '2', 'millieu defensif', '21', 'Liverpool F.C.');
INSERT INTO joueur_equipe VALUES ('54', 'Suisse', '2', 'avant centre', '18', 'FC Bayern');
INSERT INTO joueur_equipe VALUES ('55', 'Suisse', '2', 'millieu offensif', '27', 'Spain N.F.C.');
INSERT INTO joueur_equipe VALUES ('56', 'Suisse', '2', 'gardien de but', '35', 'Real Madrid');

 -- EQUIPE  + Association-- 

INSERT INTO equipe_foot VALUES ('Suede', '2', '67', '6');
INSERT INTO collaborateur_equipe VALUES ('68', 'Suede', '2');
INSERT INTO collaborateur_equipe VALUES ('69', 'Suede', '2');
INSERT INTO joueur_equipe VALUES ('61', 'Suede', '2', 'avant-centre', '0', 'Brazil nationnal');
INSERT INTO joueur_equipe VALUES ('62', 'Suede', '2', 'arriere lateraux', '10', 'Chelsea F.C.');
INSERT INTO joueur_equipe VALUES ('63', 'Suede', '2', 'millieu defensif', '13', 'Manchester United F.C.');
INSERT INTO joueur_equipe VALUES ('64', 'Suede', '2', 'avant centre', '26', 'Chelsea F.C.');
INSERT INTO joueur_equipe VALUES ('65', 'Suede', '2', 'millieu offensif', '37', 'Arsenal F.C.');
INSERT INTO joueur_equipe VALUES ('66', 'Suede', '2', 'gardien de but', '36', 'Chelsea F.C.');

 -- EQUIPE  + Association-- 

INSERT INTO equipe_foot VALUES ('Chili', '2', '77', '23');
INSERT INTO collaborateur_equipe VALUES ('78', 'Chili', '2');
INSERT INTO collaborateur_equipe VALUES ('79', 'Chili', '2');
INSERT INTO joueur_equipe VALUES ('71', 'Chili', '2', 'avant-centre', '1', 'Spain N.F.C.');
INSERT INTO joueur_equipe VALUES ('72', 'Chili', '2', 'arriere lateraux', '6', 'Olympique Lyonnais');
INSERT INTO joueur_equipe VALUES ('73', 'Chili', '2', 'millieu defensif', '18', 'France National');
INSERT INTO joueur_equipe VALUES ('74', 'Chili', '2', 'avant centre', '18', 'Olympique Lyonnais');
INSERT INTO joueur_equipe VALUES ('75', 'Chili', '2', 'millieu offensif', '32', 'Olympique Lyonnais');
INSERT INTO joueur_equipe VALUES ('76', 'Chili', '2', 'gardien de but', '44', 'Arsenal F.C.');

 -- EQUIPE  + Association-- 

INSERT INTO equipe_foot VALUES ('Angleterre', '2', '87', '9');
INSERT INTO collaborateur_equipe VALUES ('88', 'Angleterre', '2');
INSERT INTO collaborateur_equipe VALUES ('89', 'Angleterre', '2');
INSERT INTO joueur_equipe VALUES ('81', 'Angleterre', '2', 'avant-centre', '1', 'Chelsea F.C.');
INSERT INTO joueur_equipe VALUES ('82', 'Angleterre', '2', 'arriere lateraux', '11', 'Arsenal F.C.');
INSERT INTO joueur_equipe VALUES ('83', 'Angleterre', '2', 'millieu defensif', '13', 'F.C. Barcelona');
INSERT INTO joueur_equipe VALUES ('84', 'Angleterre', '2', 'avant centre', '28', 'Arsenal F.C.');
INSERT INTO joueur_equipe VALUES ('85', 'Angleterre', '2', 'millieu offensif', '41', 'FC Bayern');
INSERT INTO joueur_equipe VALUES ('86', 'Angleterre', '2', 'gardien de but', '50', 'Manchester United F.C.');

 -- EQUIPE  + Association-- 

INSERT INTO equipe_foot VALUES ('Mexique', '2', '97', '29');
INSERT INTO collaborateur_equipe VALUES ('98', 'Mexique', '2');
INSERT INTO collaborateur_equipe VALUES ('99', 'Mexique', '2');
INSERT INTO joueur_equipe VALUES ('91', 'Mexique', '2', 'avant-centre', '1', 'FC Bayern');
INSERT INTO joueur_equipe VALUES ('92', 'Mexique', '2', 'arriere lateraux', '7', 'Manchester United F.C.');
INSERT INTO joueur_equipe VALUES ('93', 'Mexique', '2', 'millieu defensif', '15', 'FC Bayern');
INSERT INTO joueur_equipe VALUES ('94', 'Mexique', '2', 'avant centre', '18', 'F.C. Barcelona');
INSERT INTO joueur_equipe VALUES ('95', 'Mexique', '2', 'millieu offensif', '36', 'Liverpool F.C.');
INSERT INTO joueur_equipe VALUES ('96', 'Mexique', '2', 'gardien de but', '37', 'Chelsea F.C.');

 -- EQUIPE  + Association-- 

INSERT INTO equipe_foot VALUES ('Allemagne', '2', '107', '30');
INSERT INTO collaborateur_equipe VALUES ('108', 'Allemagne', '2');
INSERT INTO collaborateur_equipe VALUES ('109', 'Allemagne', '2');
INSERT INTO joueur_equipe VALUES ('101', 'Allemagne', '2', 'avant-centre', '0', 'Arsenal F.C.');
INSERT INTO joueur_equipe VALUES ('102', 'Allemagne', '2', 'arriere lateraux', '6', 'AS Monaco');
INSERT INTO joueur_equipe VALUES ('103', 'Allemagne', '2', 'millieu defensif', '18', 'Brazil nationnal');
INSERT INTO joueur_equipe VALUES ('104', 'Allemagne', '2', 'avant centre', '23', 'Chelsea F.C.');
INSERT INTO joueur_equipe VALUES ('105', 'Allemagne', '2', 'millieu offensif', '40', 'Brazil nationnal');
INSERT INTO joueur_equipe VALUES ('106', 'Allemagne', '2', 'gardien de but', '35', 'France National');

 -- EQUIPE  + Association-- 

INSERT INTO equipe_foot VALUES ('Portugal', '2', '117', '24');
INSERT INTO collaborateur_equipe VALUES ('118', 'Portugal', '2');
INSERT INTO collaborateur_equipe VALUES ('119', 'Portugal', '2');
INSERT INTO joueur_equipe VALUES ('111', 'Portugal', '2', 'avant-centre', '1', 'Olympique Lyonnais');
INSERT INTO joueur_equipe VALUES ('112', 'Portugal', '2', 'arriere lateraux', '6', 'Manchester United F.C.');
INSERT INTO joueur_equipe VALUES ('113', 'Portugal', '2', 'millieu defensif', '12', 'Liverpool F.C.');
INSERT INTO joueur_equipe VALUES ('114', 'Portugal', '2', 'avant centre', '28', 'France National');
INSERT INTO joueur_equipe VALUES ('115', 'Portugal', '2', 'millieu offensif', '28', 'Chelsea F.C.');
INSERT INTO joueur_equipe VALUES ('116', 'Portugal', '2', 'gardien de but', '46', 'Brazil nationnal');

 -- EQUIPE  + Association-- 

INSERT INTO equipe_foot VALUES ('Autriche', '2', '127', '5');
INSERT INTO collaborateur_equipe VALUES ('128', 'Autriche', '2');
INSERT INTO collaborateur_equipe VALUES ('129', 'Autriche', '2');
INSERT INTO joueur_equipe VALUES ('121', 'Autriche', '2', 'avant-centre', '0', 'Brazil nationnal');
INSERT INTO joueur_equipe VALUES ('122', 'Autriche', '2', 'arriere lateraux', '10', 'Chelsea F.C.');
INSERT INTO joueur_equipe VALUES ('123', 'Autriche', '2', 'millieu defensif', '15', 'FC Bayern');
INSERT INTO joueur_equipe VALUES ('124', 'Autriche', '2', 'avant centre', '29', 'AS Monaco');
INSERT INTO joueur_equipe VALUES ('125', 'Autriche', '2', 'millieu offensif', '35', 'Manchester United F.C.');
INSERT INTO joueur_equipe VALUES ('126', 'Autriche', '2', 'gardien de but', '38', 'Real Madrid');

 -- EQUIPE  + Association-- 

INSERT INTO equipe_foot VALUES ('Yougoslavie', '2', '137', '28');
INSERT INTO collaborateur_equipe VALUES ('138', 'Yougoslavie', '2');
INSERT INTO collaborateur_equipe VALUES ('139', 'Yougoslavie', '2');
INSERT INTO joueur_equipe VALUES ('131', 'Yougoslavie', '2', 'avant-centre', '0', 'France National');
INSERT INTO joueur_equipe VALUES ('132', 'Yougoslavie', '2', 'arriere lateraux', '6', 'Chelsea F.C.');
INSERT INTO joueur_equipe VALUES ('133', 'Yougoslavie', '2', 'millieu defensif', '14', 'Brazil nationnal');
INSERT INTO joueur_equipe VALUES ('134', 'Yougoslavie', '2', 'avant centre', '28', 'Spain N.F.C.');
INSERT INTO joueur_equipe VALUES ('135', 'Yougoslavie', '2', 'millieu offensif', '25', 'Liverpool F.C.');
INSERT INTO joueur_equipe VALUES ('136', 'Yougoslavie', '2', 'gardien de but', '46', 'AS Monaco');

 -- EQUIPE  + Association-- 

INSERT INTO equipe_foot VALUES ('Union sovietique', '2', '147', '13');
INSERT INTO collaborateur_equipe VALUES ('148', 'Union sovietique', '2');
INSERT INTO collaborateur_equipe VALUES ('149', 'Union sovietique', '2');
INSERT INTO joueur_equipe VALUES ('141', 'Union sovietique', '2', 'avant-centre', '0', 'Arsenal F.C.');
INSERT INTO joueur_equipe VALUES ('142', 'Union sovietique', '2', 'arriere lateraux', '6', 'Spain N.F.C.');
INSERT INTO joueur_equipe VALUES ('143', 'Union sovietique', '2', 'millieu defensif', '21', 'France National');
INSERT INTO joueur_equipe VALUES ('144', 'Union sovietique', '2', 'avant centre', '31', 'Liverpool F.C.');
INSERT INTO joueur_equipe VALUES ('145', 'Union sovietique', '2', 'millieu offensif', '34', 'Brazil nationnal');
INSERT INTO joueur_equipe VALUES ('146', 'Union sovietique', '2', 'gardien de but', '30', 'Olympique Lyonnais');

 -- EQUIPE  + Association-- 

INSERT INTO equipe_foot VALUES ('Tchecoslovaquie', '2', '157', '26');
INSERT INTO collaborateur_equipe VALUES ('158', 'Tchecoslovaquie', '2');
INSERT INTO collaborateur_equipe VALUES ('159', 'Tchecoslovaquie', '2');
INSERT INTO joueur_equipe VALUES ('151', 'Tchecoslovaquie', '2', 'avant-centre', '0', 'FC Bayern');
INSERT INTO joueur_equipe VALUES ('152', 'Tchecoslovaquie', '2', 'arriere lateraux', '10', 'Brazil nationnal');
INSERT INTO joueur_equipe VALUES ('153', 'Tchecoslovaquie', '2', 'millieu defensif', '21', 'Brazil nationnal');
INSERT INTO joueur_equipe VALUES ('154', 'Tchecoslovaquie', '2', 'avant centre', '23', 'F.C. Barcelona');
INSERT INTO joueur_equipe VALUES ('155', 'Tchecoslovaquie', '2', 'millieu offensif', '36', 'Brazil nationnal');
INSERT INTO joueur_equipe VALUES ('156', 'Tchecoslovaquie', '2', 'gardien de but', '43', 'Spain N.F.C.');

 -- EQUIPE  + Association-- 

INSERT INTO equipe_foot VALUES ('Pologne', '2', '167', '14');
INSERT INTO collaborateur_equipe VALUES ('168', 'Pologne', '2');
INSERT INTO collaborateur_equipe VALUES ('169', 'Pologne', '2');
INSERT INTO joueur_equipe VALUES ('161', 'Pologne', '2', 'avant-centre', '1', 'FC Bayern');
INSERT INTO joueur_equipe VALUES ('162', 'Pologne', '2', 'arriere lateraux', '6', 'Manchester United F.C.');
INSERT INTO joueur_equipe VALUES ('163', 'Pologne', '2', 'millieu defensif', '18', 'Chelsea F.C.');
INSERT INTO joueur_equipe VALUES ('164', 'Pologne', '2', 'avant centre', '23', 'Real Madrid');
INSERT INTO joueur_equipe VALUES ('165', 'Pologne', '2', 'millieu offensif', '37', 'Real Madrid');
INSERT INTO joueur_equipe VALUES ('166', 'Pologne', '2', 'gardien de but', '37', 'Real Madrid');

 -- EQUIPE  + Association-- 

INSERT INTO equipe_foot VALUES ('Argentine', '2', '177', '21');
INSERT INTO collaborateur_equipe VALUES ('178', 'Argentine', '2');
INSERT INTO collaborateur_equipe VALUES ('179', 'Argentine', '2');
INSERT INTO joueur_equipe VALUES ('171', 'Argentine', '2', 'avant-centre', '0', 'France National');
INSERT INTO joueur_equipe VALUES ('172', 'Argentine', '2', 'arriere lateraux', '6', 'Real Madrid');
INSERT INTO joueur_equipe VALUES ('173', 'Argentine', '2', 'millieu defensif', '19', 'Spain N.F.C.');
INSERT INTO joueur_equipe VALUES ('174', 'Argentine', '2', 'avant centre', '25', 'Manchester United F.C.');
INSERT INTO joueur_equipe VALUES ('175', 'Argentine', '2', 'millieu offensif', '36', 'Liverpool F.C.');
INSERT INTO joueur_equipe VALUES ('176', 'Argentine', '2', 'gardien de but', '31', 'Chelsea F.C.');

 -- EQUIPE  + Association-- 

INSERT INTO equipe_foot VALUES ('Belgique', '2', '187', '18');
INSERT INTO collaborateur_equipe VALUES ('188', 'Belgique', '2');
INSERT INTO collaborateur_equipe VALUES ('189', 'Belgique', '2');
INSERT INTO joueur_equipe VALUES ('181', 'Belgique', '2', 'avant-centre', '0', 'Spain N.F.C.');
INSERT INTO joueur_equipe VALUES ('182', 'Belgique', '2', 'arriere lateraux', '6', 'Real Madrid');
INSERT INTO joueur_equipe VALUES ('183', 'Belgique', '2', 'millieu defensif', '15', 'Brazil nationnal');
INSERT INTO joueur_equipe VALUES ('184', 'Belgique', '2', 'avant centre', '27', 'FC Bayern');
INSERT INTO joueur_equipe VALUES ('185', 'Belgique', '2', 'millieu offensif', '30', 'Real Madrid');
INSERT INTO joueur_equipe VALUES ('186', 'Belgique', '2', 'gardien de but', '43', 'Arsenal F.C.');

 -- EQUIPE  + Association-- 

INSERT INTO equipe_foot VALUES ('Croatie', '2', '197', '3');
INSERT INTO collaborateur_equipe VALUES ('198', 'Croatie', '2');
INSERT INTO collaborateur_equipe VALUES ('199', 'Croatie', '2');
INSERT INTO joueur_equipe VALUES ('191', 'Croatie', '2', 'avant-centre', '1', 'AS Monaco');
INSERT INTO joueur_equipe VALUES ('192', 'Croatie', '2', 'arriere lateraux', '9', 'Brazil nationnal');
INSERT INTO joueur_equipe VALUES ('193', 'Croatie', '2', 'millieu defensif', '18', 'AS Monaco');
INSERT INTO joueur_equipe VALUES ('194', 'Croatie', '2', 'avant centre', '21', 'F.C. Barcelona');
INSERT INTO joueur_equipe VALUES ('195', 'Croatie', '2', 'millieu offensif', '36', 'AS Monaco');
INSERT INTO joueur_equipe VALUES ('196', 'Croatie', '2', 'gardien de but', '33', 'Manchester United F.C.');

 -- EQUIPE  + Association-- 

INSERT INTO equipe_foot VALUES ('Pays-Bas', '2', '207', '27');
INSERT INTO collaborateur_equipe VALUES ('208', 'Pays-Bas', '2');
INSERT INTO collaborateur_equipe VALUES ('209', 'Pays-Bas', '2');
INSERT INTO joueur_equipe VALUES ('201', 'Pays-Bas', '2', 'avant-centre', '1', 'Arsenal F.C.');
INSERT INTO joueur_equipe VALUES ('202', 'Pays-Bas', '2', 'arriere lateraux', '8', 'Brazil nationnal');
INSERT INTO joueur_equipe VALUES ('203', 'Pays-Bas', '2', 'millieu defensif', '20', 'Spain N.F.C.');
INSERT INTO joueur_equipe VALUES ('204', 'Pays-Bas', '2', 'avant centre', '27', 'France National');
INSERT INTO joueur_equipe VALUES ('205', 'Pays-Bas', '2', 'millieu offensif', '35', 'Olympique Lyonnais');
INSERT INTO joueur_equipe VALUES ('206', 'Pays-Bas', '2', 'gardien de but', '36', 'Manchester United F.C.');

 -- EQUIPE  + Association-- 

INSERT INTO equipe_foot VALUES ('Coree du Sud', '2', '217', '10');
INSERT INTO collaborateur_equipe VALUES ('218', 'Coree du Sud', '2');
INSERT INTO collaborateur_equipe VALUES ('219', 'Coree du Sud', '2');
INSERT INTO joueur_equipe VALUES ('211', 'Coree du Sud', '2', 'avant-centre', '0', 'FC Bayern');
INSERT INTO joueur_equipe VALUES ('212', 'Coree du Sud', '2', 'arriere lateraux', '11', 'France National');
INSERT INTO joueur_equipe VALUES ('213', 'Coree du Sud', '2', 'millieu defensif', '16', 'F.C. Barcelona');
INSERT INTO joueur_equipe VALUES ('214', 'Coree du Sud', '2', 'avant centre', '22', 'Chelsea F.C.');
INSERT INTO joueur_equipe VALUES ('215', 'Coree du Sud', '2', 'millieu offensif', '37', 'FC Bayern');
INSERT INTO joueur_equipe VALUES ('216', 'Coree du Sud', '2', 'gardien de but', '47', 'Brazil nationnal');

 -- EQUIPE  + Association-- 

INSERT INTO equipe_foot VALUES ('Japon', '2', '227', '22');
INSERT INTO collaborateur_equipe VALUES ('228', 'Japon', '2');
INSERT INTO collaborateur_equipe VALUES ('229', 'Japon', '2');
INSERT INTO joueur_equipe VALUES ('221', 'Japon', '2', 'avant-centre', '0', 'France National');
INSERT INTO joueur_equipe VALUES ('222', 'Japon', '2', 'arriere lateraux', '7', 'F.C. Barcelona');
INSERT INTO joueur_equipe VALUES ('223', 'Japon', '2', 'millieu defensif', '15', 'France National');
INSERT INTO joueur_equipe VALUES ('224', 'Japon', '2', 'avant centre', '31', 'France National');
INSERT INTO joueur_equipe VALUES ('225', 'Japon', '2', 'millieu offensif', '37', 'France National');
INSERT INTO joueur_equipe VALUES ('226', 'Japon', '2', 'gardien de but', '47', 'FC Bayern');

 -- EQUIPE  + Association-- 

INSERT INTO equipe_foot VALUES ('Russie', '2', '237', '8');
INSERT INTO collaborateur_equipe VALUES ('238', 'Russie', '2');
INSERT INTO collaborateur_equipe VALUES ('239', 'Russie', '2');
INSERT INTO joueur_equipe VALUES ('231', 'Russie', '2', 'avant-centre', '0', 'Spain N.F.C.');
INSERT INTO joueur_equipe VALUES ('232', 'Russie', '2', 'arriere lateraux', '6', 'F.C. Barcelona');
INSERT INTO joueur_equipe VALUES ('233', 'Russie', '2', 'millieu defensif', '19', 'Real Madrid');
INSERT INTO joueur_equipe VALUES ('234', 'Russie', '2', 'avant centre', '23', 'Chelsea F.C.');
INSERT INTO joueur_equipe VALUES ('235', 'Russie', '2', 'millieu offensif', '32', 'Olympique Lyonnais');
INSERT INTO joueur_equipe VALUES ('236', 'Russie', '2', 'gardien de but', '30', 'France National');

 -- EQUIPE  + Association-- 

INSERT INTO equipe_foot VALUES ('Maroque', '2', '247', '25');
INSERT INTO collaborateur_equipe VALUES ('248', 'Maroque', '2');
INSERT INTO collaborateur_equipe VALUES ('249', 'Maroque', '2');
INSERT INTO joueur_equipe VALUES ('241', 'Maroque', '2', 'avant-centre', '0', 'France National');
INSERT INTO joueur_equipe VALUES ('242', 'Maroque', '2', 'arriere lateraux', '9', 'F.C. Barcelona');
INSERT INTO joueur_equipe VALUES ('243', 'Maroque', '2', 'millieu defensif', '17', 'Manchester United F.C.');
INSERT INTO joueur_equipe VALUES ('244', 'Maroque', '2', 'avant centre', '31', 'AS Monaco');
INSERT INTO joueur_equipe VALUES ('245', 'Maroque', '2', 'millieu offensif', '40', 'FC Bayern');
INSERT INTO joueur_equipe VALUES ('246', 'Maroque', '2', 'gardien de but', '37', 'Arsenal F.C.');

 -- EQUIPE  + Association-- 

INSERT INTO equipe_foot VALUES ('Egypt', '2', '257', '2');
INSERT INTO collaborateur_equipe VALUES ('258', 'Egypt', '2');
INSERT INTO collaborateur_equipe VALUES ('259', 'Egypt', '2');
INSERT INTO joueur_equipe VALUES ('251', 'Egypt', '2', 'avant-centre', '0', 'Manchester United F.C.');
INSERT INTO joueur_equipe VALUES ('252', 'Egypt', '2', 'arriere lateraux', '11', 'Olympique Lyonnais');
INSERT INTO joueur_equipe VALUES ('253', 'Egypt', '2', 'millieu defensif', '15', 'F.C. Barcelona');
INSERT INTO joueur_equipe VALUES ('254', 'Egypt', '2', 'avant centre', '26', 'France National');
INSERT INTO joueur_equipe VALUES ('255', 'Egypt', '2', 'millieu offensif', '25', 'Manchester United F.C.');
INSERT INTO joueur_equipe VALUES ('256', 'Egypt', '2', 'gardien de but', '43', 'France National');

 -- EQUIPE  + Association-- 

INSERT INTO equipe_foot VALUES ('Grece', '2', '267', '4');
INSERT INTO collaborateur_equipe VALUES ('268', 'Grece', '2');
INSERT INTO collaborateur_equipe VALUES ('269', 'Grece', '2');
INSERT INTO joueur_equipe VALUES ('261', 'Grece', '2', 'avant-centre', '1', 'Spain N.F.C.');
INSERT INTO joueur_equipe VALUES ('262', 'Grece', '2', 'arriere lateraux', '7', 'Real Madrid');
INSERT INTO joueur_equipe VALUES ('263', 'Grece', '2', 'millieu defensif', '21', 'Liverpool F.C.');
INSERT INTO joueur_equipe VALUES ('264', 'Grece', '2', 'avant centre', '25', 'F.C. Barcelona');
INSERT INTO joueur_equipe VALUES ('265', 'Grece', '2', 'millieu offensif', '31', 'FC Bayern');
INSERT INTO joueur_equipe VALUES ('266', 'Grece', '2', 'gardien de but', '46', 'Spain N.F.C.');

 -- EQUIPE  + Association-- 

INSERT INTO equipe_foot VALUES ('Qatar', '2', '277', '1');
INSERT INTO collaborateur_equipe VALUES ('278', 'Qatar', '2');
INSERT INTO collaborateur_equipe VALUES ('279', 'Qatar', '2');
INSERT INTO joueur_equipe VALUES ('271', 'Qatar', '2', 'avant-centre', '0', 'Arsenal F.C.');
INSERT INTO joueur_equipe VALUES ('272', 'Qatar', '2', 'arriere lateraux', '10', 'France National');
INSERT INTO joueur_equipe VALUES ('273', 'Qatar', '2', 'millieu defensif', '19', 'France National');
INSERT INTO joueur_equipe VALUES ('274', 'Qatar', '2', 'avant centre', '21', 'F.C. Barcelona');
INSERT INTO joueur_equipe VALUES ('275', 'Qatar', '2', 'millieu offensif', '32', 'AS Monaco');
INSERT INTO joueur_equipe VALUES ('276', 'Qatar', '2', 'gardien de but', '31', 'Spain N.F.C.');

 -- EQUIPE  + Association-- 

INSERT INTO equipe_foot VALUES ('Etats-Unis', '2', '287', '7');
INSERT INTO collaborateur_equipe VALUES ('288', 'Etats-Unis', '2');
INSERT INTO collaborateur_equipe VALUES ('289', 'Etats-Unis', '2');
INSERT INTO joueur_equipe VALUES ('281', 'Etats-Unis', '2', 'avant-centre', '0', 'Spain N.F.C.');
INSERT INTO joueur_equipe VALUES ('282', 'Etats-Unis', '2', 'arriere lateraux', '6', 'Olympique Lyonnais');
INSERT INTO joueur_equipe VALUES ('283', 'Etats-Unis', '2', 'millieu defensif', '20', 'Real Madrid');
INSERT INTO joueur_equipe VALUES ('284', 'Etats-Unis', '2', 'avant centre', '27', 'Chelsea F.C.');
INSERT INTO joueur_equipe VALUES ('285', 'Etats-Unis', '2', 'millieu offensif', '31', 'F.C. Barcelona');
INSERT INTO joueur_equipe VALUES ('286', 'Etats-Unis', '2', 'gardien de but', '37', 'Manchester United F.C.');

 -- EQUIPE  + Association-- 

INSERT INTO equipe_foot VALUES ('Turquie', '2', '297', '20');
INSERT INTO collaborateur_equipe VALUES ('298', 'Turquie', '2');
INSERT INTO collaborateur_equipe VALUES ('299', 'Turquie', '2');
INSERT INTO joueur_equipe VALUES ('291', 'Turquie', '2', 'avant-centre', '1', 'AS Monaco');
INSERT INTO joueur_equipe VALUES ('292', 'Turquie', '2', 'arriere lateraux', '6', 'Brazil nationnal');
INSERT INTO joueur_equipe VALUES ('293', 'Turquie', '2', 'millieu defensif', '17', 'Arsenal F.C.');
INSERT INTO joueur_equipe VALUES ('294', 'Turquie', '2', 'avant centre', '25', 'Liverpool F.C.');
INSERT INTO joueur_equipe VALUES ('295', 'Turquie', '2', 'millieu offensif', '33', 'Liverpool F.C.');
INSERT INTO joueur_equipe VALUES ('296', 'Turquie', '2', 'gardien de but', '35', 'Real Madrid');

 -- Stade -- 
INSERT INTO stade VALUES ('Bob Center', 'Harmsby', '49000', 'Italie', '1751');

 -- Match -- 

INSERT INTO match_foot VALUES ('2002-05-31', 'Italie', 'Autriche', 'Final', '5', '4', '2', 'Bob Center', 'Harmsby');

 -- Arbitre du Match -- 

INSERT INTO arbitre_match VALUES ('60', 'Italie', 'Autriche', 'Principal', '2002-05-31');
INSERT INTO arbitre_match VALUES ('110', 'Italie', 'Autriche', 'Assistant', '2002-05-31');
INSERT INTO arbitre_match VALUES ('160', 'Italie', 'Autriche', 'Assistant', '2002-05-31');
INSERT INTO arbitre_match VALUES ('230', 'Italie', 'Autriche', 'Assistant', '2002-05-31');

 -- Sanction du match -- 

INSERT INTO sanction (joueur_id, arbitre_id, nation_equipe_1, nation_equipe_2, match_date, couleur) VALUES ('13', '60', 'Italie', 'Autriche', '2002-05-31', 'Jaune');

 -- Match -- 

INSERT INTO match_foot VALUES ('2002-05-31', 'France', 'Yougoslavie', 'Quart de final', '2', '1', '2', 'Bob Center', 'Harmsby');

 -- Arbitre du Match -- 

INSERT INTO arbitre_match VALUES ('90', 'France', 'Yougoslavie', 'Principal', '2002-05-31');
INSERT INTO arbitre_match VALUES ('140', 'France', 'Yougoslavie', 'Assistant', '2002-05-31');
INSERT INTO arbitre_match VALUES ('180', 'France', 'Yougoslavie', 'Assistant', '2002-05-31');
INSERT INTO arbitre_match VALUES ('240', 'France', 'Yougoslavie', 'Assistant', '2002-05-31');

 -- Sanction du match -- 

INSERT INTO sanction (joueur_id, arbitre_id, nation_equipe_1, nation_equipe_2, match_date, couleur) VALUES ('23', '90', 'France', 'Yougoslavie', '2002-05-31', 'Jaune');

 -- Sanction du match -- 

INSERT INTO sanction (joueur_id, arbitre_id, nation_equipe_1, nation_equipe_2, match_date, couleur) VALUES ('22', '90', 'France', 'Yougoslavie', '2002-05-31', 'Jaune');

 -- Match -- 

INSERT INTO match_foot VALUES ('2002-05-31', 'Canada', 'Union sovietique', 'Play-off 3e place', '2', '0', '2', 'Bob Center', 'Harmsby');

 -- Arbitre du Match -- 

INSERT INTO arbitre_match VALUES ('100', 'Canada', 'Union sovietique', 'Principal', '2002-05-31');
INSERT INTO arbitre_match VALUES ('120', 'Canada', 'Union sovietique', 'Assistant', '2002-05-31');
INSERT INTO arbitre_match VALUES ('170', 'Canada', 'Union sovietique', 'Assistant', '2002-05-31');
INSERT INTO arbitre_match VALUES ('230', 'Canada', 'Union sovietique', 'Assistant', '2002-05-31');

 -- Sanction du match -- 

INSERT INTO sanction (joueur_id, arbitre_id, nation_equipe_1, nation_equipe_2, match_date, couleur) VALUES ('34', '100', 'Canada', 'Union sovietique', '2002-05-31', 'Rouge');

 -- Sanction du match -- 

INSERT INTO sanction (joueur_id, arbitre_id, nation_equipe_1, nation_equipe_2, match_date, couleur) VALUES ('35', '100', 'Canada', 'Union sovietique', '2002-05-31', 'Rouge');

 -- Match -- 

INSERT INTO match_foot VALUES ('2002-05-31', 'Bresil', 'Tchecoslovaquie', 'Semi-final', '2', '1', '2', 'Bob Center', 'Harmsby');

 -- Arbitre du Match -- 

INSERT INTO arbitre_match VALUES ('80', 'Bresil', 'Tchecoslovaquie', 'Principal', '2002-05-31');
INSERT INTO arbitre_match VALUES ('140', 'Bresil', 'Tchecoslovaquie', 'Assistant', '2002-05-31');
INSERT INTO arbitre_match VALUES ('160', 'Bresil', 'Tchecoslovaquie', 'Assistant', '2002-05-31');
INSERT INTO arbitre_match VALUES ('230', 'Bresil', 'Tchecoslovaquie', 'Assistant', '2002-05-31');

 -- Sanction du match -- 

INSERT INTO sanction (joueur_id, arbitre_id, nation_equipe_1, nation_equipe_2, match_date, couleur) VALUES ('45', '80', 'Bresil', 'Tchecoslovaquie', '2002-05-31', 'Jaune');

 -- Sanction du match -- 

INSERT INTO sanction (joueur_id, arbitre_id, nation_equipe_1, nation_equipe_2, match_date, couleur) VALUES ('42', '80', 'Bresil', 'Tchecoslovaquie', '2002-05-31', 'Jaune');

 -- Match -- 

INSERT INTO match_foot VALUES ('2002-05-31', 'Suisse', 'Pologne', 'Play-off 3e place', '1', '2', '2', 'Bob Center', 'Harmsby');

 -- Arbitre du Match -- 

INSERT INTO arbitre_match VALUES ('60', 'Suisse', 'Pologne', 'Principal', '2002-05-31');
INSERT INTO arbitre_match VALUES ('110', 'Suisse', 'Pologne', 'Assistant', '2002-05-31');
INSERT INTO arbitre_match VALUES ('200', 'Suisse', 'Pologne', 'Assistant', '2002-05-31');
INSERT INTO arbitre_match VALUES ('210', 'Suisse', 'Pologne', 'Assistant', '2002-05-31');

 -- Sanction du match -- 

INSERT INTO sanction (joueur_id, arbitre_id, nation_equipe_1, nation_equipe_2, match_date, couleur) VALUES ('54', '60', 'Suisse', 'Pologne', '2002-05-31', 'Rouge');

 -- Sanction du match -- 

INSERT INTO sanction (joueur_id, arbitre_id, nation_equipe_1, nation_equipe_2, match_date, couleur) VALUES ('56', '60', 'Suisse', 'Pologne', '2002-05-31', 'Rouge');

 -- Match -- 

INSERT INTO match_foot VALUES ('2002-05-31', 'Suede', 'Argentine', 'Quart de final', '3', '4', '2', 'Bob Center', 'Harmsby');

 -- Arbitre du Match -- 

INSERT INTO arbitre_match VALUES ('80', 'Suede', 'Argentine', 'Principal', '2002-05-31');
INSERT INTO arbitre_match VALUES ('120', 'Suede', 'Argentine', 'Assistant', '2002-05-31');
INSERT INTO arbitre_match VALUES ('160', 'Suede', 'Argentine', 'Assistant', '2002-05-31');
INSERT INTO arbitre_match VALUES ('230', 'Suede', 'Argentine', 'Assistant', '2002-05-31');

 -- Match -- 

INSERT INTO match_foot VALUES ('2002-05-31', 'Chili', 'Belgique', 'Quart de final', '4', '3', '2', 'Bob Center', 'Harmsby');

 -- Arbitre du Match -- 

INSERT INTO arbitre_match VALUES ('70', 'Chili', 'Belgique', 'Principal', '2002-05-31');
INSERT INTO arbitre_match VALUES ('110', 'Chili', 'Belgique', 'Assistant', '2002-05-31');
INSERT INTO arbitre_match VALUES ('160', 'Chili', 'Belgique', 'Assistant', '2002-05-31');
INSERT INTO arbitre_match VALUES ('240', 'Chili', 'Belgique', 'Assistant', '2002-05-31');

 -- Sanction du match -- 

INSERT INTO sanction (joueur_id, arbitre_id, nation_equipe_1, nation_equipe_2, match_date, couleur) VALUES ('75', '70', 'Chili', 'Belgique', '2002-05-31', 'Jaune');

 -- Sanction du match -- 

INSERT INTO sanction (joueur_id, arbitre_id, nation_equipe_1, nation_equipe_2, match_date, couleur) VALUES ('71', '70', 'Chili', 'Belgique', '2002-05-31', 'Rouge');

 -- Sanction du match -- 

INSERT INTO sanction (joueur_id, arbitre_id, nation_equipe_1, nation_equipe_2, match_date, couleur) VALUES ('71', '70', 'Chili', 'Belgique', '2002-05-31', 'Rouge');

 -- Match -- 

INSERT INTO match_foot VALUES ('2002-05-31', 'Angleterre', 'Croatie', 'Quart de final', '2', '0', '2', 'Bob Center', 'Harmsby');

 -- Arbitre du Match -- 

INSERT INTO arbitre_match VALUES ('70', 'Angleterre', 'Croatie', 'Principal', '2002-05-31');
INSERT INTO arbitre_match VALUES ('110', 'Angleterre', 'Croatie', 'Assistant', '2002-05-31');
INSERT INTO arbitre_match VALUES ('190', 'Angleterre', 'Croatie', 'Assistant', '2002-05-31');
INSERT INTO arbitre_match VALUES ('230', 'Angleterre', 'Croatie', 'Assistant', '2002-05-31');

 -- Sanction du match -- 

INSERT INTO sanction (joueur_id, arbitre_id, nation_equipe_1, nation_equipe_2, match_date, couleur) VALUES ('86', '70', 'Angleterre', 'Croatie', '2002-05-31', 'Rouge');

 -- Match -- 

INSERT INTO match_foot VALUES ('2002-05-31', 'Mexique', 'Pays-Bas', 'Semi-final', '6', '5', '2', 'Bob Center', 'Harmsby');

 -- Arbitre du Match -- 

INSERT INTO arbitre_match VALUES ('70', 'Mexique', 'Pays-Bas', 'Principal', '2002-05-31');
INSERT INTO arbitre_match VALUES ('150', 'Mexique', 'Pays-Bas', 'Assistant', '2002-05-31');
INSERT INTO arbitre_match VALUES ('180', 'Mexique', 'Pays-Bas', 'Assistant', '2002-05-31');
INSERT INTO arbitre_match VALUES ('240', 'Mexique', 'Pays-Bas', 'Assistant', '2002-05-31');

 -- Sanction du match -- 

INSERT INTO sanction (joueur_id, arbitre_id, nation_equipe_1, nation_equipe_2, match_date, couleur) VALUES ('95', '70', 'Mexique', 'Pays-Bas', '2002-05-31', 'Jaune');

 -- Sanction du match -- 

INSERT INTO sanction (joueur_id, arbitre_id, nation_equipe_1, nation_equipe_2, match_date, couleur) VALUES ('91', '70', 'Mexique', 'Pays-Bas', '2002-05-31', 'Rouge');

 -- Sanction du match -- 

INSERT INTO sanction (joueur_id, arbitre_id, nation_equipe_1, nation_equipe_2, match_date, couleur) VALUES ('93', '70', 'Mexique', 'Pays-Bas', '2002-05-31', 'Jaune');

 -- Match -- 

INSERT INTO match_foot VALUES ('2002-05-31', 'Allemagne', 'Coree du Sud', 'Semi-final', '1', '5', '2', 'Bob Center', 'Harmsby');

 -- Arbitre du Match -- 

INSERT INTO arbitre_match VALUES ('60', 'Allemagne', 'Coree du Sud', 'Principal', '2002-05-31');
INSERT INTO arbitre_match VALUES ('150', 'Allemagne', 'Coree du Sud', 'Assistant', '2002-05-31');
INSERT INTO arbitre_match VALUES ('200', 'Allemagne', 'Coree du Sud', 'Assistant', '2002-05-31');
INSERT INTO arbitre_match VALUES ('240', 'Allemagne', 'Coree du Sud', 'Assistant', '2002-05-31');

 -- Sanction du match -- 

INSERT INTO sanction (joueur_id, arbitre_id, nation_equipe_1, nation_equipe_2, match_date, couleur) VALUES ('105', '60', 'Allemagne', 'Coree du Sud', '2002-05-31', 'Jaune');

 -- Sanction du match -- 

INSERT INTO sanction (joueur_id, arbitre_id, nation_equipe_1, nation_equipe_2, match_date, couleur) VALUES ('105', '60', 'Allemagne', 'Coree du Sud', '2002-05-31', 'Jaune');


  -- Coupe Du Monde  --- 
INSERT INTO coupe_du_monde VALUES ('3', '2006-06-09', '2006-07-9');
INSERT INTO pays_coupe VALUES ('France', '3');


 -- EQUIPE  + Association-- 

INSERT INTO equipe_foot VALUES ('Uruguay', '3', '7', '20');
INSERT INTO collaborateur_equipe VALUES ('8', 'Uruguay', '3');
INSERT INTO collaborateur_equipe VALUES ('9', 'Uruguay', '3');
INSERT INTO joueur_equipe VALUES ('1', 'Uruguay', '3', 'avant-centre', '0', 'Manchester United F.C.');
INSERT INTO joueur_equipe VALUES ('2', 'Uruguay', '3', 'arriere lateraux', '6', 'Brazil nationnal');
INSERT INTO joueur_equipe VALUES ('3', 'Uruguay', '3', 'millieu defensif', '21', 'Arsenal F.C.');
INSERT INTO joueur_equipe VALUES ('4', 'Uruguay', '3', 'avant centre', '24', 'Arsenal F.C.');
INSERT INTO joueur_equipe VALUES ('5', 'Uruguay', '3', 'millieu offensif', '39', 'Arsenal F.C.');
INSERT INTO joueur_equipe VALUES ('6', 'Uruguay', '3', 'gardien de but', '31', 'Spain N.F.C.');

 -- EQUIPE  + Association-- 

INSERT INTO equipe_foot VALUES ('Italie', '3', '17', '5');
INSERT INTO collaborateur_equipe VALUES ('18', 'Italie', '3');
INSERT INTO collaborateur_equipe VALUES ('19', 'Italie', '3');
INSERT INTO joueur_equipe VALUES ('11', 'Italie', '3', 'avant-centre', '1', 'Spain N.F.C.');
INSERT INTO joueur_equipe VALUES ('12', 'Italie', '3', 'arriere lateraux', '6', 'Manchester United F.C.');
INSERT INTO joueur_equipe VALUES ('13', 'Italie', '3', 'millieu defensif', '16', 'Brazil nationnal');
INSERT INTO joueur_equipe VALUES ('14', 'Italie', '3', 'avant centre', '29', 'Arsenal F.C.');
INSERT INTO joueur_equipe VALUES ('15', 'Italie', '3', 'millieu offensif', '34', 'Spain N.F.C.');
INSERT INTO joueur_equipe VALUES ('16', 'Italie', '3', 'gardien de but', '31', 'FC Bayern');

 -- EQUIPE  + Association-- 

INSERT INTO equipe_foot VALUES ('France', '3', '27', '2');
INSERT INTO collaborateur_equipe VALUES ('28', 'France', '3');
INSERT INTO collaborateur_equipe VALUES ('29', 'France', '3');
INSERT INTO joueur_equipe VALUES ('21', 'France', '3', 'avant-centre', '1', 'Real Madrid');
INSERT INTO joueur_equipe VALUES ('22', 'France', '3', 'arriere lateraux', '11', 'Olympique Lyonnais');
INSERT INTO joueur_equipe VALUES ('23', 'France', '3', 'millieu defensif', '16', 'AS Monaco');
INSERT INTO joueur_equipe VALUES ('24', 'France', '3', 'avant centre', '18', 'Arsenal F.C.');
INSERT INTO joueur_equipe VALUES ('25', 'France', '3', 'millieu offensif', '38', 'FC Bayern');
INSERT INTO joueur_equipe VALUES ('26', 'France', '3', 'gardien de but', '48', 'Spain N.F.C.');

 -- EQUIPE  + Association-- 

INSERT INTO equipe_foot VALUES ('Canada', '3', '37', '4');
INSERT INTO collaborateur_equipe VALUES ('38', 'Canada', '3');
INSERT INTO collaborateur_equipe VALUES ('39', 'Canada', '3');
INSERT INTO joueur_equipe VALUES ('31', 'Canada', '3', 'avant-centre', '1', 'Chelsea F.C.');
INSERT INTO joueur_equipe VALUES ('32', 'Canada', '3', 'arriere lateraux', '11', 'Real Madrid');
INSERT INTO joueur_equipe VALUES ('33', 'Canada', '3', 'millieu defensif', '12', 'FC Bayern');
INSERT INTO joueur_equipe VALUES ('34', 'Canada', '3', 'avant centre', '22', 'Liverpool F.C.');
INSERT INTO joueur_equipe VALUES ('35', 'Canada', '3', 'millieu offensif', '30', 'Olympique Lyonnais');
INSERT INTO joueur_equipe VALUES ('36', 'Canada', '3', 'gardien de but', '35', 'Olympique Lyonnais');

 -- EQUIPE  + Association-- 

INSERT INTO equipe_foot VALUES ('Bresil', '3', '47', '7');
INSERT INTO collaborateur_equipe VALUES ('48', 'Bresil', '3');
INSERT INTO collaborateur_equipe VALUES ('49', 'Bresil', '3');
INSERT INTO joueur_equipe VALUES ('41', 'Bresil', '3', 'avant-centre', '1', 'Liverpool F.C.');
INSERT INTO joueur_equipe VALUES ('42', 'Bresil', '3', 'arriere lateraux', '8', 'Chelsea F.C.');
INSERT INTO joueur_equipe VALUES ('43', 'Bresil', '3', 'millieu defensif', '13', 'Brazil nationnal');
INSERT INTO joueur_equipe VALUES ('44', 'Bresil', '3', 'avant centre', '27', 'Spain N.F.C.');
INSERT INTO joueur_equipe VALUES ('45', 'Bresil', '3', 'millieu offensif', '26', 'Real Madrid');
INSERT INTO joueur_equipe VALUES ('46', 'Bresil', '3', 'gardien de but', '39', 'Brazil nationnal');

 -- EQUIPE  + Association-- 

INSERT INTO equipe_foot VALUES ('Suisse', '3', '57', '18');
INSERT INTO collaborateur_equipe VALUES ('58', 'Suisse', '3');
INSERT INTO collaborateur_equipe VALUES ('59', 'Suisse', '3');
INSERT INTO joueur_equipe VALUES ('51', 'Suisse', '3', 'avant-centre', '0', 'FC Bayern');
INSERT INTO joueur_equipe VALUES ('52', 'Suisse', '3', 'arriere lateraux', '9', 'Spain N.F.C.');
INSERT INTO joueur_equipe VALUES ('53', 'Suisse', '3', 'millieu defensif', '12', 'Spain N.F.C.');
INSERT INTO joueur_equipe VALUES ('54', 'Suisse', '3', 'avant centre', '19', 'Spain N.F.C.');
INSERT INTO joueur_equipe VALUES ('55', 'Suisse', '3', 'millieu offensif', '39', 'Manchester United F.C.');
INSERT INTO joueur_equipe VALUES ('56', 'Suisse', '3', 'gardien de but', '43', 'Chelsea F.C.');

 -- EQUIPE  + Association-- 

INSERT INTO equipe_foot VALUES ('Suede', '3', '67', '26');
INSERT INTO collaborateur_equipe VALUES ('68', 'Suede', '3');
INSERT INTO collaborateur_equipe VALUES ('69', 'Suede', '3');
INSERT INTO joueur_equipe VALUES ('61', 'Suede', '3', 'avant-centre', '1', 'AS Monaco');
INSERT INTO joueur_equipe VALUES ('62', 'Suede', '3', 'arriere lateraux', '10', 'AS Monaco');
INSERT INTO joueur_equipe VALUES ('63', 'Suede', '3', 'millieu defensif', '13', 'Spain N.F.C.');
INSERT INTO joueur_equipe VALUES ('64', 'Suede', '3', 'avant centre', '22', 'Manchester United F.C.');
INSERT INTO joueur_equipe VALUES ('65', 'Suede', '3', 'millieu offensif', '28', 'Spain N.F.C.');
INSERT INTO joueur_equipe VALUES ('66', 'Suede', '3', 'gardien de but', '39', 'Manchester United F.C.');

 -- EQUIPE  + Association-- 

INSERT INTO equipe_foot VALUES ('Chili', '3', '77', '16');
INSERT INTO collaborateur_equipe VALUES ('78', 'Chili', '3');
INSERT INTO collaborateur_equipe VALUES ('79', 'Chili', '3');
INSERT INTO joueur_equipe VALUES ('71', 'Chili', '3', 'avant-centre', '1', 'Liverpool F.C.');
INSERT INTO joueur_equipe VALUES ('72', 'Chili', '3', 'arriere lateraux', '8', 'Liverpool F.C.');
INSERT INTO joueur_equipe VALUES ('73', 'Chili', '3', 'millieu defensif', '17', 'France National');
INSERT INTO joueur_equipe VALUES ('74', 'Chili', '3', 'avant centre', '20', 'France National');
INSERT INTO joueur_equipe VALUES ('75', 'Chili', '3', 'millieu offensif', '36', 'Arsenal F.C.');
INSERT INTO joueur_equipe VALUES ('76', 'Chili', '3', 'gardien de but', '39', 'Brazil nationnal');

 -- EQUIPE  + Association-- 

INSERT INTO equipe_foot VALUES ('Angleterre', '3', '87', '30');
INSERT INTO collaborateur_equipe VALUES ('88', 'Angleterre', '3');
INSERT INTO collaborateur_equipe VALUES ('89', 'Angleterre', '3');
INSERT INTO joueur_equipe VALUES ('81', 'Angleterre', '3', 'avant-centre', '1', 'Real Madrid');
INSERT INTO joueur_equipe VALUES ('82', 'Angleterre', '3', 'arriere lateraux', '7', 'AS Monaco');
INSERT INTO joueur_equipe VALUES ('83', 'Angleterre', '3', 'millieu defensif', '13', 'Chelsea F.C.');
INSERT INTO joueur_equipe VALUES ('84', 'Angleterre', '3', 'avant centre', '27', 'Liverpool F.C.');
INSERT INTO joueur_equipe VALUES ('85', 'Angleterre', '3', 'millieu offensif', '27', 'FC Bayern');
INSERT INTO joueur_equipe VALUES ('86', 'Angleterre', '3', 'gardien de but', '50', 'Brazil nationnal');

 -- EQUIPE  + Association-- 

INSERT INTO equipe_foot VALUES ('Mexique', '3', '97', '9');
INSERT INTO collaborateur_equipe VALUES ('98', 'Mexique', '3');
INSERT INTO collaborateur_equipe VALUES ('99', 'Mexique', '3');
INSERT INTO joueur_equipe VALUES ('91', 'Mexique', '3', 'avant-centre', '1', 'Manchester United F.C.');
INSERT INTO joueur_equipe VALUES ('92', 'Mexique', '3', 'arriere lateraux', '8', 'AS Monaco');
INSERT INTO joueur_equipe VALUES ('93', 'Mexique', '3', 'millieu defensif', '15', 'Brazil nationnal');
INSERT INTO joueur_equipe VALUES ('94', 'Mexique', '3', 'avant centre', '22', 'FC Bayern');
INSERT INTO joueur_equipe VALUES ('95', 'Mexique', '3', 'millieu offensif', '35', 'Manchester United F.C.');
INSERT INTO joueur_equipe VALUES ('96', 'Mexique', '3', 'gardien de but', '46', 'Chelsea F.C.');

 -- EQUIPE  + Association-- 

INSERT INTO equipe_foot VALUES ('Allemagne', '3', '107', '3');
INSERT INTO collaborateur_equipe VALUES ('108', 'Allemagne', '3');
INSERT INTO collaborateur_equipe VALUES ('109', 'Allemagne', '3');
INSERT INTO joueur_equipe VALUES ('101', 'Allemagne', '3', 'avant-centre', '0', 'France National');
INSERT INTO joueur_equipe VALUES ('102', 'Allemagne', '3', 'arriere lateraux', '8', 'Olympique Lyonnais');
INSERT INTO joueur_equipe VALUES ('103', 'Allemagne', '3', 'millieu defensif', '20', 'Chelsea F.C.');
INSERT INTO joueur_equipe VALUES ('104', 'Allemagne', '3', 'avant centre', '20', 'Spain N.F.C.');
INSERT INTO joueur_equipe VALUES ('105', 'Allemagne', '3', 'millieu offensif', '41', 'France National');
INSERT INTO joueur_equipe VALUES ('106', 'Allemagne', '3', 'gardien de but', '47', 'FC Bayern');

 -- EQUIPE  + Association-- 

INSERT INTO equipe_foot VALUES ('Portugal', '3', '117', '17');
INSERT INTO collaborateur_equipe VALUES ('118', 'Portugal', '3');
INSERT INTO collaborateur_equipe VALUES ('119', 'Portugal', '3');
INSERT INTO joueur_equipe VALUES ('111', 'Portugal', '3', 'avant-centre', '1', 'France National');
INSERT INTO joueur_equipe VALUES ('112', 'Portugal', '3', 'arriere lateraux', '6', 'Olympique Lyonnais');
INSERT INTO joueur_equipe VALUES ('113', 'Portugal', '3', 'millieu defensif', '13', 'Olympique Lyonnais');
INSERT INTO joueur_equipe VALUES ('114', 'Portugal', '3', 'avant centre', '27', 'Real Madrid');
INSERT INTO joueur_equipe VALUES ('115', 'Portugal', '3', 'millieu offensif', '36', 'FC Bayern');
INSERT INTO joueur_equipe VALUES ('116', 'Portugal', '3', 'gardien de but', '41', 'Chelsea F.C.');

 -- EQUIPE  + Association-- 

INSERT INTO equipe_foot VALUES ('Autriche', '3', '127', '29');
INSERT INTO collaborateur_equipe VALUES ('128', 'Autriche', '3');
INSERT INTO collaborateur_equipe VALUES ('129', 'Autriche', '3');
INSERT INTO joueur_equipe VALUES ('121', 'Autriche', '3', 'avant-centre', '1', 'Manchester United F.C.');
INSERT INTO joueur_equipe VALUES ('122', 'Autriche', '3', 'arriere lateraux', '7', 'Manchester United F.C.');
INSERT INTO joueur_equipe VALUES ('123', 'Autriche', '3', 'millieu defensif', '19', 'Real Madrid');
INSERT INTO joueur_equipe VALUES ('124', 'Autriche', '3', 'avant centre', '19', 'Arsenal F.C.');
INSERT INTO joueur_equipe VALUES ('125', 'Autriche', '3', 'millieu offensif', '34', 'France National');
INSERT INTO joueur_equipe VALUES ('126', 'Autriche', '3', 'gardien de but', '43', 'Liverpool F.C.');

 -- EQUIPE  + Association-- 

INSERT INTO equipe_foot VALUES ('Yougoslavie', '3', '137', '21');
INSERT INTO collaborateur_equipe VALUES ('138', 'Yougoslavie', '3');
INSERT INTO collaborateur_equipe VALUES ('139', 'Yougoslavie', '3');
INSERT INTO joueur_equipe VALUES ('131', 'Yougoslavie', '3', 'avant-centre', '1', 'France National');
INSERT INTO joueur_equipe VALUES ('132', 'Yougoslavie', '3', 'arriere lateraux', '8', 'Real Madrid');
INSERT INTO joueur_equipe VALUES ('133', 'Yougoslavie', '3', 'millieu defensif', '13', 'France National');
INSERT INTO joueur_equipe VALUES ('134', 'Yougoslavie', '3', 'avant centre', '28', 'F.C. Barcelona');
INSERT INTO joueur_equipe VALUES ('135', 'Yougoslavie', '3', 'millieu offensif', '38', 'AS Monaco');
INSERT INTO joueur_equipe VALUES ('136', 'Yougoslavie', '3', 'gardien de but', '43', 'Spain N.F.C.');

 -- EQUIPE  + Association-- 

INSERT INTO equipe_foot VALUES ('Union sovietique', '3', '147', '11');
INSERT INTO collaborateur_equipe VALUES ('148', 'Union sovietique', '3');
INSERT INTO collaborateur_equipe VALUES ('149', 'Union sovietique', '3');
INSERT INTO joueur_equipe VALUES ('141', 'Union sovietique', '3', 'avant-centre', '0', 'Brazil nationnal');
INSERT INTO joueur_equipe VALUES ('142', 'Union sovietique', '3', 'arriere lateraux', '6', 'FC Bayern');
INSERT INTO joueur_equipe VALUES ('143', 'Union sovietique', '3', 'millieu defensif', '19', 'Olympique Lyonnais');
INSERT INTO joueur_equipe VALUES ('144', 'Union sovietique', '3', 'avant centre', '18', 'FC Bayern');
INSERT INTO joueur_equipe VALUES ('145', 'Union sovietique', '3', 'millieu offensif', '41', 'Brazil nationnal');
INSERT INTO joueur_equipe VALUES ('146', 'Union sovietique', '3', 'gardien de but', '45', 'Arsenal F.C.');

 -- EQUIPE  + Association-- 

INSERT INTO equipe_foot VALUES ('Tchecoslovaquie', '3', '157', '24');
INSERT INTO collaborateur_equipe VALUES ('158', 'Tchecoslovaquie', '3');
INSERT INTO collaborateur_equipe VALUES ('159', 'Tchecoslovaquie', '3');
INSERT INTO joueur_equipe VALUES ('151', 'Tchecoslovaquie', '3', 'avant-centre', '0', 'Liverpool F.C.');
INSERT INTO joueur_equipe VALUES ('152', 'Tchecoslovaquie', '3', 'arriere lateraux', '6', 'Manchester United F.C.');
INSERT INTO joueur_equipe VALUES ('153', 'Tchecoslovaquie', '3', 'millieu defensif', '20', 'Manchester United F.C.');
INSERT INTO joueur_equipe VALUES ('154', 'Tchecoslovaquie', '3', 'avant centre', '26', 'Olympique Lyonnais');
INSERT INTO joueur_equipe VALUES ('155', 'Tchecoslovaquie', '3', 'millieu offensif', '36', 'Arsenal F.C.');
INSERT INTO joueur_equipe VALUES ('156', 'Tchecoslovaquie', '3', 'gardien de but', '30', 'Real Madrid');

 -- EQUIPE  + Association-- 

INSERT INTO equipe_foot VALUES ('Pologne', '3', '167', '22');
INSERT INTO collaborateur_equipe VALUES ('168', 'Pologne', '3');
INSERT INTO collaborateur_equipe VALUES ('169', 'Pologne', '3');
INSERT INTO joueur_equipe VALUES ('161', 'Pologne', '3', 'avant-centre', '1', 'Brazil nationnal');
INSERT INTO joueur_equipe VALUES ('162', 'Pologne', '3', 'arriere lateraux', '11', 'France National');
INSERT INTO joueur_equipe VALUES ('163', 'Pologne', '3', 'millieu defensif', '18', 'Liverpool F.C.');
INSERT INTO joueur_equipe VALUES ('164', 'Pologne', '3', 'avant centre', '24', 'Manchester United F.C.');
INSERT INTO joueur_equipe VALUES ('165', 'Pologne', '3', 'millieu offensif', '35', 'F.C. Barcelona');
INSERT INTO joueur_equipe VALUES ('166', 'Pologne', '3', 'gardien de but', '38', 'Brazil nationnal');

 -- EQUIPE  + Association-- 

INSERT INTO equipe_foot VALUES ('Argentine', '3', '177', '12');
INSERT INTO collaborateur_equipe VALUES ('178', 'Argentine', '3');
INSERT INTO collaborateur_equipe VALUES ('179', 'Argentine', '3');
INSERT INTO joueur_equipe VALUES ('171', 'Argentine', '3', 'avant-centre', '0', 'F.C. Barcelona');
INSERT INTO joueur_equipe VALUES ('172', 'Argentine', '3', 'arriere lateraux', '8', 'Real Madrid');
INSERT INTO joueur_equipe VALUES ('173', 'Argentine', '3', 'millieu defensif', '15', 'Liverpool F.C.');
INSERT INTO joueur_equipe VALUES ('174', 'Argentine', '3', 'avant centre', '25', 'Manchester United F.C.');
INSERT INTO joueur_equipe VALUES ('175', 'Argentine', '3', 'millieu offensif', '24', 'F.C. Barcelona');
INSERT INTO joueur_equipe VALUES ('176', 'Argentine', '3', 'gardien de but', '40', 'FC Bayern');

 -- EQUIPE  + Association-- 

INSERT INTO equipe_foot VALUES ('Belgique', '3', '187', '10');
INSERT INTO collaborateur_equipe VALUES ('188', 'Belgique', '3');
INSERT INTO collaborateur_equipe VALUES ('189', 'Belgique', '3');
INSERT INTO joueur_equipe VALUES ('181', 'Belgique', '3', 'avant-centre', '1', 'Liverpool F.C.');
INSERT INTO joueur_equipe VALUES ('182', 'Belgique', '3', 'arriere lateraux', '8', 'Olympique Lyonnais');
INSERT INTO joueur_equipe VALUES ('183', 'Belgique', '3', 'millieu defensif', '15', 'Chelsea F.C.');
INSERT INTO joueur_equipe VALUES ('184', 'Belgique', '3', 'avant centre', '19', 'FC Bayern');
INSERT INTO joueur_equipe VALUES ('185', 'Belgique', '3', 'millieu offensif', '38', 'AS Monaco');
INSERT INTO joueur_equipe VALUES ('186', 'Belgique', '3', 'gardien de but', '33', 'Olympique Lyonnais');

 -- EQUIPE  + Association-- 

INSERT INTO equipe_foot VALUES ('Croatie', '3', '197', '27');
INSERT INTO collaborateur_equipe VALUES ('198', 'Croatie', '3');
INSERT INTO collaborateur_equipe VALUES ('199', 'Croatie', '3');
INSERT INTO joueur_equipe VALUES ('191', 'Croatie', '3', 'avant-centre', '0', 'France National');
INSERT INTO joueur_equipe VALUES ('192', 'Croatie', '3', 'arriere lateraux', '10', 'AS Monaco');
INSERT INTO joueur_equipe VALUES ('193', 'Croatie', '3', 'millieu defensif', '17', 'AS Monaco');
INSERT INTO joueur_equipe VALUES ('194', 'Croatie', '3', 'avant centre', '26', 'Olympique Lyonnais');
INSERT INTO joueur_equipe VALUES ('195', 'Croatie', '3', 'millieu offensif', '39', 'Arsenal F.C.');
INSERT INTO joueur_equipe VALUES ('196', 'Croatie', '3', 'gardien de but', '35', 'F.C. Barcelona');

 -- EQUIPE  + Association-- 

INSERT INTO equipe_foot VALUES ('Pays-Bas', '3', '207', '19');
INSERT INTO collaborateur_equipe VALUES ('208', 'Pays-Bas', '3');
INSERT INTO collaborateur_equipe VALUES ('209', 'Pays-Bas', '3');
INSERT INTO joueur_equipe VALUES ('201', 'Pays-Bas', '3', 'avant-centre', '1', 'Real Madrid');
INSERT INTO joueur_equipe VALUES ('202', 'Pays-Bas', '3', 'arriere lateraux', '10', 'Manchester United F.C.');
INSERT INTO joueur_equipe VALUES ('203', 'Pays-Bas', '3', 'millieu defensif', '19', 'F.C. Barcelona');
INSERT INTO joueur_equipe VALUES ('204', 'Pays-Bas', '3', 'avant centre', '23', 'France National');
INSERT INTO joueur_equipe VALUES ('205', 'Pays-Bas', '3', 'millieu offensif', '26', 'Liverpool F.C.');
INSERT INTO joueur_equipe VALUES ('206', 'Pays-Bas', '3', 'gardien de but', '46', 'Real Madrid');

 -- EQUIPE  + Association-- 

INSERT INTO equipe_foot VALUES ('Coree du Sud', '3', '217', '13');
INSERT INTO collaborateur_equipe VALUES ('218', 'Coree du Sud', '3');
INSERT INTO collaborateur_equipe VALUES ('219', 'Coree du Sud', '3');
INSERT INTO joueur_equipe VALUES ('211', 'Coree du Sud', '3', 'avant-centre', '1', 'France National');
INSERT INTO joueur_equipe VALUES ('212', 'Coree du Sud', '3', 'arriere lateraux', '8', 'AS Monaco');
INSERT INTO joueur_equipe VALUES ('213', 'Coree du Sud', '3', 'millieu defensif', '21', 'Liverpool F.C.');
INSERT INTO joueur_equipe VALUES ('214', 'Coree du Sud', '3', 'avant centre', '27', 'AS Monaco');
INSERT INTO joueur_equipe VALUES ('215', 'Coree du Sud', '3', 'millieu offensif', '36', 'Chelsea F.C.');
INSERT INTO joueur_equipe VALUES ('216', 'Coree du Sud', '3', 'gardien de but', '50', 'France National');

 -- EQUIPE  + Association-- 

INSERT INTO equipe_foot VALUES ('Japon', '3', '227', '8');
INSERT INTO collaborateur_equipe VALUES ('228', 'Japon', '3');
INSERT INTO collaborateur_equipe VALUES ('229', 'Japon', '3');
INSERT INTO joueur_equipe VALUES ('221', 'Japon', '3', 'avant-centre', '0', 'Spain N.F.C.');
INSERT INTO joueur_equipe VALUES ('222', 'Japon', '3', 'arriere lateraux', '6', 'FC Bayern');
INSERT INTO joueur_equipe VALUES ('223', 'Japon', '3', 'millieu defensif', '18', 'AS Monaco');
INSERT INTO joueur_equipe VALUES ('224', 'Japon', '3', 'avant centre', '19', 'Real Madrid');
INSERT INTO joueur_equipe VALUES ('225', 'Japon', '3', 'millieu offensif', '33', 'France National');
INSERT INTO joueur_equipe VALUES ('226', 'Japon', '3', 'gardien de but', '44', 'Real Madrid');

 -- EQUIPE  + Association-- 

INSERT INTO equipe_foot VALUES ('Russie', '3', '237', '25');
INSERT INTO collaborateur_equipe VALUES ('238', 'Russie', '3');
INSERT INTO collaborateur_equipe VALUES ('239', 'Russie', '3');
INSERT INTO joueur_equipe VALUES ('231', 'Russie', '3', 'avant-centre', '0', 'AS Monaco');
INSERT INTO joueur_equipe VALUES ('232', 'Russie', '3', 'arriere lateraux', '8', 'Spain N.F.C.');
INSERT INTO joueur_equipe VALUES ('233', 'Russie', '3', 'millieu defensif', '18', 'Olympique Lyonnais');
INSERT INTO joueur_equipe VALUES ('234', 'Russie', '3', 'avant centre', '26', 'Brazil nationnal');
INSERT INTO joueur_equipe VALUES ('235', 'Russie', '3', 'millieu offensif', '41', 'AS Monaco');
INSERT INTO joueur_equipe VALUES ('236', 'Russie', '3', 'gardien de but', '47', 'F.C. Barcelona');

 -- EQUIPE  + Association-- 

INSERT INTO equipe_foot VALUES ('Maroque', '3', '247', '15');
INSERT INTO collaborateur_equipe VALUES ('248', 'Maroque', '3');
INSERT INTO collaborateur_equipe VALUES ('249', 'Maroque', '3');
INSERT INTO joueur_equipe VALUES ('241', 'Maroque', '3', 'avant-centre', '1', 'Chelsea F.C.');
INSERT INTO joueur_equipe VALUES ('242', 'Maroque', '3', 'arriere lateraux', '11', 'Real Madrid');
INSERT INTO joueur_equipe VALUES ('243', 'Maroque', '3', 'millieu defensif', '16', 'Brazil nationnal');
INSERT INTO joueur_equipe VALUES ('244', 'Maroque', '3', 'avant centre', '27', 'Liverpool F.C.');
INSERT INTO joueur_equipe VALUES ('245', 'Maroque', '3', 'millieu offensif', '33', 'F.C. Barcelona');
INSERT INTO joueur_equipe VALUES ('246', 'Maroque', '3', 'gardien de but', '47', 'Arsenal F.C.');

 -- EQUIPE  + Association-- 

INSERT INTO equipe_foot VALUES ('Egypt', '3', '257', '23');
INSERT INTO collaborateur_equipe VALUES ('258', 'Egypt', '3');
INSERT INTO collaborateur_equipe VALUES ('259', 'Egypt', '3');
INSERT INTO joueur_equipe VALUES ('251', 'Egypt', '3', 'avant-centre', '1', 'Olympique Lyonnais');
INSERT INTO joueur_equipe VALUES ('252', 'Egypt', '3', 'arriere lateraux', '7', 'Liverpool F.C.');
INSERT INTO joueur_equipe VALUES ('253', 'Egypt', '3', 'millieu defensif', '15', 'Chelsea F.C.');
INSERT INTO joueur_equipe VALUES ('254', 'Egypt', '3', 'avant centre', '26', 'FC Bayern');
INSERT INTO joueur_equipe VALUES ('255', 'Egypt', '3', 'millieu offensif', '32', 'Brazil nationnal');
INSERT INTO joueur_equipe VALUES ('256', 'Egypt', '3', 'gardien de but', '47', 'Real Madrid');

 -- EQUIPE  + Association-- 

INSERT INTO equipe_foot VALUES ('Grece', '3', '267', '1');
INSERT INTO collaborateur_equipe VALUES ('268', 'Grece', '3');
INSERT INTO collaborateur_equipe VALUES ('269', 'Grece', '3');
INSERT INTO joueur_equipe VALUES ('261', 'Grece', '3', 'avant-centre', '1', 'France National');
INSERT INTO joueur_equipe VALUES ('262', 'Grece', '3', 'arriere lateraux', '7', 'Brazil nationnal');
INSERT INTO joueur_equipe VALUES ('263', 'Grece', '3', 'millieu defensif', '12', 'Real Madrid');
INSERT INTO joueur_equipe VALUES ('264', 'Grece', '3', 'avant centre', '21', 'Spain N.F.C.');
INSERT INTO joueur_equipe VALUES ('265', 'Grece', '3', 'millieu offensif', '35', 'Liverpool F.C.');
INSERT INTO joueur_equipe VALUES ('266', 'Grece', '3', 'gardien de but', '33', 'Arsenal F.C.');

 -- EQUIPE  + Association-- 

INSERT INTO equipe_foot VALUES ('Qatar', '3', '277', '14');
INSERT INTO collaborateur_equipe VALUES ('278', 'Qatar', '3');
INSERT INTO collaborateur_equipe VALUES ('279', 'Qatar', '3');
INSERT INTO joueur_equipe VALUES ('271', 'Qatar', '3', 'avant-centre', '0', 'Liverpool F.C.');
INSERT INTO joueur_equipe VALUES ('272', 'Qatar', '3', 'arriere lateraux', '6', 'Brazil nationnal');
INSERT INTO joueur_equipe VALUES ('273', 'Qatar', '3', 'millieu defensif', '14', 'France National');
INSERT INTO joueur_equipe VALUES ('274', 'Qatar', '3', 'avant centre', '22', 'Manchester United F.C.');
INSERT INTO joueur_equipe VALUES ('275', 'Qatar', '3', 'millieu offensif', '25', 'F.C. Barcelona');
INSERT INTO joueur_equipe VALUES ('276', 'Qatar', '3', 'gardien de but', '39', 'Real Madrid');

 -- EQUIPE  + Association-- 

INSERT INTO equipe_foot VALUES ('Etats-Unis', '3', '287', '6');
INSERT INTO collaborateur_equipe VALUES ('288', 'Etats-Unis', '3');
INSERT INTO collaborateur_equipe VALUES ('289', 'Etats-Unis', '3');
INSERT INTO joueur_equipe VALUES ('281', 'Etats-Unis', '3', 'avant-centre', '0', 'France National');
INSERT INTO joueur_equipe VALUES ('282', 'Etats-Unis', '3', 'arriere lateraux', '8', 'Chelsea F.C.');
INSERT INTO joueur_equipe VALUES ('283', 'Etats-Unis', '3', 'millieu defensif', '20', 'FC Bayern');
INSERT INTO joueur_equipe VALUES ('284', 'Etats-Unis', '3', 'avant centre', '21', 'Arsenal F.C.');
INSERT INTO joueur_equipe VALUES ('285', 'Etats-Unis', '3', 'millieu offensif', '26', 'Spain N.F.C.');
INSERT INTO joueur_equipe VALUES ('286', 'Etats-Unis', '3', 'gardien de but', '33', 'Brazil nationnal');

 -- EQUIPE  + Association-- 

INSERT INTO equipe_foot VALUES ('Turquie', '3', '297', '28');
INSERT INTO collaborateur_equipe VALUES ('298', 'Turquie', '3');
INSERT INTO collaborateur_equipe VALUES ('299', 'Turquie', '3');
INSERT INTO joueur_equipe VALUES ('291', 'Turquie', '3', 'avant-centre', '1', 'Olympique Lyonnais');
INSERT INTO joueur_equipe VALUES ('292', 'Turquie', '3', 'arriere lateraux', '8', 'Real Madrid');
INSERT INTO joueur_equipe VALUES ('293', 'Turquie', '3', 'millieu defensif', '14', 'Chelsea F.C.');
INSERT INTO joueur_equipe VALUES ('294', 'Turquie', '3', 'avant centre', '29', 'Chelsea F.C.');
INSERT INTO joueur_equipe VALUES ('295', 'Turquie', '3', 'millieu offensif', '27', 'Spain N.F.C.');
INSERT INTO joueur_equipe VALUES ('296', 'Turquie', '3', 'gardien de but', '33', 'AS Monaco');

 -- Stade -- 
INSERT INTO stade VALUES ('Super Field', 'Croma', '31000', 'France', '1887');

 -- Match -- 

INSERT INTO match_foot VALUES ('2006-06-09', 'France', 'Union sovietique', 'Semi-final', '2', '3', '3', 'Super Field', 'Croma');

 -- Arbitre du Match -- 

INSERT INTO arbitre_match VALUES ('90', 'France', 'Union sovietique', 'Principal', '2006-06-09');
INSERT INTO arbitre_match VALUES ('150', 'France', 'Union sovietique', 'Assistant', '2006-06-09');
INSERT INTO arbitre_match VALUES ('160', 'France', 'Union sovietique', 'Assistant', '2006-06-09');
INSERT INTO arbitre_match VALUES ('250', 'France', 'Union sovietique', 'Assistant', '2006-06-09');

 -- Sanction du match -- 

INSERT INTO sanction (joueur_id, arbitre_id, nation_equipe_1, nation_equipe_2, match_date, couleur) VALUES ('14', '90', 'France', 'Union sovietique', '2006-06-09', 'Rouge');

 -- Sanction du match -- 

INSERT INTO sanction (joueur_id, arbitre_id, nation_equipe_1, nation_equipe_2, match_date, couleur) VALUES ('11', '90', 'France', 'Union sovietique', '2006-06-09', 'Jaune');

 -- Match -- 

INSERT INTO match_foot VALUES ('2006-06-09', 'Canada', 'Tchecoslovaquie', 'Semi-final', '4', '1', '3', 'Super Field', 'Croma');

 -- Arbitre du Match -- 

INSERT INTO arbitre_match VALUES ('70', 'Canada', 'Tchecoslovaquie', 'Principal', '2006-06-09');
INSERT INTO arbitre_match VALUES ('150', 'Canada', 'Tchecoslovaquie', 'Assistant', '2006-06-09');
INSERT INTO arbitre_match VALUES ('200', 'Canada', 'Tchecoslovaquie', 'Assistant', '2006-06-09');
INSERT INTO arbitre_match VALUES ('220', 'Canada', 'Tchecoslovaquie', 'Assistant', '2006-06-09');

 -- Sanction du match -- 

INSERT INTO sanction (joueur_id, arbitre_id, nation_equipe_1, nation_equipe_2, match_date, couleur) VALUES ('21', '70', 'Canada', 'Tchecoslovaquie', '2006-06-09', 'Rouge');

 -- Match -- 

INSERT INTO match_foot VALUES ('2006-06-09', 'Bresil', 'Pologne', 'Play-off 3e place', '3', '1', '3', 'Super Field', 'Croma');

 -- Arbitre du Match -- 

INSERT INTO arbitre_match VALUES ('90', 'Bresil', 'Pologne', 'Principal', '2006-06-09');
INSERT INTO arbitre_match VALUES ('150', 'Bresil', 'Pologne', 'Assistant', '2006-06-09');
INSERT INTO arbitre_match VALUES ('190', 'Bresil', 'Pologne', 'Assistant', '2006-06-09');
INSERT INTO arbitre_match VALUES ('250', 'Bresil', 'Pologne', 'Assistant', '2006-06-09');

 -- Sanction du match -- 

INSERT INTO sanction (joueur_id, arbitre_id, nation_equipe_1, nation_equipe_2, match_date, couleur) VALUES ('34', '90', 'Bresil', 'Pologne', '2006-06-09', 'Rouge');

 -- Sanction du match -- 

INSERT INTO sanction (joueur_id, arbitre_id, nation_equipe_1, nation_equipe_2, match_date, couleur) VALUES ('36', '90', 'Bresil', 'Pologne', '2006-06-09', 'Rouge');

 -- Match -- 

INSERT INTO match_foot VALUES ('2006-06-09', 'Suisse', 'Argentine', 'Final', '3', '5', '3', 'Super Field', 'Croma');

 -- Arbitre du Match -- 

INSERT INTO arbitre_match VALUES ('60', 'Suisse', 'Argentine', 'Principal', '2006-06-09');
INSERT INTO arbitre_match VALUES ('130', 'Suisse', 'Argentine', 'Assistant', '2006-06-09');
INSERT INTO arbitre_match VALUES ('190', 'Suisse', 'Argentine', 'Assistant', '2006-06-09');
INSERT INTO arbitre_match VALUES ('230', 'Suisse', 'Argentine', 'Assistant', '2006-06-09');

 -- Match -- 

INSERT INTO match_foot VALUES ('2006-06-09', 'Suede', 'Belgique', 'Ronde de Group', '5', '0', '3', 'Super Field', 'Croma');

 -- Arbitre du Match -- 

INSERT INTO arbitre_match VALUES ('60', 'Suede', 'Belgique', 'Principal', '2006-06-09');
INSERT INTO arbitre_match VALUES ('120', 'Suede', 'Belgique', 'Assistant', '2006-06-09');
INSERT INTO arbitre_match VALUES ('200', 'Suede', 'Belgique', 'Assistant', '2006-06-09');
INSERT INTO arbitre_match VALUES ('250', 'Suede', 'Belgique', 'Assistant', '2006-06-09');

 -- Sanction du match -- 

INSERT INTO sanction (joueur_id, arbitre_id, nation_equipe_1, nation_equipe_2, match_date, couleur) VALUES ('53', '60', 'Suede', 'Belgique', '2006-06-09', 'Jaune');

 -- Match -- 

INSERT INTO match_foot VALUES ('2006-06-09', 'Chili', 'Croatie', 'Final', '4', '3', '3', 'Super Field', 'Croma');

 -- Arbitre du Match -- 

INSERT INTO arbitre_match VALUES ('70', 'Chili', 'Croatie', 'Principal', '2006-06-09');
INSERT INTO arbitre_match VALUES ('120', 'Chili', 'Croatie', 'Assistant', '2006-06-09');
INSERT INTO arbitre_match VALUES ('200', 'Chili', 'Croatie', 'Assistant', '2006-06-09');
INSERT INTO arbitre_match VALUES ('240', 'Chili', 'Croatie', 'Assistant', '2006-06-09');

 -- Sanction du match -- 

INSERT INTO sanction (joueur_id, arbitre_id, nation_equipe_1, nation_equipe_2, match_date, couleur) VALUES ('61', '70', 'Chili', 'Croatie', '2006-06-09', 'Jaune');

 -- Sanction du match -- 

INSERT INTO sanction (joueur_id, arbitre_id, nation_equipe_1, nation_equipe_2, match_date, couleur) VALUES ('62', '70', 'Chili', 'Croatie', '2006-06-09', 'Rouge');

 -- Sanction du match -- 

INSERT INTO sanction (joueur_id, arbitre_id, nation_equipe_1, nation_equipe_2, match_date, couleur) VALUES ('66', '70', 'Chili', 'Croatie', '2006-06-09', 'Rouge');

 -- Match -- 

INSERT INTO match_foot VALUES ('2006-06-09', 'Angleterre', 'Pays-Bas', 'Quart de final', '3', '5', '3', 'Super Field', 'Croma');

 -- Arbitre du Match -- 

INSERT INTO arbitre_match VALUES ('90', 'Angleterre', 'Pays-Bas', 'Principal', '2006-06-09');
INSERT INTO arbitre_match VALUES ('120', 'Angleterre', 'Pays-Bas', 'Assistant', '2006-06-09');
INSERT INTO arbitre_match VALUES ('170', 'Angleterre', 'Pays-Bas', 'Assistant', '2006-06-09');
INSERT INTO arbitre_match VALUES ('230', 'Angleterre', 'Pays-Bas', 'Assistant', '2006-06-09');

 -- Sanction du match -- 

INSERT INTO sanction (joueur_id, arbitre_id, nation_equipe_1, nation_equipe_2, match_date, couleur) VALUES ('74', '90', 'Angleterre', 'Pays-Bas', '2006-06-09', 'Jaune');

 -- Sanction du match -- 

INSERT INTO sanction (joueur_id, arbitre_id, nation_equipe_1, nation_equipe_2, match_date, couleur) VALUES ('73', '90', 'Angleterre', 'Pays-Bas', '2006-06-09', 'Jaune');

 -- Sanction du match -- 

INSERT INTO sanction (joueur_id, arbitre_id, nation_equipe_1, nation_equipe_2, match_date, couleur) VALUES ('74', '90', 'Angleterre', 'Pays-Bas', '2006-06-09', 'Rouge');

 -- Match -- 

INSERT INTO match_foot VALUES ('2006-06-09', 'Mexique', 'Coree du Sud', 'Play-off 3e place', '6', '5', '3', 'Super Field', 'Croma');

 -- Arbitre du Match -- 

INSERT INTO arbitre_match VALUES ('60', 'Mexique', 'Coree du Sud', 'Principal', '2006-06-09');
INSERT INTO arbitre_match VALUES ('110', 'Mexique', 'Coree du Sud', 'Assistant', '2006-06-09');
INSERT INTO arbitre_match VALUES ('200', 'Mexique', 'Coree du Sud', 'Assistant', '2006-06-09');
INSERT INTO arbitre_match VALUES ('230', 'Mexique', 'Coree du Sud', 'Assistant', '2006-06-09');

 -- Sanction du match -- 

INSERT INTO sanction (joueur_id, arbitre_id, nation_equipe_1, nation_equipe_2, match_date, couleur) VALUES ('84', '60', 'Mexique', 'Coree du Sud', '2006-06-09', 'Rouge');

 -- Match -- 

INSERT INTO match_foot VALUES ('2006-06-09', 'Allemagne', 'Japon', 'Play-off 3e place', '0', '1', '3', 'Super Field', 'Croma');

 -- Arbitre du Match -- 

INSERT INTO arbitre_match VALUES ('60', 'Allemagne', 'Japon', 'Principal', '2006-06-09');
INSERT INTO arbitre_match VALUES ('110', 'Allemagne', 'Japon', 'Assistant', '2006-06-09');
INSERT INTO arbitre_match VALUES ('160', 'Allemagne', 'Japon', 'Assistant', '2006-06-09');
INSERT INTO arbitre_match VALUES ('210', 'Allemagne', 'Japon', 'Assistant', '2006-06-09');

 -- Sanction du match -- 

INSERT INTO sanction (joueur_id, arbitre_id, nation_equipe_1, nation_equipe_2, match_date, couleur) VALUES ('93', '60', 'Allemagne', 'Japon', '2006-06-09', 'Rouge');

 -- Sanction du match -- 

INSERT INTO sanction (joueur_id, arbitre_id, nation_equipe_1, nation_equipe_2, match_date, couleur) VALUES ('92', '60', 'Allemagne', 'Japon', '2006-06-09', 'Rouge');

 -- Sanction du match -- 

INSERT INTO sanction (joueur_id, arbitre_id, nation_equipe_1, nation_equipe_2, match_date, couleur) VALUES ('92', '60', 'Allemagne', 'Japon', '2006-06-09', 'Rouge');

 -- Match -- 

INSERT INTO match_foot VALUES ('2006-06-09', 'Portugal', 'Russie', 'Ronde de Group', '2', '1', '3', 'Super Field', 'Croma');

 -- Arbitre du Match -- 

INSERT INTO arbitre_match VALUES ('80', 'Portugal', 'Russie', 'Principal', '2006-06-09');
INSERT INTO arbitre_match VALUES ('130', 'Portugal', 'Russie', 'Assistant', '2006-06-09');
INSERT INTO arbitre_match VALUES ('190', 'Portugal', 'Russie', 'Assistant', '2006-06-09');
INSERT INTO arbitre_match VALUES ('250', 'Portugal', 'Russie', 'Assistant', '2006-06-09');

 -- Sanction du match -- 

INSERT INTO sanction (joueur_id, arbitre_id, nation_equipe_1, nation_equipe_2, match_date, couleur) VALUES ('105', '80', 'Portugal', 'Russie', '2006-06-09', 'Rouge');

 -- Sanction du match -- 

INSERT INTO sanction (joueur_id, arbitre_id, nation_equipe_1, nation_equipe_2, match_date, couleur) VALUES ('104', '80', 'Portugal', 'Russie', '2006-06-09', 'Rouge');


  -- Coupe Du Monde  --- 
INSERT INTO coupe_du_monde VALUES ('4', '2010-06-11', '2010-07-11');
INSERT INTO pays_coupe VALUES ('Canada', '4');


 -- EQUIPE  + Association-- 

INSERT INTO equipe_foot VALUES ('Uruguay', '4', '7', '10');
INSERT INTO collaborateur_equipe VALUES ('8', 'Uruguay', '4');
INSERT INTO collaborateur_equipe VALUES ('9', 'Uruguay', '4');
INSERT INTO joueur_equipe VALUES ('1', 'Uruguay', '4', 'avant-centre', '1', 'Brazil nationnal');
INSERT INTO joueur_equipe VALUES ('2', 'Uruguay', '4', 'arriere lateraux', '10', 'Olympique Lyonnais');
INSERT INTO joueur_equipe VALUES ('3', 'Uruguay', '4', 'millieu defensif', '17', 'Real Madrid');
INSERT INTO joueur_equipe VALUES ('4', 'Uruguay', '4', 'avant centre', '19', 'Arsenal F.C.');
INSERT INTO joueur_equipe VALUES ('5', 'Uruguay', '4', 'millieu offensif', '35', 'Brazil nationnal');
INSERT INTO joueur_equipe VALUES ('6', 'Uruguay', '4', 'gardien de but', '45', 'Brazil nationnal');

 -- EQUIPE  + Association-- 

INSERT INTO equipe_foot VALUES ('Italie', '4', '17', '1');
INSERT INTO collaborateur_equipe VALUES ('18', 'Italie', '4');
INSERT INTO collaborateur_equipe VALUES ('19', 'Italie', '4');
INSERT INTO joueur_equipe VALUES ('11', 'Italie', '4', 'avant-centre', '1', 'F.C. Barcelona');
INSERT INTO joueur_equipe VALUES ('12', 'Italie', '4', 'arriere lateraux', '8', 'F.C. Barcelona');
INSERT INTO joueur_equipe VALUES ('13', 'Italie', '4', 'millieu defensif', '20', 'France National');
INSERT INTO joueur_equipe VALUES ('14', 'Italie', '4', 'avant centre', '18', 'F.C. Barcelona');
INSERT INTO joueur_equipe VALUES ('15', 'Italie', '4', 'millieu offensif', '31', 'Spain N.F.C.');
INSERT INTO joueur_equipe VALUES ('16', 'Italie', '4', 'gardien de but', '35', 'AS Monaco');

 -- EQUIPE  + Association-- 

INSERT INTO equipe_foot VALUES ('France', '4', '27', '7');
INSERT INTO collaborateur_equipe VALUES ('28', 'France', '4');
INSERT INTO collaborateur_equipe VALUES ('29', 'France', '4');
INSERT INTO joueur_equipe VALUES ('21', 'France', '4', 'avant-centre', '0', 'FC Bayern');
INSERT INTO joueur_equipe VALUES ('22', 'France', '4', 'arriere lateraux', '11', 'F.C. Barcelona');
INSERT INTO joueur_equipe VALUES ('23', 'France', '4', 'millieu defensif', '19', 'Spain N.F.C.');
INSERT INTO joueur_equipe VALUES ('24', 'France', '4', 'avant centre', '20', 'Olympique Lyonnais');
INSERT INTO joueur_equipe VALUES ('25', 'France', '4', 'millieu offensif', '28', 'Olympique Lyonnais');
INSERT INTO joueur_equipe VALUES ('26', 'France', '4', 'gardien de but', '51', 'Real Madrid');

 -- EQUIPE  + Association-- 

INSERT INTO equipe_foot VALUES ('Canada', '4', '37', '23');
INSERT INTO collaborateur_equipe VALUES ('38', 'Canada', '4');
INSERT INTO collaborateur_equipe VALUES ('39', 'Canada', '4');
INSERT INTO joueur_equipe VALUES ('31', 'Canada', '4', 'avant-centre', '1', 'Brazil nationnal');
INSERT INTO joueur_equipe VALUES ('32', 'Canada', '4', 'arriere lateraux', '9', 'Chelsea F.C.');
INSERT INTO joueur_equipe VALUES ('33', 'Canada', '4', 'millieu defensif', '21', 'Liverpool F.C.');
INSERT INTO joueur_equipe VALUES ('34', 'Canada', '4', 'avant centre', '26', 'Olympique Lyonnais');
INSERT INTO joueur_equipe VALUES ('35', 'Canada', '4', 'millieu offensif', '30', 'Real Madrid');
INSERT INTO joueur_equipe VALUES ('36', 'Canada', '4', 'gardien de but', '32', 'F.C. Barcelona');

 -- EQUIPE  + Association-- 

INSERT INTO equipe_foot VALUES ('Bresil', '4', '47', '17');
INSERT INTO collaborateur_equipe VALUES ('48', 'Bresil', '4');
INSERT INTO collaborateur_equipe VALUES ('49', 'Bresil', '4');
INSERT INTO joueur_equipe VALUES ('41', 'Bresil', '4', 'avant-centre', '0', 'Olympique Lyonnais');
INSERT INTO joueur_equipe VALUES ('42', 'Bresil', '4', 'arriere lateraux', '9', 'Manchester United F.C.');
INSERT INTO joueur_equipe VALUES ('43', 'Bresil', '4', 'millieu defensif', '13', 'Liverpool F.C.');
INSERT INTO joueur_equipe VALUES ('44', 'Bresil', '4', 'avant centre', '28', 'Arsenal F.C.');
INSERT INTO joueur_equipe VALUES ('45', 'Bresil', '4', 'millieu offensif', '41', 'AS Monaco');
INSERT INTO joueur_equipe VALUES ('46', 'Bresil', '4', 'gardien de but', '33', 'Spain N.F.C.');

 -- EQUIPE  + Association-- 

INSERT INTO equipe_foot VALUES ('Suisse', '4', '57', '22');
INSERT INTO collaborateur_equipe VALUES ('58', 'Suisse', '4');
INSERT INTO collaborateur_equipe VALUES ('59', 'Suisse', '4');
INSERT INTO joueur_equipe VALUES ('51', 'Suisse', '4', 'avant-centre', '0', 'Arsenal F.C.');
INSERT INTO joueur_equipe VALUES ('52', 'Suisse', '4', 'arriere lateraux', '10', 'Chelsea F.C.');
INSERT INTO joueur_equipe VALUES ('53', 'Suisse', '4', 'millieu defensif', '17', 'AS Monaco');
INSERT INTO joueur_equipe VALUES ('54', 'Suisse', '4', 'avant centre', '20', 'Real Madrid');
INSERT INTO joueur_equipe VALUES ('55', 'Suisse', '4', 'millieu offensif', '28', 'F.C. Barcelona');
INSERT INTO joueur_equipe VALUES ('56', 'Suisse', '4', 'gardien de but', '35', 'Manchester United F.C.');

 -- EQUIPE  + Association-- 

INSERT INTO equipe_foot VALUES ('Suede', '4', '67', '12');
INSERT INTO collaborateur_equipe VALUES ('68', 'Suede', '4');
INSERT INTO collaborateur_equipe VALUES ('69', 'Suede', '4');
INSERT INTO joueur_equipe VALUES ('61', 'Suede', '4', 'avant-centre', '1', 'Olympique Lyonnais');
INSERT INTO joueur_equipe VALUES ('62', 'Suede', '4', 'arriere lateraux', '6', 'Arsenal F.C.');
INSERT INTO joueur_equipe VALUES ('63', 'Suede', '4', 'millieu defensif', '17', 'FC Bayern');
INSERT INTO joueur_equipe VALUES ('64', 'Suede', '4', 'avant centre', '22', 'Olympique Lyonnais');
INSERT INTO joueur_equipe VALUES ('65', 'Suede', '4', 'millieu offensif', '34', 'Manchester United F.C.');
INSERT INTO joueur_equipe VALUES ('66', 'Suede', '4', 'gardien de but', '47', 'FC Bayern');

 -- EQUIPE  + Association-- 

INSERT INTO equipe_foot VALUES ('Chili', '4', '77', '6');
INSERT INTO collaborateur_equipe VALUES ('78', 'Chili', '4');
INSERT INTO collaborateur_equipe VALUES ('79', 'Chili', '4');
INSERT INTO joueur_equipe VALUES ('71', 'Chili', '4', 'avant-centre', '0', 'France National');
INSERT INTO joueur_equipe VALUES ('72', 'Chili', '4', 'arriere lateraux', '9', 'F.C. Barcelona');
INSERT INTO joueur_equipe VALUES ('73', 'Chili', '4', 'millieu defensif', '17', 'Olympique Lyonnais');
INSERT INTO joueur_equipe VALUES ('74', 'Chili', '4', 'avant centre', '31', 'Real Madrid');
INSERT INTO joueur_equipe VALUES ('75', 'Chili', '4', 'millieu offensif', '38', 'Brazil nationnal');
INSERT INTO joueur_equipe VALUES ('76', 'Chili', '4', 'gardien de but', '36', 'France National');

 -- EQUIPE  + Association-- 

INSERT INTO equipe_foot VALUES ('Angleterre', '4', '87', '8');
INSERT INTO collaborateur_equipe VALUES ('88', 'Angleterre', '4');
INSERT INTO collaborateur_equipe VALUES ('89', 'Angleterre', '4');
INSERT INTO joueur_equipe VALUES ('81', 'Angleterre', '4', 'avant-centre', '0', 'Arsenal F.C.');
INSERT INTO joueur_equipe VALUES ('82', 'Angleterre', '4', 'arriere lateraux', '7', 'Brazil nationnal');
INSERT INTO joueur_equipe VALUES ('83', 'Angleterre', '4', 'millieu defensif', '14', 'Spain N.F.C.');
INSERT INTO joueur_equipe VALUES ('84', 'Angleterre', '4', 'avant centre', '31', 'Chelsea F.C.');
INSERT INTO joueur_equipe VALUES ('85', 'Angleterre', '4', 'millieu offensif', '24', 'FC Bayern');
INSERT INTO joueur_equipe VALUES ('86', 'Angleterre', '4', 'gardien de but', '38', 'Spain N.F.C.');

 -- EQUIPE  + Association-- 

INSERT INTO equipe_foot VALUES ('Mexique', '4', '97', '3');
INSERT INTO collaborateur_equipe VALUES ('98', 'Mexique', '4');
INSERT INTO collaborateur_equipe VALUES ('99', 'Mexique', '4');
INSERT INTO joueur_equipe VALUES ('91', 'Mexique', '4', 'avant-centre', '0', 'Real Madrid');
INSERT INTO joueur_equipe VALUES ('92', 'Mexique', '4', 'arriere lateraux', '7', 'Arsenal F.C.');
INSERT INTO joueur_equipe VALUES ('93', 'Mexique', '4', 'millieu defensif', '19', 'FC Bayern');
INSERT INTO joueur_equipe VALUES ('94', 'Mexique', '4', 'avant centre', '25', 'Arsenal F.C.');
INSERT INTO joueur_equipe VALUES ('95', 'Mexique', '4', 'millieu offensif', '25', 'Chelsea F.C.');
INSERT INTO joueur_equipe VALUES ('96', 'Mexique', '4', 'gardien de but', '38', 'Manchester United F.C.');

 -- EQUIPE  + Association-- 

INSERT INTO equipe_foot VALUES ('Allemagne', '4', '107', '2');
INSERT INTO collaborateur_equipe VALUES ('108', 'Allemagne', '4');
INSERT INTO collaborateur_equipe VALUES ('109', 'Allemagne', '4');
INSERT INTO joueur_equipe VALUES ('101', 'Allemagne', '4', 'avant-centre', '0', 'Spain N.F.C.');
INSERT INTO joueur_equipe VALUES ('102', 'Allemagne', '4', 'arriere lateraux', '11', 'Manchester United F.C.');
INSERT INTO joueur_equipe VALUES ('103', 'Allemagne', '4', 'millieu defensif', '17', 'Spain N.F.C.');
INSERT INTO joueur_equipe VALUES ('104', 'Allemagne', '4', 'avant centre', '24', 'Brazil nationnal');
INSERT INTO joueur_equipe VALUES ('105', 'Allemagne', '4', 'millieu offensif', '28', 'Brazil nationnal');
INSERT INTO joueur_equipe VALUES ('106', 'Allemagne', '4', 'gardien de but', '50', 'Olympique Lyonnais');

 -- EQUIPE  + Association-- 

INSERT INTO equipe_foot VALUES ('Portugal', '4', '117', '11');
INSERT INTO collaborateur_equipe VALUES ('118', 'Portugal', '4');
INSERT INTO collaborateur_equipe VALUES ('119', 'Portugal', '4');
INSERT INTO joueur_equipe VALUES ('111', 'Portugal', '4', 'avant-centre', '1', 'Spain N.F.C.');
INSERT INTO joueur_equipe VALUES ('112', 'Portugal', '4', 'arriere lateraux', '6', 'Arsenal F.C.');
INSERT INTO joueur_equipe VALUES ('113', 'Portugal', '4', 'millieu defensif', '19', 'France National');
INSERT INTO joueur_equipe VALUES ('114', 'Portugal', '4', 'avant centre', '23', 'Manchester United F.C.');
INSERT INTO joueur_equipe VALUES ('115', 'Portugal', '4', 'millieu offensif', '33', 'AS Monaco');
INSERT INTO joueur_equipe VALUES ('116', 'Portugal', '4', 'gardien de but', '51', 'AS Monaco');

 -- EQUIPE  + Association-- 

INSERT INTO equipe_foot VALUES ('Autriche', '4', '127', '30');
INSERT INTO collaborateur_equipe VALUES ('128', 'Autriche', '4');
INSERT INTO collaborateur_equipe VALUES ('129', 'Autriche', '4');
INSERT INTO joueur_equipe VALUES ('121', 'Autriche', '4', 'avant-centre', '0', 'Manchester United F.C.');
INSERT INTO joueur_equipe VALUES ('122', 'Autriche', '4', 'arriere lateraux', '11', 'Arsenal F.C.');
INSERT INTO joueur_equipe VALUES ('123', 'Autriche', '4', 'millieu defensif', '13', 'FC Bayern');
INSERT INTO joueur_equipe VALUES ('124', 'Autriche', '4', 'avant centre', '24', 'Spain N.F.C.');
INSERT INTO joueur_equipe VALUES ('125', 'Autriche', '4', 'millieu offensif', '34', 'Liverpool F.C.');
INSERT INTO joueur_equipe VALUES ('126', 'Autriche', '4', 'gardien de but', '38', 'FC Bayern');

 -- EQUIPE  + Association-- 

INSERT INTO equipe_foot VALUES ('Yougoslavie', '4', '137', '25');
INSERT INTO collaborateur_equipe VALUES ('138', 'Yougoslavie', '4');
INSERT INTO collaborateur_equipe VALUES ('139', 'Yougoslavie', '4');
INSERT INTO joueur_equipe VALUES ('131', 'Yougoslavie', '4', 'avant-centre', '1', 'Real Madrid');
INSERT INTO joueur_equipe VALUES ('132', 'Yougoslavie', '4', 'arriere lateraux', '10', 'Spain N.F.C.');
INSERT INTO joueur_equipe VALUES ('133', 'Yougoslavie', '4', 'millieu defensif', '16', 'Real Madrid');
INSERT INTO joueur_equipe VALUES ('134', 'Yougoslavie', '4', 'avant centre', '20', 'Spain N.F.C.');
INSERT INTO joueur_equipe VALUES ('135', 'Yougoslavie', '4', 'millieu offensif', '36', 'Brazil nationnal');
INSERT INTO joueur_equipe VALUES ('136', 'Yougoslavie', '4', 'gardien de but', '34', 'France National');

 -- EQUIPE  + Association-- 

INSERT INTO equipe_foot VALUES ('Union sovietique', '4', '147', '5');
INSERT INTO collaborateur_equipe VALUES ('148', 'Union sovietique', '4');
INSERT INTO collaborateur_equipe VALUES ('149', 'Union sovietique', '4');
INSERT INTO joueur_equipe VALUES ('141', 'Union sovietique', '4', 'avant-centre', '1', 'Arsenal F.C.');
INSERT INTO joueur_equipe VALUES ('142', 'Union sovietique', '4', 'arriere lateraux', '6', 'F.C. Barcelona');
INSERT INTO joueur_equipe VALUES ('143', 'Union sovietique', '4', 'millieu defensif', '12', 'Spain N.F.C.');
INSERT INTO joueur_equipe VALUES ('144', 'Union sovietique', '4', 'avant centre', '20', 'Brazil nationnal');
INSERT INTO joueur_equipe VALUES ('145', 'Union sovietique', '4', 'millieu offensif', '30', 'Spain N.F.C.');
INSERT INTO joueur_equipe VALUES ('146', 'Union sovietique', '4', 'gardien de but', '34', 'Chelsea F.C.');

 -- EQUIPE  + Association-- 

INSERT INTO equipe_foot VALUES ('Tchecoslovaquie', '4', '157', '28');
INSERT INTO collaborateur_equipe VALUES ('158', 'Tchecoslovaquie', '4');
INSERT INTO collaborateur_equipe VALUES ('159', 'Tchecoslovaquie', '4');
INSERT INTO joueur_equipe VALUES ('151', 'Tchecoslovaquie', '4', 'avant-centre', '1', 'Chelsea F.C.');
INSERT INTO joueur_equipe VALUES ('152', 'Tchecoslovaquie', '4', 'arriere lateraux', '8', 'Real Madrid');
INSERT INTO joueur_equipe VALUES ('153', 'Tchecoslovaquie', '4', 'millieu defensif', '12', 'Olympique Lyonnais');
INSERT INTO joueur_equipe VALUES ('154', 'Tchecoslovaquie', '4', 'avant centre', '25', 'Brazil nationnal');
INSERT INTO joueur_equipe VALUES ('155', 'Tchecoslovaquie', '4', 'millieu offensif', '34', 'F.C. Barcelona');
INSERT INTO joueur_equipe VALUES ('156', 'Tchecoslovaquie', '4', 'gardien de but', '40', 'Olympique Lyonnais');

 -- EQUIPE  + Association-- 

INSERT INTO equipe_foot VALUES ('Pologne', '4', '167', '14');
INSERT INTO collaborateur_equipe VALUES ('168', 'Pologne', '4');
INSERT INTO collaborateur_equipe VALUES ('169', 'Pologne', '4');
INSERT INTO joueur_equipe VALUES ('161', 'Pologne', '4', 'avant-centre', '1', 'FC Bayern');
INSERT INTO joueur_equipe VALUES ('162', 'Pologne', '4', 'arriere lateraux', '11', 'Chelsea F.C.');
INSERT INTO joueur_equipe VALUES ('163', 'Pologne', '4', 'millieu defensif', '18', 'Spain N.F.C.');
INSERT INTO joueur_equipe VALUES ('164', 'Pologne', '4', 'avant centre', '23', 'Arsenal F.C.');
INSERT INTO joueur_equipe VALUES ('165', 'Pologne', '4', 'millieu offensif', '27', 'FC Bayern');
INSERT INTO joueur_equipe VALUES ('166', 'Pologne', '4', 'gardien de but', '39', 'Spain N.F.C.');

 -- EQUIPE  + Association-- 

INSERT INTO equipe_foot VALUES ('Argentine', '4', '177', '13');
INSERT INTO collaborateur_equipe VALUES ('178', 'Argentine', '4');
INSERT INTO collaborateur_equipe VALUES ('179', 'Argentine', '4');
INSERT INTO joueur_equipe VALUES ('171', 'Argentine', '4', 'avant-centre', '1', 'Arsenal F.C.');
INSERT INTO joueur_equipe VALUES ('172', 'Argentine', '4', 'arriere lateraux', '11', 'Brazil nationnal');
INSERT INTO joueur_equipe VALUES ('173', 'Argentine', '4', 'millieu defensif', '14', 'Chelsea F.C.');
INSERT INTO joueur_equipe VALUES ('174', 'Argentine', '4', 'avant centre', '30', 'France National');
INSERT INTO joueur_equipe VALUES ('175', 'Argentine', '4', 'millieu offensif', '25', 'Spain N.F.C.');
INSERT INTO joueur_equipe VALUES ('176', 'Argentine', '4', 'gardien de but', '44', 'Olympique Lyonnais');

 -- EQUIPE  + Association-- 

INSERT INTO equipe_foot VALUES ('Belgique', '4', '187', '18');
INSERT INTO collaborateur_equipe VALUES ('188', 'Belgique', '4');
INSERT INTO collaborateur_equipe VALUES ('189', 'Belgique', '4');
INSERT INTO joueur_equipe VALUES ('181', 'Belgique', '4', 'avant-centre', '1', 'Olympique Lyonnais');
INSERT INTO joueur_equipe VALUES ('182', 'Belgique', '4', 'arriere lateraux', '6', 'F.C. Barcelona');
INSERT INTO joueur_equipe VALUES ('183', 'Belgique', '4', 'millieu defensif', '13', 'FC Bayern');
INSERT INTO joueur_equipe VALUES ('184', 'Belgique', '4', 'avant centre', '27', 'Brazil nationnal');
INSERT INTO joueur_equipe VALUES ('185', 'Belgique', '4', 'millieu offensif', '41', 'Real Madrid');
INSERT INTO joueur_equipe VALUES ('186', 'Belgique', '4', 'gardien de but', '44', 'Real Madrid');

 -- EQUIPE  + Association-- 

INSERT INTO equipe_foot VALUES ('Croatie', '4', '197', '4');
INSERT INTO collaborateur_equipe VALUES ('198', 'Croatie', '4');
INSERT INTO collaborateur_equipe VALUES ('199', 'Croatie', '4');
INSERT INTO joueur_equipe VALUES ('191', 'Croatie', '4', 'avant-centre', '1', 'Manchester United F.C.');
INSERT INTO joueur_equipe VALUES ('192', 'Croatie', '4', 'arriere lateraux', '7', 'Brazil nationnal');
INSERT INTO joueur_equipe VALUES ('193', 'Croatie', '4', 'millieu defensif', '17', 'Brazil nationnal');
INSERT INTO joueur_equipe VALUES ('194', 'Croatie', '4', 'avant centre', '22', 'AS Monaco');
INSERT INTO joueur_equipe VALUES ('195', 'Croatie', '4', 'millieu offensif', '35', 'Arsenal F.C.');
INSERT INTO joueur_equipe VALUES ('196', 'Croatie', '4', 'gardien de but', '36', 'Arsenal F.C.');

 -- EQUIPE  + Association-- 

INSERT INTO equipe_foot VALUES ('Pays-Bas', '4', '207', '24');
INSERT INTO collaborateur_equipe VALUES ('208', 'Pays-Bas', '4');
INSERT INTO collaborateur_equipe VALUES ('209', 'Pays-Bas', '4');
INSERT INTO joueur_equipe VALUES ('201', 'Pays-Bas', '4', 'avant-centre', '1', 'FC Bayern');
INSERT INTO joueur_equipe VALUES ('202', 'Pays-Bas', '4', 'arriere lateraux', '7', 'Liverpool F.C.');
INSERT INTO joueur_equipe VALUES ('203', 'Pays-Bas', '4', 'millieu defensif', '16', 'AS Monaco');
INSERT INTO joueur_equipe VALUES ('204', 'Pays-Bas', '4', 'avant centre', '20', 'Olympique Lyonnais');
INSERT INTO joueur_equipe VALUES ('205', 'Pays-Bas', '4', 'millieu offensif', '38', 'Olympique Lyonnais');
INSERT INTO joueur_equipe VALUES ('206', 'Pays-Bas', '4', 'gardien de but', '43', 'Chelsea F.C.');

 -- EQUIPE  + Association-- 

INSERT INTO equipe_foot VALUES ('Coree du Sud', '4', '217', '16');
INSERT INTO collaborateur_equipe VALUES ('218', 'Coree du Sud', '4');
INSERT INTO collaborateur_equipe VALUES ('219', 'Coree du Sud', '4');
INSERT INTO joueur_equipe VALUES ('211', 'Coree du Sud', '4', 'avant-centre', '1', 'AS Monaco');
INSERT INTO joueur_equipe VALUES ('212', 'Coree du Sud', '4', 'arriere lateraux', '9', 'Liverpool F.C.');
INSERT INTO joueur_equipe VALUES ('213', 'Coree du Sud', '4', 'millieu defensif', '21', 'Real Madrid');
INSERT INTO joueur_equipe VALUES ('214', 'Coree du Sud', '4', 'avant centre', '30', 'F.C. Barcelona');
INSERT INTO joueur_equipe VALUES ('215', 'Coree du Sud', '4', 'millieu offensif', '39', 'Manchester United F.C.');
INSERT INTO joueur_equipe VALUES ('216', 'Coree du Sud', '4', 'gardien de but', '40', 'Chelsea F.C.');

 -- EQUIPE  + Association-- 

INSERT INTO equipe_foot VALUES ('Japon', '4', '227', '29');
INSERT INTO collaborateur_equipe VALUES ('228', 'Japon', '4');
INSERT INTO collaborateur_equipe VALUES ('229', 'Japon', '4');
INSERT INTO joueur_equipe VALUES ('221', 'Japon', '4', 'avant-centre', '1', 'Liverpool F.C.');
INSERT INTO joueur_equipe VALUES ('222', 'Japon', '4', 'arriere lateraux', '11', 'Real Madrid');
INSERT INTO joueur_equipe VALUES ('223', 'Japon', '4', 'millieu defensif', '13', 'Manchester United F.C.');
INSERT INTO joueur_equipe VALUES ('224', 'Japon', '4', 'avant centre', '20', 'Brazil nationnal');
INSERT INTO joueur_equipe VALUES ('225', 'Japon', '4', 'millieu offensif', '26', 'FC Bayern');
INSERT INTO joueur_equipe VALUES ('226', 'Japon', '4', 'gardien de but', '35', 'Chelsea F.C.');

 -- EQUIPE  + Association-- 

INSERT INTO equipe_foot VALUES ('Russie', '4', '237', '20');
INSERT INTO collaborateur_equipe VALUES ('238', 'Russie', '4');
INSERT INTO collaborateur_equipe VALUES ('239', 'Russie', '4');
INSERT INTO joueur_equipe VALUES ('231', 'Russie', '4', 'avant-centre', '0', 'Chelsea F.C.');
INSERT INTO joueur_equipe VALUES ('232', 'Russie', '4', 'arriere lateraux', '10', 'FC Bayern');
INSERT INTO joueur_equipe VALUES ('233', 'Russie', '4', 'millieu defensif', '17', 'Brazil nationnal');
INSERT INTO joueur_equipe VALUES ('234', 'Russie', '4', 'avant centre', '31', 'Arsenal F.C.');
INSERT INTO joueur_equipe VALUES ('235', 'Russie', '4', 'millieu offensif', '38', 'Real Madrid');
INSERT INTO joueur_equipe VALUES ('236', 'Russie', '4', 'gardien de but', '35', 'AS Monaco');

 -- EQUIPE  + Association-- 

INSERT INTO equipe_foot VALUES ('Maroque', '4', '247', '27');
INSERT INTO collaborateur_equipe VALUES ('248', 'Maroque', '4');
INSERT INTO collaborateur_equipe VALUES ('249', 'Maroque', '4');
INSERT INTO joueur_equipe VALUES ('241', 'Maroque', '4', 'avant-centre', '0', 'Real Madrid');
INSERT INTO joueur_equipe VALUES ('242', 'Maroque', '4', 'arriere lateraux', '8', 'Manchester United F.C.');
INSERT INTO joueur_equipe VALUES ('243', 'Maroque', '4', 'millieu defensif', '14', 'F.C. Barcelona');
INSERT INTO joueur_equipe VALUES ('244', 'Maroque', '4', 'avant centre', '21', 'Spain N.F.C.');
INSERT INTO joueur_equipe VALUES ('245', 'Maroque', '4', 'millieu offensif', '35', 'Liverpool F.C.');
INSERT INTO joueur_equipe VALUES ('246', 'Maroque', '4', 'gardien de but', '34', 'Real Madrid');

 -- EQUIPE  + Association-- 

INSERT INTO equipe_foot VALUES ('Egypt', '4', '257', '21');
INSERT INTO collaborateur_equipe VALUES ('258', 'Egypt', '4');
INSERT INTO collaborateur_equipe VALUES ('259', 'Egypt', '4');
INSERT INTO joueur_equipe VALUES ('251', 'Egypt', '4', 'avant-centre', '1', 'Olympique Lyonnais');
INSERT INTO joueur_equipe VALUES ('252', 'Egypt', '4', 'arriere lateraux', '8', 'F.C. Barcelona');
INSERT INTO joueur_equipe VALUES ('253', 'Egypt', '4', 'millieu defensif', '14', 'Olympique Lyonnais');
INSERT INTO joueur_equipe VALUES ('254', 'Egypt', '4', 'avant centre', '20', 'Real Madrid');
INSERT INTO joueur_equipe VALUES ('255', 'Egypt', '4', 'millieu offensif', '33', 'FC Bayern');
INSERT INTO joueur_equipe VALUES ('256', 'Egypt', '4', 'gardien de but', '30', 'F.C. Barcelona');

 -- EQUIPE  + Association-- 

INSERT INTO equipe_foot VALUES ('Grece', '4', '267', '19');
INSERT INTO collaborateur_equipe VALUES ('268', 'Grece', '4');
INSERT INTO collaborateur_equipe VALUES ('269', 'Grece', '4');
INSERT INTO joueur_equipe VALUES ('261', 'Grece', '4', 'avant-centre', '0', 'France National');
INSERT INTO joueur_equipe VALUES ('262', 'Grece', '4', 'arriere lateraux', '11', 'Liverpool F.C.');
INSERT INTO joueur_equipe VALUES ('263', 'Grece', '4', 'millieu defensif', '17', 'Brazil nationnal');
INSERT INTO joueur_equipe VALUES ('264', 'Grece', '4', 'avant centre', '23', 'Olympique Lyonnais');
INSERT INTO joueur_equipe VALUES ('265', 'Grece', '4', 'millieu offensif', '38', 'Brazil nationnal');
INSERT INTO joueur_equipe VALUES ('266', 'Grece', '4', 'gardien de but', '39', 'Spain N.F.C.');

 -- EQUIPE  + Association-- 

INSERT INTO equipe_foot VALUES ('Qatar', '4', '277', '15');
INSERT INTO collaborateur_equipe VALUES ('278', 'Qatar', '4');
INSERT INTO collaborateur_equipe VALUES ('279', 'Qatar', '4');
INSERT INTO joueur_equipe VALUES ('271', 'Qatar', '4', 'avant-centre', '0', 'Spain N.F.C.');
INSERT INTO joueur_equipe VALUES ('272', 'Qatar', '4', 'arriere lateraux', '11', 'AS Monaco');
INSERT INTO joueur_equipe VALUES ('273', 'Qatar', '4', 'millieu defensif', '13', 'Olympique Lyonnais');
INSERT INTO joueur_equipe VALUES ('274', 'Qatar', '4', 'avant centre', '28', 'Olympique Lyonnais');
INSERT INTO joueur_equipe VALUES ('275', 'Qatar', '4', 'millieu offensif', '30', 'France National');
INSERT INTO joueur_equipe VALUES ('276', 'Qatar', '4', 'gardien de but', '45', 'France National');

 -- EQUIPE  + Association-- 

INSERT INTO equipe_foot VALUES ('Etats-Unis', '4', '287', '26');
INSERT INTO collaborateur_equipe VALUES ('288', 'Etats-Unis', '4');
INSERT INTO collaborateur_equipe VALUES ('289', 'Etats-Unis', '4');
INSERT INTO joueur_equipe VALUES ('281', 'Etats-Unis', '4', 'avant-centre', '0', 'Chelsea F.C.');
INSERT INTO joueur_equipe VALUES ('282', 'Etats-Unis', '4', 'arriere lateraux', '8', 'Liverpool F.C.');
INSERT INTO joueur_equipe VALUES ('283', 'Etats-Unis', '4', 'millieu defensif', '17', 'F.C. Barcelona');
INSERT INTO joueur_equipe VALUES ('284', 'Etats-Unis', '4', 'avant centre', '21', 'F.C. Barcelona');
INSERT INTO joueur_equipe VALUES ('285', 'Etats-Unis', '4', 'millieu offensif', '26', 'Liverpool F.C.');
INSERT INTO joueur_equipe VALUES ('286', 'Etats-Unis', '4', 'gardien de but', '41', 'Spain N.F.C.');

 -- EQUIPE  + Association-- 

INSERT INTO equipe_foot VALUES ('Turquie', '4', '297', '9');
INSERT INTO collaborateur_equipe VALUES ('298', 'Turquie', '4');
INSERT INTO collaborateur_equipe VALUES ('299', 'Turquie', '4');
INSERT INTO joueur_equipe VALUES ('291', 'Turquie', '4', 'avant-centre', '1', 'Manchester United F.C.');
INSERT INTO joueur_equipe VALUES ('292', 'Turquie', '4', 'arriere lateraux', '11', 'Arsenal F.C.');
INSERT INTO joueur_equipe VALUES ('293', 'Turquie', '4', 'millieu defensif', '20', 'Real Madrid');
INSERT INTO joueur_equipe VALUES ('294', 'Turquie', '4', 'avant centre', '27', 'Spain N.F.C.');
INSERT INTO joueur_equipe VALUES ('295', 'Turquie', '4', 'millieu offensif', '26', 'F.C. Barcelona');
INSERT INTO joueur_equipe VALUES ('296', 'Turquie', '4', 'gardien de but', '50', 'Chelsea F.C.');

 -- Stade -- 
INSERT INTO stade VALUES ('Fern field', 'Bobski', '41000', 'Canada', '1921');

 -- Match -- 

INSERT INTO match_foot VALUES ('2010-06-11', 'Canada', 'Pologne', 'Ronde de Group', '5', '4', '4', 'Fern field', 'Bobski');

 -- Arbitre du Match -- 

INSERT INTO arbitre_match VALUES ('90', 'Canada', 'Pologne', 'Principal', '2010-06-11');
INSERT INTO arbitre_match VALUES ('130', 'Canada', 'Pologne', 'Assistant', '2010-06-11');
INSERT INTO arbitre_match VALUES ('200', 'Canada', 'Pologne', 'Assistant', '2010-06-11');
INSERT INTO arbitre_match VALUES ('230', 'Canada', 'Pologne', 'Assistant', '2010-06-11');

 -- Sanction du match -- 

INSERT INTO sanction (joueur_id, arbitre_id, nation_equipe_1, nation_equipe_2, match_date, couleur) VALUES ('16', '90', 'Canada', 'Pologne', '2010-06-11', 'Jaune');

 -- Match -- 

INSERT INTO match_foot VALUES ('2010-06-11', 'Bresil', 'Argentine', 'Ronde de Group', '1', '0', '4', 'Fern field', 'Bobski');

 -- Arbitre du Match -- 

INSERT INTO arbitre_match VALUES ('100', 'Bresil', 'Argentine', 'Principal', '2010-06-11');
INSERT INTO arbitre_match VALUES ('130', 'Bresil', 'Argentine', 'Assistant', '2010-06-11');
INSERT INTO arbitre_match VALUES ('170', 'Bresil', 'Argentine', 'Assistant', '2010-06-11');
INSERT INTO arbitre_match VALUES ('250', 'Bresil', 'Argentine', 'Assistant', '2010-06-11');

 -- Sanction du match -- 

INSERT INTO sanction (joueur_id, arbitre_id, nation_equipe_1, nation_equipe_2, match_date, couleur) VALUES ('25', '100', 'Bresil', 'Argentine', '2010-06-11', 'Jaune');

 -- Sanction du match -- 

INSERT INTO sanction (joueur_id, arbitre_id, nation_equipe_1, nation_equipe_2, match_date, couleur) VALUES ('26', '100', 'Bresil', 'Argentine', '2010-06-11', 'Rouge');

 -- Sanction du match -- 

INSERT INTO sanction (joueur_id, arbitre_id, nation_equipe_1, nation_equipe_2, match_date, couleur) VALUES ('24', '100', 'Bresil', 'Argentine', '2010-06-11', 'Jaune');

 -- Match -- 

INSERT INTO match_foot VALUES ('2010-06-11', 'Suisse', 'Belgique', 'Final', '3', '2', '4', 'Fern field', 'Bobski');

 -- Arbitre du Match -- 

INSERT INTO arbitre_match VALUES ('60', 'Suisse', 'Belgique', 'Principal', '2010-06-11');
INSERT INTO arbitre_match VALUES ('150', 'Suisse', 'Belgique', 'Assistant', '2010-06-11');
INSERT INTO arbitre_match VALUES ('170', 'Suisse', 'Belgique', 'Assistant', '2010-06-11');
INSERT INTO arbitre_match VALUES ('240', 'Suisse', 'Belgique', 'Assistant', '2010-06-11');

 -- Sanction du match -- 

INSERT INTO sanction (joueur_id, arbitre_id, nation_equipe_1, nation_equipe_2, match_date, couleur) VALUES ('33', '60', 'Suisse', 'Belgique', '2010-06-11', 'Jaune');

 -- Sanction du match -- 

INSERT INTO sanction (joueur_id, arbitre_id, nation_equipe_1, nation_equipe_2, match_date, couleur) VALUES ('31', '60', 'Suisse', 'Belgique', '2010-06-11', 'Jaune');

 -- Match -- 

INSERT INTO match_foot VALUES ('2010-06-11', 'Suede', 'Croatie', 'Ronde de Group', '5', '4', '4', 'Fern field', 'Bobski');

 -- Arbitre du Match -- 

INSERT INTO arbitre_match VALUES ('80', 'Suede', 'Croatie', 'Principal', '2010-06-11');
INSERT INTO arbitre_match VALUES ('140', 'Suede', 'Croatie', 'Assistant', '2010-06-11');
INSERT INTO arbitre_match VALUES ('190', 'Suede', 'Croatie', 'Assistant', '2010-06-11');
INSERT INTO arbitre_match VALUES ('230', 'Suede', 'Croatie', 'Assistant', '2010-06-11');

 -- Sanction du match -- 

INSERT INTO sanction (joueur_id, arbitre_id, nation_equipe_1, nation_equipe_2, match_date, couleur) VALUES ('46', '80', 'Suede', 'Croatie', '2010-06-11', 'Rouge');

 -- Match -- 

INSERT INTO match_foot VALUES ('2010-06-11', 'Chili', 'Pays-Bas', 'Play-off 3e place', '1', '4', '4', 'Fern field', 'Bobski');

 -- Arbitre du Match -- 

INSERT INTO arbitre_match VALUES ('70', 'Chili', 'Pays-Bas', 'Principal', '2010-06-11');
INSERT INTO arbitre_match VALUES ('150', 'Chili', 'Pays-Bas', 'Assistant', '2010-06-11');
INSERT INTO arbitre_match VALUES ('180', 'Chili', 'Pays-Bas', 'Assistant', '2010-06-11');
INSERT INTO arbitre_match VALUES ('230', 'Chili', 'Pays-Bas', 'Assistant', '2010-06-11');

 -- Sanction du match -- 

INSERT INTO sanction (joueur_id, arbitre_id, nation_equipe_1, nation_equipe_2, match_date, couleur) VALUES ('55', '70', 'Chili', 'Pays-Bas', '2010-06-11', 'Jaune');

 -- Match -- 

INSERT INTO match_foot VALUES ('2010-06-11', 'Angleterre', 'Coree du Sud', 'Ronde de Group', '2', '4', '4', 'Fern field', 'Bobski');

 -- Arbitre du Match -- 

INSERT INTO arbitre_match VALUES ('70', 'Angleterre', 'Coree du Sud', 'Principal', '2010-06-11');
INSERT INTO arbitre_match VALUES ('150', 'Angleterre', 'Coree du Sud', 'Assistant', '2010-06-11');
INSERT INTO arbitre_match VALUES ('160', 'Angleterre', 'Coree du Sud', 'Assistant', '2010-06-11');
INSERT INTO arbitre_match VALUES ('210', 'Angleterre', 'Coree du Sud', 'Assistant', '2010-06-11');

 -- Match -- 

INSERT INTO match_foot VALUES ('2010-06-11', 'Mexique', 'Japon', 'Final', '0', '4', '4', 'Fern field', 'Bobski');

 -- Arbitre du Match -- 

INSERT INTO arbitre_match VALUES ('70', 'Mexique', 'Japon', 'Principal', '2010-06-11');
INSERT INTO arbitre_match VALUES ('150', 'Mexique', 'Japon', 'Assistant', '2010-06-11');
INSERT INTO arbitre_match VALUES ('190', 'Mexique', 'Japon', 'Assistant', '2010-06-11');
INSERT INTO arbitre_match VALUES ('210', 'Mexique', 'Japon', 'Assistant', '2010-06-11');

 -- Sanction du match -- 

INSERT INTO sanction (joueur_id, arbitre_id, nation_equipe_1, nation_equipe_2, match_date, couleur) VALUES ('73', '70', 'Mexique', 'Japon', '2010-06-11', 'Jaune');

 -- Sanction du match -- 

INSERT INTO sanction (joueur_id, arbitre_id, nation_equipe_1, nation_equipe_2, match_date, couleur) VALUES ('76', '70', 'Mexique', 'Japon', '2010-06-11', 'Jaune');

 -- Match -- 

INSERT INTO match_foot VALUES ('2010-06-11', 'Allemagne', 'Russie', 'Ronde de 16', '3', '4', '4', 'Fern field', 'Bobski');

 -- Arbitre du Match -- 

INSERT INTO arbitre_match VALUES ('80', 'Allemagne', 'Russie', 'Principal', '2010-06-11');
INSERT INTO arbitre_match VALUES ('120', 'Allemagne', 'Russie', 'Assistant', '2010-06-11');
INSERT INTO arbitre_match VALUES ('200', 'Allemagne', 'Russie', 'Assistant', '2010-06-11');
INSERT INTO arbitre_match VALUES ('230', 'Allemagne', 'Russie', 'Assistant', '2010-06-11');

 -- Sanction du match -- 

INSERT INTO sanction (joueur_id, arbitre_id, nation_equipe_1, nation_equipe_2, match_date, couleur) VALUES ('81', '80', 'Allemagne', 'Russie', '2010-06-11', 'Rouge');

 -- Sanction du match -- 

INSERT INTO sanction (joueur_id, arbitre_id, nation_equipe_1, nation_equipe_2, match_date, couleur) VALUES ('84', '80', 'Allemagne', 'Russie', '2010-06-11', 'Jaune');

 -- Match -- 

INSERT INTO match_foot VALUES ('2010-06-11', 'Portugal', 'Maroque', 'Ronde de 16', '0', '2', '4', 'Fern field', 'Bobski');

 -- Arbitre du Match -- 

INSERT INTO arbitre_match VALUES ('70', 'Portugal', 'Maroque', 'Principal', '2010-06-11');
INSERT INTO arbitre_match VALUES ('140', 'Portugal', 'Maroque', 'Assistant', '2010-06-11');
INSERT INTO arbitre_match VALUES ('190', 'Portugal', 'Maroque', 'Assistant', '2010-06-11');
INSERT INTO arbitre_match VALUES ('220', 'Portugal', 'Maroque', 'Assistant', '2010-06-11');

 -- Sanction du match -- 

INSERT INTO sanction (joueur_id, arbitre_id, nation_equipe_1, nation_equipe_2, match_date, couleur) VALUES ('96', '70', 'Portugal', 'Maroque', '2010-06-11', 'Jaune');

 -- Match -- 

INSERT INTO match_foot VALUES ('2010-06-11', 'Autriche', 'Egypt', 'Ronde de Group', '6', '5', '4', 'Fern field', 'Bobski');

 -- Arbitre du Match -- 

INSERT INTO arbitre_match VALUES ('90', 'Autriche', 'Egypt', 'Principal', '2010-06-11');
INSERT INTO arbitre_match VALUES ('120', 'Autriche', 'Egypt', 'Assistant', '2010-06-11');
INSERT INTO arbitre_match VALUES ('170', 'Autriche', 'Egypt', 'Assistant', '2010-06-11');
INSERT INTO arbitre_match VALUES ('230', 'Autriche', 'Egypt', 'Assistant', '2010-06-11');

 -- Sanction du match -- 

INSERT INTO sanction (joueur_id, arbitre_id, nation_equipe_1, nation_equipe_2, match_date, couleur) VALUES ('102', '90', 'Autriche', 'Egypt', '2010-06-11', 'Jaune');

 -- Sanction du match -- 

INSERT INTO sanction (joueur_id, arbitre_id, nation_equipe_1, nation_equipe_2, match_date, couleur) VALUES ('104', '90', 'Autriche', 'Egypt', '2010-06-11', 'Rouge');


  -- Coupe Du Monde  --- 
INSERT INTO coupe_du_monde VALUES ('5', '2014-06-12', '2014-07-13');
INSERT INTO pays_coupe VALUES ('Bresil', '5');


 -- EQUIPE  + Association-- 

INSERT INTO equipe_foot VALUES ('Uruguay', '5', '7', '3');
INSERT INTO collaborateur_equipe VALUES ('8', 'Uruguay', '5');
INSERT INTO collaborateur_equipe VALUES ('9', 'Uruguay', '5');
INSERT INTO joueur_equipe VALUES ('1', 'Uruguay', '5', 'avant-centre', '0', 'Olympique Lyonnais');
INSERT INTO joueur_equipe VALUES ('2', 'Uruguay', '5', 'arriere lateraux', '8', 'Spain N.F.C.');
INSERT INTO joueur_equipe VALUES ('3', 'Uruguay', '5', 'millieu defensif', '15', 'Spain N.F.C.');
INSERT INTO joueur_equipe VALUES ('4', 'Uruguay', '5', 'avant centre', '25', 'AS Monaco');
INSERT INTO joueur_equipe VALUES ('5', 'Uruguay', '5', 'millieu offensif', '27', 'Real Madrid');
INSERT INTO joueur_equipe VALUES ('6', 'Uruguay', '5', 'gardien de but', '35', 'Manchester United F.C.');

 -- EQUIPE  + Association-- 

INSERT INTO equipe_foot VALUES ('Italie', '5', '17', '11');
INSERT INTO collaborateur_equipe VALUES ('18', 'Italie', '5');
INSERT INTO collaborateur_equipe VALUES ('19', 'Italie', '5');
INSERT INTO joueur_equipe VALUES ('11', 'Italie', '5', 'avant-centre', '1', 'AS Monaco');
INSERT INTO joueur_equipe VALUES ('12', 'Italie', '5', 'arriere lateraux', '9', 'FC Bayern');
INSERT INTO joueur_equipe VALUES ('13', 'Italie', '5', 'millieu defensif', '16', 'Arsenal F.C.');
INSERT INTO joueur_equipe VALUES ('14', 'Italie', '5', 'avant centre', '20', 'Real Madrid');
INSERT INTO joueur_equipe VALUES ('15', 'Italie', '5', 'millieu offensif', '26', 'Arsenal F.C.');
INSERT INTO joueur_equipe VALUES ('16', 'Italie', '5', 'gardien de but', '30', 'France National');

 -- EQUIPE  + Association-- 

INSERT INTO equipe_foot VALUES ('France', '5', '27', '2');
INSERT INTO collaborateur_equipe VALUES ('28', 'France', '5');
INSERT INTO collaborateur_equipe VALUES ('29', 'France', '5');
INSERT INTO joueur_equipe VALUES ('21', 'France', '5', 'avant-centre', '0', 'AS Monaco');
INSERT INTO joueur_equipe VALUES ('22', 'France', '5', 'arriere lateraux', '7', 'Spain N.F.C.');
INSERT INTO joueur_equipe VALUES ('23', 'France', '5', 'millieu defensif', '15', 'Arsenal F.C.');
INSERT INTO joueur_equipe VALUES ('24', 'France', '5', 'avant centre', '23', 'FC Bayern');
INSERT INTO joueur_equipe VALUES ('25', 'France', '5', 'millieu offensif', '24', 'Olympique Lyonnais');
INSERT INTO joueur_equipe VALUES ('26', 'France', '5', 'gardien de but', '34', 'Brazil nationnal');

 -- EQUIPE  + Association-- 

INSERT INTO equipe_foot VALUES ('Canada', '5', '37', '25');
INSERT INTO collaborateur_equipe VALUES ('38', 'Canada', '5');
INSERT INTO collaborateur_equipe VALUES ('39', 'Canada', '5');
INSERT INTO joueur_equipe VALUES ('31', 'Canada', '5', 'avant-centre', '1', 'AS Monaco');
INSERT INTO joueur_equipe VALUES ('32', 'Canada', '5', 'arriere lateraux', '6', 'Olympique Lyonnais');
INSERT INTO joueur_equipe VALUES ('33', 'Canada', '5', 'millieu defensif', '12', 'FC Bayern');
INSERT INTO joueur_equipe VALUES ('34', 'Canada', '5', 'avant centre', '21', 'Brazil nationnal');
INSERT INTO joueur_equipe VALUES ('35', 'Canada', '5', 'millieu offensif', '40', 'Olympique Lyonnais');
INSERT INTO joueur_equipe VALUES ('36', 'Canada', '5', 'gardien de but', '46', 'Arsenal F.C.');

 -- EQUIPE  + Association-- 

INSERT INTO equipe_foot VALUES ('Bresil', '5', '47', '10');
INSERT INTO collaborateur_equipe VALUES ('48', 'Bresil', '5');
INSERT INTO collaborateur_equipe VALUES ('49', 'Bresil', '5');
INSERT INTO joueur_equipe VALUES ('41', 'Bresil', '5', 'avant-centre', '1', 'Real Madrid');
INSERT INTO joueur_equipe VALUES ('42', 'Bresil', '5', 'arriere lateraux', '8', 'Brazil nationnal');
INSERT INTO joueur_equipe VALUES ('43', 'Bresil', '5', 'millieu defensif', '19', 'Brazil nationnal');
INSERT INTO joueur_equipe VALUES ('44', 'Bresil', '5', 'avant centre', '21', 'Liverpool F.C.');
INSERT INTO joueur_equipe VALUES ('45', 'Bresil', '5', 'millieu offensif', '38', 'FC Bayern');
INSERT INTO joueur_equipe VALUES ('46', 'Bresil', '5', 'gardien de but', '43', 'France National');

 -- EQUIPE  + Association-- 

INSERT INTO equipe_foot VALUES ('Suisse', '5', '57', '19');
INSERT INTO collaborateur_equipe VALUES ('58', 'Suisse', '5');
INSERT INTO collaborateur_equipe VALUES ('59', 'Suisse', '5');
INSERT INTO joueur_equipe VALUES ('51', 'Suisse', '5', 'avant-centre', '1', 'Manchester United F.C.');
INSERT INTO joueur_equipe VALUES ('52', 'Suisse', '5', 'arriere lateraux', '11', 'Olympique Lyonnais');
INSERT INTO joueur_equipe VALUES ('53', 'Suisse', '5', 'millieu defensif', '20', 'Real Madrid');
INSERT INTO joueur_equipe VALUES ('54', 'Suisse', '5', 'avant centre', '30', 'Real Madrid');
INSERT INTO joueur_equipe VALUES ('55', 'Suisse', '5', 'millieu offensif', '28', 'Olympique Lyonnais');
INSERT INTO joueur_equipe VALUES ('56', 'Suisse', '5', 'gardien de but', '47', 'France National');

 -- EQUIPE  + Association-- 

INSERT INTO equipe_foot VALUES ('Suede', '5', '67', '29');
INSERT INTO collaborateur_equipe VALUES ('68', 'Suede', '5');
INSERT INTO collaborateur_equipe VALUES ('69', 'Suede', '5');
INSERT INTO joueur_equipe VALUES ('61', 'Suede', '5', 'avant-centre', '0', 'AS Monaco');
INSERT INTO joueur_equipe VALUES ('62', 'Suede', '5', 'arriere lateraux', '7', 'FC Bayern');
INSERT INTO joueur_equipe VALUES ('63', 'Suede', '5', 'millieu defensif', '15', 'Chelsea F.C.');
INSERT INTO joueur_equipe VALUES ('64', 'Suede', '5', 'avant centre', '21', 'AS Monaco');
INSERT INTO joueur_equipe VALUES ('65', 'Suede', '5', 'millieu offensif', '33', 'Brazil nationnal');
INSERT INTO joueur_equipe VALUES ('66', 'Suede', '5', 'gardien de but', '39', 'Manchester United F.C.');

 -- EQUIPE  + Association-- 

INSERT INTO equipe_foot VALUES ('Chili', '5', '77', '15');
INSERT INTO collaborateur_equipe VALUES ('78', 'Chili', '5');
INSERT INTO collaborateur_equipe VALUES ('79', 'Chili', '5');
INSERT INTO joueur_equipe VALUES ('71', 'Chili', '5', 'avant-centre', '0', 'Liverpool F.C.');
INSERT INTO joueur_equipe VALUES ('72', 'Chili', '5', 'arriere lateraux', '7', 'AS Monaco');
INSERT INTO joueur_equipe VALUES ('73', 'Chili', '5', 'millieu defensif', '12', 'Liverpool F.C.');
INSERT INTO joueur_equipe VALUES ('74', 'Chili', '5', 'avant centre', '27', 'FC Bayern');
INSERT INTO joueur_equipe VALUES ('75', 'Chili', '5', 'millieu offensif', '39', 'FC Bayern');
INSERT INTO joueur_equipe VALUES ('76', 'Chili', '5', 'gardien de but', '35', 'FC Bayern');

 -- EQUIPE  + Association-- 

INSERT INTO equipe_foot VALUES ('Angleterre', '5', '87', '7');
INSERT INTO collaborateur_equipe VALUES ('88', 'Angleterre', '5');
INSERT INTO collaborateur_equipe VALUES ('89', 'Angleterre', '5');
INSERT INTO joueur_equipe VALUES ('81', 'Angleterre', '5', 'avant-centre', '1', 'Chelsea F.C.');
INSERT INTO joueur_equipe VALUES ('82', 'Angleterre', '5', 'arriere lateraux', '6', 'Brazil nationnal');
INSERT INTO joueur_equipe VALUES ('83', 'Angleterre', '5', 'millieu defensif', '12', 'AS Monaco');
INSERT INTO joueur_equipe VALUES ('84', 'Angleterre', '5', 'avant centre', '28', 'Liverpool F.C.');
INSERT INTO joueur_equipe VALUES ('85', 'Angleterre', '5', 'millieu offensif', '40', 'AS Monaco');
INSERT INTO joueur_equipe VALUES ('86', 'Angleterre', '5', 'gardien de but', '45', 'Spain N.F.C.');

 -- EQUIPE  + Association-- 

INSERT INTO equipe_foot VALUES ('Mexique', '5', '97', '23');
INSERT INTO collaborateur_equipe VALUES ('98', 'Mexique', '5');
INSERT INTO collaborateur_equipe VALUES ('99', 'Mexique', '5');
INSERT INTO joueur_equipe VALUES ('91', 'Mexique', '5', 'avant-centre', '0', 'Chelsea F.C.');
INSERT INTO joueur_equipe VALUES ('92', 'Mexique', '5', 'arriere lateraux', '6', 'F.C. Barcelona');
INSERT INTO joueur_equipe VALUES ('93', 'Mexique', '5', 'millieu defensif', '21', 'Olympique Lyonnais');
INSERT INTO joueur_equipe VALUES ('94', 'Mexique', '5', 'avant centre', '31', 'Chelsea F.C.');
INSERT INTO joueur_equipe VALUES ('95', 'Mexique', '5', 'millieu offensif', '41', 'F.C. Barcelona');
INSERT INTO joueur_equipe VALUES ('96', 'Mexique', '5', 'gardien de but', '51', 'France National');

 -- EQUIPE  + Association-- 

INSERT INTO equipe_foot VALUES ('Allemagne', '5', '107', '24');
INSERT INTO collaborateur_equipe VALUES ('108', 'Allemagne', '5');
INSERT INTO collaborateur_equipe VALUES ('109', 'Allemagne', '5');
INSERT INTO joueur_equipe VALUES ('101', 'Allemagne', '5', 'avant-centre', '1', 'Arsenal F.C.');
INSERT INTO joueur_equipe VALUES ('102', 'Allemagne', '5', 'arriere lateraux', '7', 'F.C. Barcelona');
INSERT INTO joueur_equipe VALUES ('103', 'Allemagne', '5', 'millieu defensif', '14', 'Liverpool F.C.');
INSERT INTO joueur_equipe VALUES ('104', 'Allemagne', '5', 'avant centre', '26', 'Brazil nationnal');
INSERT INTO joueur_equipe VALUES ('105', 'Allemagne', '5', 'millieu offensif', '39', 'Liverpool F.C.');
INSERT INTO joueur_equipe VALUES ('106', 'Allemagne', '5', 'gardien de but', '32', 'Arsenal F.C.');

 -- EQUIPE  + Association-- 

INSERT INTO equipe_foot VALUES ('Portugal', '5', '117', '12');
INSERT INTO collaborateur_equipe VALUES ('118', 'Portugal', '5');
INSERT INTO collaborateur_equipe VALUES ('119', 'Portugal', '5');
INSERT INTO joueur_equipe VALUES ('111', 'Portugal', '5', 'avant-centre', '0', 'Spain N.F.C.');
INSERT INTO joueur_equipe VALUES ('112', 'Portugal', '5', 'arriere lateraux', '11', 'Brazil nationnal');
INSERT INTO joueur_equipe VALUES ('113', 'Portugal', '5', 'millieu defensif', '18', 'AS Monaco');
INSERT INTO joueur_equipe VALUES ('114', 'Portugal', '5', 'avant centre', '23', 'F.C. Barcelona');
INSERT INTO joueur_equipe VALUES ('115', 'Portugal', '5', 'millieu offensif', '40', 'AS Monaco');
INSERT INTO joueur_equipe VALUES ('116', 'Portugal', '5', 'gardien de but', '48', 'F.C. Barcelona');

 -- EQUIPE  + Association-- 

INSERT INTO equipe_foot VALUES ('Autriche', '5', '127', '28');
INSERT INTO collaborateur_equipe VALUES ('128', 'Autriche', '5');
INSERT INTO collaborateur_equipe VALUES ('129', 'Autriche', '5');
INSERT INTO joueur_equipe VALUES ('121', 'Autriche', '5', 'avant-centre', '0', 'France National');
INSERT INTO joueur_equipe VALUES ('122', 'Autriche', '5', 'arriere lateraux', '9', 'FC Bayern');
INSERT INTO joueur_equipe VALUES ('123', 'Autriche', '5', 'millieu defensif', '15', 'Spain N.F.C.');
INSERT INTO joueur_equipe VALUES ('124', 'Autriche', '5', 'avant centre', '20', 'Olympique Lyonnais');
INSERT INTO joueur_equipe VALUES ('125', 'Autriche', '5', 'millieu offensif', '31', 'FC Bayern');
INSERT INTO joueur_equipe VALUES ('126', 'Autriche', '5', 'gardien de but', '44', 'Real Madrid');

 -- EQUIPE  + Association-- 

INSERT INTO equipe_foot VALUES ('Yougoslavie', '5', '137', '8');
INSERT INTO collaborateur_equipe VALUES ('138', 'Yougoslavie', '5');
INSERT INTO collaborateur_equipe VALUES ('139', 'Yougoslavie', '5');
INSERT INTO joueur_equipe VALUES ('131', 'Yougoslavie', '5', 'avant-centre', '0', 'Manchester United F.C.');
INSERT INTO joueur_equipe VALUES ('132', 'Yougoslavie', '5', 'arriere lateraux', '9', 'Arsenal F.C.');
INSERT INTO joueur_equipe VALUES ('133', 'Yougoslavie', '5', 'millieu defensif', '19', 'Manchester United F.C.');
INSERT INTO joueur_equipe VALUES ('134', 'Yougoslavie', '5', 'avant centre', '22', 'Manchester United F.C.');
INSERT INTO joueur_equipe VALUES ('135', 'Yougoslavie', '5', 'millieu offensif', '34', 'France National');
INSERT INTO joueur_equipe VALUES ('136', 'Yougoslavie', '5', 'gardien de but', '33', 'Liverpool F.C.');

 -- EQUIPE  + Association-- 

INSERT INTO equipe_foot VALUES ('Union sovietique', '5', '147', '26');
INSERT INTO collaborateur_equipe VALUES ('148', 'Union sovietique', '5');
INSERT INTO collaborateur_equipe VALUES ('149', 'Union sovietique', '5');
INSERT INTO joueur_equipe VALUES ('141', 'Union sovietique', '5', 'avant-centre', '1', 'Olympique Lyonnais');
INSERT INTO joueur_equipe VALUES ('142', 'Union sovietique', '5', 'arriere lateraux', '10', 'AS Monaco');
INSERT INTO joueur_equipe VALUES ('143', 'Union sovietique', '5', 'millieu defensif', '15', 'AS Monaco');
INSERT INTO joueur_equipe VALUES ('144', 'Union sovietique', '5', 'avant centre', '30', 'Spain N.F.C.');
INSERT INTO joueur_equipe VALUES ('145', 'Union sovietique', '5', 'millieu offensif', '28', 'Real Madrid');
INSERT INTO joueur_equipe VALUES ('146', 'Union sovietique', '5', 'gardien de but', '33', 'FC Bayern');

 -- EQUIPE  + Association-- 

INSERT INTO equipe_foot VALUES ('Tchecoslovaquie', '5', '157', '30');
INSERT INTO collaborateur_equipe VALUES ('158', 'Tchecoslovaquie', '5');
INSERT INTO collaborateur_equipe VALUES ('159', 'Tchecoslovaquie', '5');
INSERT INTO joueur_equipe VALUES ('151', 'Tchecoslovaquie', '5', 'avant-centre', '0', 'F.C. Barcelona');
INSERT INTO joueur_equipe VALUES ('152', 'Tchecoslovaquie', '5', 'arriere lateraux', '11', 'France National');
INSERT INTO joueur_equipe VALUES ('153', 'Tchecoslovaquie', '5', 'millieu defensif', '18', 'Brazil nationnal');
INSERT INTO joueur_equipe VALUES ('154', 'Tchecoslovaquie', '5', 'avant centre', '21', 'Arsenal F.C.');
INSERT INTO joueur_equipe VALUES ('155', 'Tchecoslovaquie', '5', 'millieu offensif', '24', 'Arsenal F.C.');
INSERT INTO joueur_equipe VALUES ('156', 'Tchecoslovaquie', '5', 'gardien de but', '43', 'Chelsea F.C.');

 -- EQUIPE  + Association-- 

INSERT INTO equipe_foot VALUES ('Pologne', '5', '167', '20');
INSERT INTO collaborateur_equipe VALUES ('168', 'Pologne', '5');
INSERT INTO collaborateur_equipe VALUES ('169', 'Pologne', '5');
INSERT INTO joueur_equipe VALUES ('161', 'Pologne', '5', 'avant-centre', '0', 'Real Madrid');
INSERT INTO joueur_equipe VALUES ('162', 'Pologne', '5', 'arriere lateraux', '9', 'Spain N.F.C.');
INSERT INTO joueur_equipe VALUES ('163', 'Pologne', '5', 'millieu defensif', '16', 'Spain N.F.C.');
INSERT INTO joueur_equipe VALUES ('164', 'Pologne', '5', 'avant centre', '19', 'Arsenal F.C.');
INSERT INTO joueur_equipe VALUES ('165', 'Pologne', '5', 'millieu offensif', '33', 'AS Monaco');
INSERT INTO joueur_equipe VALUES ('166', 'Pologne', '5', 'gardien de but', '50', 'Liverpool F.C.');

 -- EQUIPE  + Association-- 

INSERT INTO equipe_foot VALUES ('Argentine', '5', '177', '17');
INSERT INTO collaborateur_equipe VALUES ('178', 'Argentine', '5');
INSERT INTO collaborateur_equipe VALUES ('179', 'Argentine', '5');
INSERT INTO joueur_equipe VALUES ('171', 'Argentine', '5', 'avant-centre', '0', 'Real Madrid');
INSERT INTO joueur_equipe VALUES ('172', 'Argentine', '5', 'arriere lateraux', '7', 'France National');
INSERT INTO joueur_equipe VALUES ('173', 'Argentine', '5', 'millieu defensif', '12', 'Arsenal F.C.');
INSERT INTO joueur_equipe VALUES ('174', 'Argentine', '5', 'avant centre', '22', 'Real Madrid');
INSERT INTO joueur_equipe VALUES ('175', 'Argentine', '5', 'millieu offensif', '37', 'Real Madrid');
INSERT INTO joueur_equipe VALUES ('176', 'Argentine', '5', 'gardien de but', '43', 'Liverpool F.C.');

 -- EQUIPE  + Association-- 

INSERT INTO equipe_foot VALUES ('Belgique', '5', '187', '14');
INSERT INTO collaborateur_equipe VALUES ('188', 'Belgique', '5');
INSERT INTO collaborateur_equipe VALUES ('189', 'Belgique', '5');
INSERT INTO joueur_equipe VALUES ('181', 'Belgique', '5', 'avant-centre', '0', 'Arsenal F.C.');
INSERT INTO joueur_equipe VALUES ('182', 'Belgique', '5', 'arriere lateraux', '9', 'Liverpool F.C.');
INSERT INTO joueur_equipe VALUES ('183', 'Belgique', '5', 'millieu defensif', '19', 'Liverpool F.C.');
INSERT INTO joueur_equipe VALUES ('184', 'Belgique', '5', 'avant centre', '24', 'Liverpool F.C.');
INSERT INTO joueur_equipe VALUES ('185', 'Belgique', '5', 'millieu offensif', '34', 'F.C. Barcelona');
INSERT INTO joueur_equipe VALUES ('186', 'Belgique', '5', 'gardien de but', '39', 'AS Monaco');

 -- EQUIPE  + Association-- 

INSERT INTO equipe_foot VALUES ('Croatie', '5', '197', '18');
INSERT INTO collaborateur_equipe VALUES ('198', 'Croatie', '5');
INSERT INTO collaborateur_equipe VALUES ('199', 'Croatie', '5');
INSERT INTO joueur_equipe VALUES ('191', 'Croatie', '5', 'avant-centre', '0', 'Brazil nationnal');
INSERT INTO joueur_equipe VALUES ('192', 'Croatie', '5', 'arriere lateraux', '11', 'AS Monaco');
INSERT INTO joueur_equipe VALUES ('193', 'Croatie', '5', 'millieu defensif', '20', 'Real Madrid');
INSERT INTO joueur_equipe VALUES ('194', 'Croatie', '5', 'avant centre', '25', 'Real Madrid');
INSERT INTO joueur_equipe VALUES ('195', 'Croatie', '5', 'millieu offensif', '39', 'France National');
INSERT INTO joueur_equipe VALUES ('196', 'Croatie', '5', 'gardien de but', '35', 'Chelsea F.C.');

 -- EQUIPE  + Association-- 

INSERT INTO equipe_foot VALUES ('Pays-Bas', '5', '207', '22');
INSERT INTO collaborateur_equipe VALUES ('208', 'Pays-Bas', '5');
INSERT INTO collaborateur_equipe VALUES ('209', 'Pays-Bas', '5');
INSERT INTO joueur_equipe VALUES ('201', 'Pays-Bas', '5', 'avant-centre', '1', 'Chelsea F.C.');
INSERT INTO joueur_equipe VALUES ('202', 'Pays-Bas', '5', 'arriere lateraux', '11', 'Brazil nationnal');
INSERT INTO joueur_equipe VALUES ('203', 'Pays-Bas', '5', 'millieu defensif', '19', 'FC Bayern');
INSERT INTO joueur_equipe VALUES ('204', 'Pays-Bas', '5', 'avant centre', '30', 'Real Madrid');
INSERT INTO joueur_equipe VALUES ('205', 'Pays-Bas', '5', 'millieu offensif', '34', 'Liverpool F.C.');
INSERT INTO joueur_equipe VALUES ('206', 'Pays-Bas', '5', 'gardien de but', '39', 'Brazil nationnal');

 -- EQUIPE  + Association-- 

INSERT INTO equipe_foot VALUES ('Coree du Sud', '5', '217', '9');
INSERT INTO collaborateur_equipe VALUES ('218', 'Coree du Sud', '5');
INSERT INTO collaborateur_equipe VALUES ('219', 'Coree du Sud', '5');
INSERT INTO joueur_equipe VALUES ('211', 'Coree du Sud', '5', 'avant-centre', '0', 'F.C. Barcelona');
INSERT INTO joueur_equipe VALUES ('212', 'Coree du Sud', '5', 'arriere lateraux', '7', 'FC Bayern');
INSERT INTO joueur_equipe VALUES ('213', 'Coree du Sud', '5', 'millieu defensif', '20', 'Manchester United F.C.');
INSERT INTO joueur_equipe VALUES ('214', 'Coree du Sud', '5', 'avant centre', '24', 'Chelsea F.C.');
INSERT INTO joueur_equipe VALUES ('215', 'Coree du Sud', '5', 'millieu offensif', '39', 'Real Madrid');
INSERT INTO joueur_equipe VALUES ('216', 'Coree du Sud', '5', 'gardien de but', '31', 'Olympique Lyonnais');

 -- EQUIPE  + Association-- 

INSERT INTO equipe_foot VALUES ('Japon', '5', '227', '5');
INSERT INTO collaborateur_equipe VALUES ('228', 'Japon', '5');
INSERT INTO collaborateur_equipe VALUES ('229', 'Japon', '5');
INSERT INTO joueur_equipe VALUES ('221', 'Japon', '5', 'avant-centre', '1', 'Real Madrid');
INSERT INTO joueur_equipe VALUES ('222', 'Japon', '5', 'arriere lateraux', '8', 'AS Monaco');
INSERT INTO joueur_equipe VALUES ('223', 'Japon', '5', 'millieu defensif', '14', 'Real Madrid');
INSERT INTO joueur_equipe VALUES ('224', 'Japon', '5', 'avant centre', '21', 'Spain N.F.C.');
INSERT INTO joueur_equipe VALUES ('225', 'Japon', '5', 'millieu offensif', '34', 'FC Bayern');
INSERT INTO joueur_equipe VALUES ('226', 'Japon', '5', 'gardien de but', '50', 'Liverpool F.C.');

 -- EQUIPE  + Association-- 

INSERT INTO equipe_foot VALUES ('Russie', '5', '237', '21');
INSERT INTO collaborateur_equipe VALUES ('238', 'Russie', '5');
INSERT INTO collaborateur_equipe VALUES ('239', 'Russie', '5');
INSERT INTO joueur_equipe VALUES ('231', 'Russie', '5', 'avant-centre', '0', 'Real Madrid');
INSERT INTO joueur_equipe VALUES ('232', 'Russie', '5', 'arriere lateraux', '8', 'Real Madrid');
INSERT INTO joueur_equipe VALUES ('233', 'Russie', '5', 'millieu defensif', '21', 'Brazil nationnal');
INSERT INTO joueur_equipe VALUES ('234', 'Russie', '5', 'avant centre', '29', 'Manchester United F.C.');
INSERT INTO joueur_equipe VALUES ('235', 'Russie', '5', 'millieu offensif', '32', 'Chelsea F.C.');
INSERT INTO joueur_equipe VALUES ('236', 'Russie', '5', 'gardien de but', '32', 'F.C. Barcelona');

 -- EQUIPE  + Association-- 

INSERT INTO equipe_foot VALUES ('Maroque', '5', '247', '1');
INSERT INTO collaborateur_equipe VALUES ('248', 'Maroque', '5');
INSERT INTO collaborateur_equipe VALUES ('249', 'Maroque', '5');
INSERT INTO joueur_equipe VALUES ('241', 'Maroque', '5', 'avant-centre', '0', 'Arsenal F.C.');
INSERT INTO joueur_equipe VALUES ('242', 'Maroque', '5', 'arriere lateraux', '9', 'France National');
INSERT INTO joueur_equipe VALUES ('243', 'Maroque', '5', 'millieu defensif', '12', 'Olympique Lyonnais');
INSERT INTO joueur_equipe VALUES ('244', 'Maroque', '5', 'avant centre', '19', 'F.C. Barcelona');
INSERT INTO joueur_equipe VALUES ('245', 'Maroque', '5', 'millieu offensif', '25', 'F.C. Barcelona');
INSERT INTO joueur_equipe VALUES ('246', 'Maroque', '5', 'gardien de but', '47', 'France National');

 -- EQUIPE  + Association-- 

INSERT INTO equipe_foot VALUES ('Egypt', '5', '257', '27');
INSERT INTO collaborateur_equipe VALUES ('258', 'Egypt', '5');
INSERT INTO collaborateur_equipe VALUES ('259', 'Egypt', '5');
INSERT INTO joueur_equipe VALUES ('251', 'Egypt', '5', 'avant-centre', '1', 'Spain N.F.C.');
INSERT INTO joueur_equipe VALUES ('252', 'Egypt', '5', 'arriere lateraux', '6', 'AS Monaco');
INSERT INTO joueur_equipe VALUES ('253', 'Egypt', '5', 'millieu defensif', '18', 'Real Madrid');
INSERT INTO joueur_equipe VALUES ('254', 'Egypt', '5', 'avant centre', '28', 'Chelsea F.C.');
INSERT INTO joueur_equipe VALUES ('255', 'Egypt', '5', 'millieu offensif', '24', 'Olympique Lyonnais');
INSERT INTO joueur_equipe VALUES ('256', 'Egypt', '5', 'gardien de but', '34', 'Spain N.F.C.');

 -- EQUIPE  + Association-- 

INSERT INTO equipe_foot VALUES ('Grece', '5', '267', '13');
INSERT INTO collaborateur_equipe VALUES ('268', 'Grece', '5');
INSERT INTO collaborateur_equipe VALUES ('269', 'Grece', '5');
INSERT INTO joueur_equipe VALUES ('261', 'Grece', '5', 'avant-centre', '1', 'France National');
INSERT INTO joueur_equipe VALUES ('262', 'Grece', '5', 'arriere lateraux', '11', 'Real Madrid');
INSERT INTO joueur_equipe VALUES ('263', 'Grece', '5', 'millieu defensif', '12', 'Olympique Lyonnais');
INSERT INTO joueur_equipe VALUES ('264', 'Grece', '5', 'avant centre', '27', 'France National');
INSERT INTO joueur_equipe VALUES ('265', 'Grece', '5', 'millieu offensif', '37', 'Chelsea F.C.');
INSERT INTO joueur_equipe VALUES ('266', 'Grece', '5', 'gardien de but', '39', 'FC Bayern');

 -- EQUIPE  + Association-- 

INSERT INTO equipe_foot VALUES ('Qatar', '5', '277', '16');
INSERT INTO collaborateur_equipe VALUES ('278', 'Qatar', '5');
INSERT INTO collaborateur_equipe VALUES ('279', 'Qatar', '5');
INSERT INTO joueur_equipe VALUES ('271', 'Qatar', '5', 'avant-centre', '1', 'Olympique Lyonnais');
INSERT INTO joueur_equipe VALUES ('272', 'Qatar', '5', 'arriere lateraux', '10', 'Olympique Lyonnais');
INSERT INTO joueur_equipe VALUES ('273', 'Qatar', '5', 'millieu defensif', '15', 'Chelsea F.C.');
INSERT INTO joueur_equipe VALUES ('274', 'Qatar', '5', 'avant centre', '31', 'Olympique Lyonnais');
INSERT INTO joueur_equipe VALUES ('275', 'Qatar', '5', 'millieu offensif', '39', 'Manchester United F.C.');
INSERT INTO joueur_equipe VALUES ('276', 'Qatar', '5', 'gardien de but', '47', 'FC Bayern');

 -- EQUIPE  + Association-- 

INSERT INTO equipe_foot VALUES ('Etats-Unis', '5', '287', '6');
INSERT INTO collaborateur_equipe VALUES ('288', 'Etats-Unis', '5');
INSERT INTO collaborateur_equipe VALUES ('289', 'Etats-Unis', '5');
INSERT INTO joueur_equipe VALUES ('281', 'Etats-Unis', '5', 'avant-centre', '0', 'Olympique Lyonnais');
INSERT INTO joueur_equipe VALUES ('282', 'Etats-Unis', '5', 'arriere lateraux', '10', 'France National');
INSERT INTO joueur_equipe VALUES ('283', 'Etats-Unis', '5', 'millieu defensif', '12', 'Real Madrid');
INSERT INTO joueur_equipe VALUES ('284', 'Etats-Unis', '5', 'avant centre', '31', 'France National');
INSERT INTO joueur_equipe VALUES ('285', 'Etats-Unis', '5', 'millieu offensif', '26', 'Chelsea F.C.');
INSERT INTO joueur_equipe VALUES ('286', 'Etats-Unis', '5', 'gardien de but', '46', 'Brazil nationnal');

 -- EQUIPE  + Association-- 

INSERT INTO equipe_foot VALUES ('Turquie', '5', '297', '4');
INSERT INTO collaborateur_equipe VALUES ('298', 'Turquie', '5');
INSERT INTO collaborateur_equipe VALUES ('299', 'Turquie', '5');
INSERT INTO joueur_equipe VALUES ('291', 'Turquie', '5', 'avant-centre', '0', 'Real Madrid');
INSERT INTO joueur_equipe VALUES ('292', 'Turquie', '5', 'arriere lateraux', '9', 'Olympique Lyonnais');
INSERT INTO joueur_equipe VALUES ('293', 'Turquie', '5', 'millieu defensif', '21', 'Manchester United F.C.');
INSERT INTO joueur_equipe VALUES ('294', 'Turquie', '5', 'avant centre', '18', 'Real Madrid');
INSERT INTO joueur_equipe VALUES ('295', 'Turquie', '5', 'millieu offensif', '39', 'Olympique Lyonnais');
INSERT INTO joueur_equipe VALUES ('296', 'Turquie', '5', 'gardien de but', '37', 'F.C. Barcelona');

 -- Stade -- 
INSERT INTO stade VALUES ('Grandios Stadium', 'Hadderfoo', '47000', 'Bresil', '1600');

 -- Match -- 

INSERT INTO match_foot VALUES ('2014-06-12', 'Bresil', 'Belgique', 'Final', '3', '0', '5', 'Grandios Stadium', 'Hadderfoo');

 -- Arbitre du Match -- 

INSERT INTO arbitre_match VALUES ('90', 'Bresil', 'Belgique', 'Principal', '2014-06-12');
INSERT INTO arbitre_match VALUES ('110', 'Bresil', 'Belgique', 'Assistant', '2014-06-12');
INSERT INTO arbitre_match VALUES ('190', 'Bresil', 'Belgique', 'Assistant', '2014-06-12');
INSERT INTO arbitre_match VALUES ('230', 'Bresil', 'Belgique', 'Assistant', '2014-06-12');

 -- Sanction du match -- 

INSERT INTO sanction (joueur_id, arbitre_id, nation_equipe_1, nation_equipe_2, match_date, couleur) VALUES ('16', '90', 'Bresil', 'Belgique', '2014-06-12', 'Rouge');

 -- Match -- 

INSERT INTO match_foot VALUES ('2014-06-12', 'Suisse', 'Croatie', 'Final', '1', '5', '5', 'Grandios Stadium', 'Hadderfoo');

 -- Arbitre du Match -- 

INSERT INTO arbitre_match VALUES ('90', 'Suisse', 'Croatie', 'Principal', '2014-06-12');
INSERT INTO arbitre_match VALUES ('130', 'Suisse', 'Croatie', 'Assistant', '2014-06-12');
INSERT INTO arbitre_match VALUES ('200', 'Suisse', 'Croatie', 'Assistant', '2014-06-12');
INSERT INTO arbitre_match VALUES ('240', 'Suisse', 'Croatie', 'Assistant', '2014-06-12');

 -- Sanction du match -- 

INSERT INTO sanction (joueur_id, arbitre_id, nation_equipe_1, nation_equipe_2, match_date, couleur) VALUES ('23', '90', 'Suisse', 'Croatie', '2014-06-12', 'Jaune');

 -- Match -- 

INSERT INTO match_foot VALUES ('2014-06-12', 'Suede', 'Pays-Bas', 'Ronde de Group', '3', '4', '5', 'Grandios Stadium', 'Hadderfoo');

 -- Arbitre du Match -- 

INSERT INTO arbitre_match VALUES ('80', 'Suede', 'Pays-Bas', 'Principal', '2014-06-12');
INSERT INTO arbitre_match VALUES ('140', 'Suede', 'Pays-Bas', 'Assistant', '2014-06-12');
INSERT INTO arbitre_match VALUES ('180', 'Suede', 'Pays-Bas', 'Assistant', '2014-06-12');
INSERT INTO arbitre_match VALUES ('250', 'Suede', 'Pays-Bas', 'Assistant', '2014-06-12');

 -- Sanction du match -- 

INSERT INTO sanction (joueur_id, arbitre_id, nation_equipe_1, nation_equipe_2, match_date, couleur) VALUES ('31', '80', 'Suede', 'Pays-Bas', '2014-06-12', 'Rouge');

 -- Sanction du match -- 

INSERT INTO sanction (joueur_id, arbitre_id, nation_equipe_1, nation_equipe_2, match_date, couleur) VALUES ('31', '80', 'Suede', 'Pays-Bas', '2014-06-12', 'Rouge');

 -- Sanction du match -- 

INSERT INTO sanction (joueur_id, arbitre_id, nation_equipe_1, nation_equipe_2, match_date, couleur) VALUES ('32', '80', 'Suede', 'Pays-Bas', '2014-06-12', 'Rouge');

 -- Match -- 

INSERT INTO match_foot VALUES ('2014-06-12', 'Chili', 'Coree du Sud', 'Ronde de Group', '5', '3', '5', 'Grandios Stadium', 'Hadderfoo');

 -- Arbitre du Match -- 

INSERT INTO arbitre_match VALUES ('60', 'Chili', 'Coree du Sud', 'Principal', '2014-06-12');
INSERT INTO arbitre_match VALUES ('110', 'Chili', 'Coree du Sud', 'Assistant', '2014-06-12');
INSERT INTO arbitre_match VALUES ('160', 'Chili', 'Coree du Sud', 'Assistant', '2014-06-12');
INSERT INTO arbitre_match VALUES ('230', 'Chili', 'Coree du Sud', 'Assistant', '2014-06-12');

 -- Sanction du match -- 

INSERT INTO sanction (joueur_id, arbitre_id, nation_equipe_1, nation_equipe_2, match_date, couleur) VALUES ('42', '60', 'Chili', 'Coree du Sud', '2014-06-12', 'Rouge');

 -- Match -- 

INSERT INTO match_foot VALUES ('2014-06-12', 'Angleterre', 'Japon', 'Play-off 3e place', '1', '2', '5', 'Grandios Stadium', 'Hadderfoo');

 -- Arbitre du Match -- 

INSERT INTO arbitre_match VALUES ('100', 'Angleterre', 'Japon', 'Principal', '2014-06-12');
INSERT INTO arbitre_match VALUES ('120', 'Angleterre', 'Japon', 'Assistant', '2014-06-12');
INSERT INTO arbitre_match VALUES ('160', 'Angleterre', 'Japon', 'Assistant', '2014-06-12');
INSERT INTO arbitre_match VALUES ('240', 'Angleterre', 'Japon', 'Assistant', '2014-06-12');

 -- Sanction du match -- 

INSERT INTO sanction (joueur_id, arbitre_id, nation_equipe_1, nation_equipe_2, match_date, couleur) VALUES ('51', '100', 'Angleterre', 'Japon', '2014-06-12', 'Jaune');

 -- Sanction du match -- 

INSERT INTO sanction (joueur_id, arbitre_id, nation_equipe_1, nation_equipe_2, match_date, couleur) VALUES ('56', '100', 'Angleterre', 'Japon', '2014-06-12', 'Rouge');

 -- Match -- 

INSERT INTO match_foot VALUES ('2014-06-12', 'Mexique', 'Russie', 'Ronde de 16', '4', '3', '5', 'Grandios Stadium', 'Hadderfoo');

 -- Arbitre du Match -- 

INSERT INTO arbitre_match VALUES ('90', 'Mexique', 'Russie', 'Principal', '2014-06-12');
INSERT INTO arbitre_match VALUES ('140', 'Mexique', 'Russie', 'Assistant', '2014-06-12');
INSERT INTO arbitre_match VALUES ('180', 'Mexique', 'Russie', 'Assistant', '2014-06-12');
INSERT INTO arbitre_match VALUES ('240', 'Mexique', 'Russie', 'Assistant', '2014-06-12');

 -- Sanction du match -- 

INSERT INTO sanction (joueur_id, arbitre_id, nation_equipe_1, nation_equipe_2, match_date, couleur) VALUES ('63', '90', 'Mexique', 'Russie', '2014-06-12', 'Jaune');

 -- Match -- 

INSERT INTO match_foot VALUES ('2014-06-12', 'Allemagne', 'Maroque', 'Final', '0', '5', '5', 'Grandios Stadium', 'Hadderfoo');

 -- Arbitre du Match -- 

INSERT INTO arbitre_match VALUES ('80', 'Allemagne', 'Maroque', 'Principal', '2014-06-12');
INSERT INTO arbitre_match VALUES ('130', 'Allemagne', 'Maroque', 'Assistant', '2014-06-12');
INSERT INTO arbitre_match VALUES ('180', 'Allemagne', 'Maroque', 'Assistant', '2014-06-12');
INSERT INTO arbitre_match VALUES ('210', 'Allemagne', 'Maroque', 'Assistant', '2014-06-12');

 -- Match -- 

INSERT INTO match_foot VALUES ('2014-06-12', 'Portugal', 'Egypt', 'Final', '1', '5', '5', 'Grandios Stadium', 'Hadderfoo');

 -- Arbitre du Match -- 

INSERT INTO arbitre_match VALUES ('70', 'Portugal', 'Egypt', 'Principal', '2014-06-12');
INSERT INTO arbitre_match VALUES ('140', 'Portugal', 'Egypt', 'Assistant', '2014-06-12');
INSERT INTO arbitre_match VALUES ('180', 'Portugal', 'Egypt', 'Assistant', '2014-06-12');
INSERT INTO arbitre_match VALUES ('220', 'Portugal', 'Egypt', 'Assistant', '2014-06-12');

 -- Sanction du match -- 

INSERT INTO sanction (joueur_id, arbitre_id, nation_equipe_1, nation_equipe_2, match_date, couleur) VALUES ('84', '70', 'Portugal', 'Egypt', '2014-06-12', 'Rouge');

 -- Match -- 

INSERT INTO match_foot VALUES ('2014-06-12', 'Autriche', 'Grece', 'Semi-final', '1', '4', '5', 'Grandios Stadium', 'Hadderfoo');

 -- Arbitre du Match -- 

INSERT INTO arbitre_match VALUES ('60', 'Autriche', 'Grece', 'Principal', '2014-06-12');
INSERT INTO arbitre_match VALUES ('110', 'Autriche', 'Grece', 'Assistant', '2014-06-12');
INSERT INTO arbitre_match VALUES ('180', 'Autriche', 'Grece', 'Assistant', '2014-06-12');
INSERT INTO arbitre_match VALUES ('240', 'Autriche', 'Grece', 'Assistant', '2014-06-12');

 -- Sanction du match -- 

INSERT INTO sanction (joueur_id, arbitre_id, nation_equipe_1, nation_equipe_2, match_date, couleur) VALUES ('91', '60', 'Autriche', 'Grece', '2014-06-12', 'Rouge');

 -- Sanction du match -- 

INSERT INTO sanction (joueur_id, arbitre_id, nation_equipe_1, nation_equipe_2, match_date, couleur) VALUES ('94', '60', 'Autriche', 'Grece', '2014-06-12', 'Rouge');

 -- Sanction du match -- 

INSERT INTO sanction (joueur_id, arbitre_id, nation_equipe_1, nation_equipe_2, match_date, couleur) VALUES ('91', '60', 'Autriche', 'Grece', '2014-06-12', 'Rouge');

 -- Match -- 

INSERT INTO match_foot VALUES ('2014-06-12', 'Yougoslavie', 'Qatar', 'Play-off 3e place', '5', '4', '5', 'Grandios Stadium', 'Hadderfoo');

 -- Arbitre du Match -- 

INSERT INTO arbitre_match VALUES ('70', 'Yougoslavie', 'Qatar', 'Principal', '2014-06-12');
INSERT INTO arbitre_match VALUES ('120', 'Yougoslavie', 'Qatar', 'Assistant', '2014-06-12');
INSERT INTO arbitre_match VALUES ('200', 'Yougoslavie', 'Qatar', 'Assistant', '2014-06-12');
INSERT INTO arbitre_match VALUES ('240', 'Yougoslavie', 'Qatar', 'Assistant', '2014-06-12');


  -- Coupe Du Monde  --- 
INSERT INTO coupe_du_monde VALUES ('6', '2018-06-14', '2018-07-15');
INSERT INTO pays_coupe VALUES ('Suisse', '6');


 -- EQUIPE  + Association-- 

INSERT INTO equipe_foot VALUES ('Uruguay', '6', '7', '7');
INSERT INTO collaborateur_equipe VALUES ('8', 'Uruguay', '6');
INSERT INTO collaborateur_equipe VALUES ('9', 'Uruguay', '6');
INSERT INTO joueur_equipe VALUES ('1', 'Uruguay', '6', 'avant-centre', '0', 'Spain N.F.C.');
INSERT INTO joueur_equipe VALUES ('2', 'Uruguay', '6', 'arriere lateraux', '10', 'Chelsea F.C.');
INSERT INTO joueur_equipe VALUES ('3', 'Uruguay', '6', 'millieu defensif', '21', 'Real Madrid');
INSERT INTO joueur_equipe VALUES ('4', 'Uruguay', '6', 'avant centre', '28', 'Spain N.F.C.');
INSERT INTO joueur_equipe VALUES ('5', 'Uruguay', '6', 'millieu offensif', '25', 'Liverpool F.C.');
INSERT INTO joueur_equipe VALUES ('6', 'Uruguay', '6', 'gardien de but', '45', 'Spain N.F.C.');

 -- EQUIPE  + Association-- 

INSERT INTO equipe_foot VALUES ('Italie', '6', '17', '8');
INSERT INTO collaborateur_equipe VALUES ('18', 'Italie', '6');
INSERT INTO collaborateur_equipe VALUES ('19', 'Italie', '6');
INSERT INTO joueur_equipe VALUES ('11', 'Italie', '6', 'avant-centre', '1', 'FC Bayern');
INSERT INTO joueur_equipe VALUES ('12', 'Italie', '6', 'arriere lateraux', '10', 'Olympique Lyonnais');
INSERT INTO joueur_equipe VALUES ('13', 'Italie', '6', 'millieu defensif', '15', 'Liverpool F.C.');
INSERT INTO joueur_equipe VALUES ('14', 'Italie', '6', 'avant centre', '18', 'F.C. Barcelona');
INSERT INTO joueur_equipe VALUES ('15', 'Italie', '6', 'millieu offensif', '27', 'Brazil nationnal');
INSERT INTO joueur_equipe VALUES ('16', 'Italie', '6', 'gardien de but', '30', 'Brazil nationnal');

 -- EQUIPE  + Association-- 

INSERT INTO equipe_foot VALUES ('France', '6', '27', '2');
INSERT INTO collaborateur_equipe VALUES ('28', 'France', '6');
INSERT INTO collaborateur_equipe VALUES ('29', 'France', '6');
INSERT INTO joueur_equipe VALUES ('21', 'France', '6', 'avant-centre', '0', 'Manchester United F.C.');
INSERT INTO joueur_equipe VALUES ('22', 'France', '6', 'arriere lateraux', '11', 'Spain N.F.C.');
INSERT INTO joueur_equipe VALUES ('23', 'France', '6', 'millieu defensif', '18', 'Brazil nationnal');
INSERT INTO joueur_equipe VALUES ('24', 'France', '6', 'avant centre', '29', 'Liverpool F.C.');
INSERT INTO joueur_equipe VALUES ('25', 'France', '6', 'millieu offensif', '25', 'Manchester United F.C.');
INSERT INTO joueur_equipe VALUES ('26', 'France', '6', 'gardien de but', '39', 'France National');

 -- EQUIPE  + Association-- 

INSERT INTO equipe_foot VALUES ('Canada', '6', '37', '27');
INSERT INTO collaborateur_equipe VALUES ('38', 'Canada', '6');
INSERT INTO collaborateur_equipe VALUES ('39', 'Canada', '6');
INSERT INTO joueur_equipe VALUES ('31', 'Canada', '6', 'avant-centre', '0', 'France National');
INSERT INTO joueur_equipe VALUES ('32', 'Canada', '6', 'arriere lateraux', '7', 'France National');
INSERT INTO joueur_equipe VALUES ('33', 'Canada', '6', 'millieu defensif', '14', 'Manchester United F.C.');
INSERT INTO joueur_equipe VALUES ('34', 'Canada', '6', 'avant centre', '19', 'AS Monaco');
INSERT INTO joueur_equipe VALUES ('35', 'Canada', '6', 'millieu offensif', '26', 'Real Madrid');
INSERT INTO joueur_equipe VALUES ('36', 'Canada', '6', 'gardien de but', '48', 'Arsenal F.C.');

 -- EQUIPE  + Association-- 

INSERT INTO equipe_foot VALUES ('Bresil', '6', '47', '19');
INSERT INTO collaborateur_equipe VALUES ('48', 'Bresil', '6');
INSERT INTO collaborateur_equipe VALUES ('49', 'Bresil', '6');
INSERT INTO joueur_equipe VALUES ('41', 'Bresil', '6', 'avant-centre', '0', 'Liverpool F.C.');
INSERT INTO joueur_equipe VALUES ('42', 'Bresil', '6', 'arriere lateraux', '11', 'France National');
INSERT INTO joueur_equipe VALUES ('43', 'Bresil', '6', 'millieu defensif', '20', 'Liverpool F.C.');
INSERT INTO joueur_equipe VALUES ('44', 'Bresil', '6', 'avant centre', '24', 'AS Monaco');
INSERT INTO joueur_equipe VALUES ('45', 'Bresil', '6', 'millieu offensif', '35', 'Real Madrid');
INSERT INTO joueur_equipe VALUES ('46', 'Bresil', '6', 'gardien de but', '49', 'Arsenal F.C.');

 -- EQUIPE  + Association-- 

INSERT INTO equipe_foot VALUES ('Suisse', '6', '57', '20');
INSERT INTO collaborateur_equipe VALUES ('58', 'Suisse', '6');
INSERT INTO collaborateur_equipe VALUES ('59', 'Suisse', '6');
INSERT INTO joueur_equipe VALUES ('51', 'Suisse', '6', 'avant-centre', '1', 'Manchester United F.C.');
INSERT INTO joueur_equipe VALUES ('52', 'Suisse', '6', 'arriere lateraux', '6', 'Spain N.F.C.');
INSERT INTO joueur_equipe VALUES ('53', 'Suisse', '6', 'millieu defensif', '13', 'Brazil nationnal');
INSERT INTO joueur_equipe VALUES ('54', 'Suisse', '6', 'avant centre', '18', 'Arsenal F.C.');
INSERT INTO joueur_equipe VALUES ('55', 'Suisse', '6', 'millieu offensif', '34', 'AS Monaco');
INSERT INTO joueur_equipe VALUES ('56', 'Suisse', '6', 'gardien de but', '41', 'Real Madrid');

 -- EQUIPE  + Association-- 

INSERT INTO equipe_foot VALUES ('Suede', '6', '67', '30');
INSERT INTO collaborateur_equipe VALUES ('68', 'Suede', '6');
INSERT INTO collaborateur_equipe VALUES ('69', 'Suede', '6');
INSERT INTO joueur_equipe VALUES ('61', 'Suede', '6', 'avant-centre', '0', 'F.C. Barcelona');
INSERT INTO joueur_equipe VALUES ('62', 'Suede', '6', 'arriere lateraux', '6', 'Liverpool F.C.');
INSERT INTO joueur_equipe VALUES ('63', 'Suede', '6', 'millieu defensif', '19', 'Arsenal F.C.');
INSERT INTO joueur_equipe VALUES ('64', 'Suede', '6', 'avant centre', '20', 'Olympique Lyonnais');
INSERT INTO joueur_equipe VALUES ('65', 'Suede', '6', 'millieu offensif', '33', 'F.C. Barcelona');
INSERT INTO joueur_equipe VALUES ('66', 'Suede', '6', 'gardien de but', '33', 'Arsenal F.C.');

 -- EQUIPE  + Association-- 

INSERT INTO equipe_foot VALUES ('Chili', '6', '77', '18');
INSERT INTO collaborateur_equipe VALUES ('78', 'Chili', '6');
INSERT INTO collaborateur_equipe VALUES ('79', 'Chili', '6');
INSERT INTO joueur_equipe VALUES ('71', 'Chili', '6', 'avant-centre', '0', 'Brazil nationnal');
INSERT INTO joueur_equipe VALUES ('72', 'Chili', '6', 'arriere lateraux', '11', 'Brazil nationnal');
INSERT INTO joueur_equipe VALUES ('73', 'Chili', '6', 'millieu defensif', '20', 'FC Bayern');
INSERT INTO joueur_equipe VALUES ('74', 'Chili', '6', 'avant centre', '23', 'AS Monaco');
INSERT INTO joueur_equipe VALUES ('75', 'Chili', '6', 'millieu offensif', '26', 'Brazil nationnal');
INSERT INTO joueur_equipe VALUES ('76', 'Chili', '6', 'gardien de but', '35', 'Manchester United F.C.');

 -- EQUIPE  + Association-- 

INSERT INTO equipe_foot VALUES ('Angleterre', '6', '87', '28');
INSERT INTO collaborateur_equipe VALUES ('88', 'Angleterre', '6');
INSERT INTO collaborateur_equipe VALUES ('89', 'Angleterre', '6');
INSERT INTO joueur_equipe VALUES ('81', 'Angleterre', '6', 'avant-centre', '0', 'FC Bayern');
INSERT INTO joueur_equipe VALUES ('82', 'Angleterre', '6', 'arriere lateraux', '8', 'F.C. Barcelona');
INSERT INTO joueur_equipe VALUES ('83', 'Angleterre', '6', 'millieu defensif', '18', 'Spain N.F.C.');
INSERT INTO joueur_equipe VALUES ('84', 'Angleterre', '6', 'avant centre', '29', 'F.C. Barcelona');
INSERT INTO joueur_equipe VALUES ('85', 'Angleterre', '6', 'millieu offensif', '32', 'Olympique Lyonnais');
INSERT INTO joueur_equipe VALUES ('86', 'Angleterre', '6', 'gardien de but', '39', 'Real Madrid');

 -- EQUIPE  + Association-- 

INSERT INTO equipe_foot VALUES ('Mexique', '6', '97', '16');
INSERT INTO collaborateur_equipe VALUES ('98', 'Mexique', '6');
INSERT INTO collaborateur_equipe VALUES ('99', 'Mexique', '6');
INSERT INTO joueur_equipe VALUES ('91', 'Mexique', '6', 'avant-centre', '0', 'Manchester United F.C.');
INSERT INTO joueur_equipe VALUES ('92', 'Mexique', '6', 'arriere lateraux', '9', 'Olympique Lyonnais');
INSERT INTO joueur_equipe VALUES ('93', 'Mexique', '6', 'millieu defensif', '20', 'Spain N.F.C.');
INSERT INTO joueur_equipe VALUES ('94', 'Mexique', '6', 'avant centre', '20', 'Spain N.F.C.');
INSERT INTO joueur_equipe VALUES ('95', 'Mexique', '6', 'millieu offensif', '25', 'Brazil nationnal');
INSERT INTO joueur_equipe VALUES ('96', 'Mexique', '6', 'gardien de but', '39', 'Manchester United F.C.');

 -- EQUIPE  + Association-- 

INSERT INTO equipe_foot VALUES ('Allemagne', '6', '107', '4');
INSERT INTO collaborateur_equipe VALUES ('108', 'Allemagne', '6');
INSERT INTO collaborateur_equipe VALUES ('109', 'Allemagne', '6');
INSERT INTO joueur_equipe VALUES ('101', 'Allemagne', '6', 'avant-centre', '1', 'Liverpool F.C.');
INSERT INTO joueur_equipe VALUES ('102', 'Allemagne', '6', 'arriere lateraux', '6', 'Spain N.F.C.');
INSERT INTO joueur_equipe VALUES ('103', 'Allemagne', '6', 'millieu defensif', '15', 'FC Bayern');
INSERT INTO joueur_equipe VALUES ('104', 'Allemagne', '6', 'avant centre', '18', 'France National');
INSERT INTO joueur_equipe VALUES ('105', 'Allemagne', '6', 'millieu offensif', '25', 'Liverpool F.C.');
INSERT INTO joueur_equipe VALUES ('106', 'Allemagne', '6', 'gardien de but', '49', 'Olympique Lyonnais');

 -- EQUIPE  + Association-- 

INSERT INTO equipe_foot VALUES ('Portugal', '6', '117', '12');
INSERT INTO collaborateur_equipe VALUES ('118', 'Portugal', '6');
INSERT INTO collaborateur_equipe VALUES ('119', 'Portugal', '6');
INSERT INTO joueur_equipe VALUES ('111', 'Portugal', '6', 'avant-centre', '0', 'Manchester United F.C.');
INSERT INTO joueur_equipe VALUES ('112', 'Portugal', '6', 'arriere lateraux', '6', 'Spain N.F.C.');
INSERT INTO joueur_equipe VALUES ('113', 'Portugal', '6', 'millieu defensif', '15', 'Chelsea F.C.');
INSERT INTO joueur_equipe VALUES ('114', 'Portugal', '6', 'avant centre', '22', 'Arsenal F.C.');
INSERT INTO joueur_equipe VALUES ('115', 'Portugal', '6', 'millieu offensif', '26', 'AS Monaco');
INSERT INTO joueur_equipe VALUES ('116', 'Portugal', '6', 'gardien de but', '50', 'Real Madrid');

 -- EQUIPE  + Association-- 

INSERT INTO equipe_foot VALUES ('Autriche', '6', '127', '29');
INSERT INTO collaborateur_equipe VALUES ('128', 'Autriche', '6');
INSERT INTO collaborateur_equipe VALUES ('129', 'Autriche', '6');
INSERT INTO joueur_equipe VALUES ('121', 'Autriche', '6', 'avant-centre', '0', 'Arsenal F.C.');
INSERT INTO joueur_equipe VALUES ('122', 'Autriche', '6', 'arriere lateraux', '10', 'Liverpool F.C.');
INSERT INTO joueur_equipe VALUES ('123', 'Autriche', '6', 'millieu defensif', '12', 'Brazil nationnal');
INSERT INTO joueur_equipe VALUES ('124', 'Autriche', '6', 'avant centre', '21', 'Arsenal F.C.');
INSERT INTO joueur_equipe VALUES ('125', 'Autriche', '6', 'millieu offensif', '29', 'Chelsea F.C.');
INSERT INTO joueur_equipe VALUES ('126', 'Autriche', '6', 'gardien de but', '38', 'Olympique Lyonnais');

 -- EQUIPE  + Association-- 

INSERT INTO equipe_foot VALUES ('Yougoslavie', '6', '137', '10');
INSERT INTO collaborateur_equipe VALUES ('138', 'Yougoslavie', '6');
INSERT INTO collaborateur_equipe VALUES ('139', 'Yougoslavie', '6');
INSERT INTO joueur_equipe VALUES ('131', 'Yougoslavie', '6', 'avant-centre', '0', 'Olympique Lyonnais');
INSERT INTO joueur_equipe VALUES ('132', 'Yougoslavie', '6', 'arriere lateraux', '9', 'Real Madrid');
INSERT INTO joueur_equipe VALUES ('133', 'Yougoslavie', '6', 'millieu defensif', '18', 'Chelsea F.C.');
INSERT INTO joueur_equipe VALUES ('134', 'Yougoslavie', '6', 'avant centre', '20', 'France National');
INSERT INTO joueur_equipe VALUES ('135', 'Yougoslavie', '6', 'millieu offensif', '25', 'Spain N.F.C.');
INSERT INTO joueur_equipe VALUES ('136', 'Yougoslavie', '6', 'gardien de but', '51', 'Spain N.F.C.');

 -- EQUIPE  + Association-- 

INSERT INTO equipe_foot VALUES ('Union sovietique', '6', '147', '14');
INSERT INTO collaborateur_equipe VALUES ('148', 'Union sovietique', '6');
INSERT INTO collaborateur_equipe VALUES ('149', 'Union sovietique', '6');
INSERT INTO joueur_equipe VALUES ('141', 'Union sovietique', '6', 'avant-centre', '0', 'F.C. Barcelona');
INSERT INTO joueur_equipe VALUES ('142', 'Union sovietique', '6', 'arriere lateraux', '7', 'Chelsea F.C.');
INSERT INTO joueur_equipe VALUES ('143', 'Union sovietique', '6', 'millieu defensif', '13', 'France National');
INSERT INTO joueur_equipe VALUES ('144', 'Union sovietique', '6', 'avant centre', '23', 'Liverpool F.C.');
INSERT INTO joueur_equipe VALUES ('145', 'Union sovietique', '6', 'millieu offensif', '36', 'FC Bayern');
INSERT INTO joueur_equipe VALUES ('146', 'Union sovietique', '6', 'gardien de but', '42', 'FC Bayern');

 -- EQUIPE  + Association-- 

INSERT INTO equipe_foot VALUES ('Tchecoslovaquie', '6', '157', '6');
INSERT INTO collaborateur_equipe VALUES ('158', 'Tchecoslovaquie', '6');
INSERT INTO collaborateur_equipe VALUES ('159', 'Tchecoslovaquie', '6');
INSERT INTO joueur_equipe VALUES ('151', 'Tchecoslovaquie', '6', 'avant-centre', '1', 'Liverpool F.C.');
INSERT INTO joueur_equipe VALUES ('152', 'Tchecoslovaquie', '6', 'arriere lateraux', '8', 'AS Monaco');
INSERT INTO joueur_equipe VALUES ('153', 'Tchecoslovaquie', '6', 'millieu defensif', '18', 'Liverpool F.C.');
INSERT INTO joueur_equipe VALUES ('154', 'Tchecoslovaquie', '6', 'avant centre', '22', 'Brazil nationnal');
INSERT INTO joueur_equipe VALUES ('155', 'Tchecoslovaquie', '6', 'millieu offensif', '25', 'F.C. Barcelona');
INSERT INTO joueur_equipe VALUES ('156', 'Tchecoslovaquie', '6', 'gardien de but', '45', 'Brazil nationnal');

 -- EQUIPE  + Association-- 

INSERT INTO equipe_foot VALUES ('Pologne', '6', '167', '21');
INSERT INTO collaborateur_equipe VALUES ('168', 'Pologne', '6');
INSERT INTO collaborateur_equipe VALUES ('169', 'Pologne', '6');
INSERT INTO joueur_equipe VALUES ('161', 'Pologne', '6', 'avant-centre', '0', 'Liverpool F.C.');
INSERT INTO joueur_equipe VALUES ('162', 'Pologne', '6', 'arriere lateraux', '8', 'Olympique Lyonnais');
INSERT INTO joueur_equipe VALUES ('163', 'Pologne', '6', 'millieu defensif', '16', 'Spain N.F.C.');
INSERT INTO joueur_equipe VALUES ('164', 'Pologne', '6', 'avant centre', '30', 'Real Madrid');
INSERT INTO joueur_equipe VALUES ('165', 'Pologne', '6', 'millieu offensif', '38', 'Real Madrid');
INSERT INTO joueur_equipe VALUES ('166', 'Pologne', '6', 'gardien de but', '39', 'F.C. Barcelona');

 -- EQUIPE  + Association-- 

INSERT INTO equipe_foot VALUES ('Argentine', '6', '177', '15');
INSERT INTO collaborateur_equipe VALUES ('178', 'Argentine', '6');
INSERT INTO collaborateur_equipe VALUES ('179', 'Argentine', '6');
INSERT INTO joueur_equipe VALUES ('171', 'Argentine', '6', 'avant-centre', '1', 'France National');
INSERT INTO joueur_equipe VALUES ('172', 'Argentine', '6', 'arriere lateraux', '8', 'Spain N.F.C.');
INSERT INTO joueur_equipe VALUES ('173', 'Argentine', '6', 'millieu defensif', '19', 'Liverpool F.C.');
INSERT INTO joueur_equipe VALUES ('174', 'Argentine', '6', 'avant centre', '22', 'Arsenal F.C.');
INSERT INTO joueur_equipe VALUES ('175', 'Argentine', '6', 'millieu offensif', '41', 'France National');
INSERT INTO joueur_equipe VALUES ('176', 'Argentine', '6', 'gardien de but', '32', 'Brazil nationnal');

 -- EQUIPE  + Association-- 

INSERT INTO equipe_foot VALUES ('Belgique', '6', '187', '26');
INSERT INTO collaborateur_equipe VALUES ('188', 'Belgique', '6');
INSERT INTO collaborateur_equipe VALUES ('189', 'Belgique', '6');
INSERT INTO joueur_equipe VALUES ('181', 'Belgique', '6', 'avant-centre', '0', 'Brazil nationnal');
INSERT INTO joueur_equipe VALUES ('182', 'Belgique', '6', 'arriere lateraux', '6', 'F.C. Barcelona');
INSERT INTO joueur_equipe VALUES ('183', 'Belgique', '6', 'millieu defensif', '12', 'France National');
INSERT INTO joueur_equipe VALUES ('184', 'Belgique', '6', 'avant centre', '18', 'AS Monaco');
INSERT INTO joueur_equipe VALUES ('185', 'Belgique', '6', 'millieu offensif', '26', 'FC Bayern');
INSERT INTO joueur_equipe VALUES ('186', 'Belgique', '6', 'gardien de but', '39', 'FC Bayern');

 -- EQUIPE  + Association-- 

INSERT INTO equipe_foot VALUES ('Croatie', '6', '197', '24');
INSERT INTO collaborateur_equipe VALUES ('198', 'Croatie', '6');
INSERT INTO collaborateur_equipe VALUES ('199', 'Croatie', '6');
INSERT INTO joueur_equipe VALUES ('191', 'Croatie', '6', 'avant-centre', '0', 'Real Madrid');
INSERT INTO joueur_equipe VALUES ('192', 'Croatie', '6', 'arriere lateraux', '7', 'France National');
INSERT INTO joueur_equipe VALUES ('193', 'Croatie', '6', 'millieu defensif', '15', 'Chelsea F.C.');
INSERT INTO joueur_equipe VALUES ('194', 'Croatie', '6', 'avant centre', '21', 'F.C. Barcelona');
INSERT INTO joueur_equipe VALUES ('195', 'Croatie', '6', 'millieu offensif', '26', 'Arsenal F.C.');
INSERT INTO joueur_equipe VALUES ('196', 'Croatie', '6', 'gardien de but', '36', 'FC Bayern');

 -- EQUIPE  + Association-- 

INSERT INTO equipe_foot VALUES ('Pays-Bas', '6', '207', '23');
INSERT INTO collaborateur_equipe VALUES ('208', 'Pays-Bas', '6');
INSERT INTO collaborateur_equipe VALUES ('209', 'Pays-Bas', '6');
INSERT INTO joueur_equipe VALUES ('201', 'Pays-Bas', '6', 'avant-centre', '0', 'Real Madrid');
INSERT INTO joueur_equipe VALUES ('202', 'Pays-Bas', '6', 'arriere lateraux', '8', 'AS Monaco');
INSERT INTO joueur_equipe VALUES ('203', 'Pays-Bas', '6', 'millieu defensif', '21', 'F.C. Barcelona');
INSERT INTO joueur_equipe VALUES ('204', 'Pays-Bas', '6', 'avant centre', '26', 'Olympique Lyonnais');
INSERT INTO joueur_equipe VALUES ('205', 'Pays-Bas', '6', 'millieu offensif', '27', 'Real Madrid');
INSERT INTO joueur_equipe VALUES ('206', 'Pays-Bas', '6', 'gardien de but', '33', 'France National');

 -- EQUIPE  + Association-- 

INSERT INTO equipe_foot VALUES ('Coree du Sud', '6', '217', '22');
INSERT INTO collaborateur_equipe VALUES ('218', 'Coree du Sud', '6');
INSERT INTO collaborateur_equipe VALUES ('219', 'Coree du Sud', '6');
INSERT INTO joueur_equipe VALUES ('211', 'Coree du Sud', '6', 'avant-centre', '1', 'France National');
INSERT INTO joueur_equipe VALUES ('212', 'Coree du Sud', '6', 'arriere lateraux', '7', 'Liverpool F.C.');
INSERT INTO joueur_equipe VALUES ('213', 'Coree du Sud', '6', 'millieu defensif', '17', 'F.C. Barcelona');
INSERT INTO joueur_equipe VALUES ('214', 'Coree du Sud', '6', 'avant centre', '20', 'France National');
INSERT INTO joueur_equipe VALUES ('215', 'Coree du Sud', '6', 'millieu offensif', '39', 'Manchester United F.C.');
INSERT INTO joueur_equipe VALUES ('216', 'Coree du Sud', '6', 'gardien de but', '46', 'Spain N.F.C.');

 -- EQUIPE  + Association-- 

INSERT INTO equipe_foot VALUES ('Japon', '6', '227', '9');
INSERT INTO collaborateur_equipe VALUES ('228', 'Japon', '6');
INSERT INTO collaborateur_equipe VALUES ('229', 'Japon', '6');
INSERT INTO joueur_equipe VALUES ('221', 'Japon', '6', 'avant-centre', '1', 'Arsenal F.C.');
INSERT INTO joueur_equipe VALUES ('222', 'Japon', '6', 'arriere lateraux', '8', 'Chelsea F.C.');
INSERT INTO joueur_equipe VALUES ('223', 'Japon', '6', 'millieu defensif', '19', 'Spain N.F.C.');
INSERT INTO joueur_equipe VALUES ('224', 'Japon', '6', 'avant centre', '26', 'Chelsea F.C.');
INSERT INTO joueur_equipe VALUES ('225', 'Japon', '6', 'millieu offensif', '33', 'Liverpool F.C.');
INSERT INTO joueur_equipe VALUES ('226', 'Japon', '6', 'gardien de but', '37', 'Arsenal F.C.');

 -- EQUIPE  + Association-- 

INSERT INTO equipe_foot VALUES ('Russie', '6', '237', '25');
INSERT INTO collaborateur_equipe VALUES ('238', 'Russie', '6');
INSERT INTO collaborateur_equipe VALUES ('239', 'Russie', '6');
INSERT INTO joueur_equipe VALUES ('231', 'Russie', '6', 'avant-centre', '1', 'Liverpool F.C.');
INSERT INTO joueur_equipe VALUES ('232', 'Russie', '6', 'arriere lateraux', '9', 'France National');
INSERT INTO joueur_equipe VALUES ('233', 'Russie', '6', 'millieu defensif', '17', 'Manchester United F.C.');
INSERT INTO joueur_equipe VALUES ('234', 'Russie', '6', 'avant centre', '25', 'AS Monaco');
INSERT INTO joueur_equipe VALUES ('235', 'Russie', '6', 'millieu offensif', '38', 'Arsenal F.C.');
INSERT INTO joueur_equipe VALUES ('236', 'Russie', '6', 'gardien de but', '51', 'Brazil nationnal');

 -- EQUIPE  + Association-- 

INSERT INTO equipe_foot VALUES ('Maroque', '6', '247', '1');
INSERT INTO collaborateur_equipe VALUES ('248', 'Maroque', '6');
INSERT INTO collaborateur_equipe VALUES ('249', 'Maroque', '6');
INSERT INTO joueur_equipe VALUES ('241', 'Maroque', '6', 'avant-centre', '1', 'Arsenal F.C.');
INSERT INTO joueur_equipe VALUES ('242', 'Maroque', '6', 'arriere lateraux', '10', 'Brazil nationnal');
INSERT INTO joueur_equipe VALUES ('243', 'Maroque', '6', 'millieu defensif', '14', 'Arsenal F.C.');
INSERT INTO joueur_equipe VALUES ('244', 'Maroque', '6', 'avant centre', '28', 'Brazil nationnal');
INSERT INTO joueur_equipe VALUES ('245', 'Maroque', '6', 'millieu offensif', '40', 'FC Bayern');
INSERT INTO joueur_equipe VALUES ('246', 'Maroque', '6', 'gardien de but', '39', 'Olympique Lyonnais');

 -- EQUIPE  + Association-- 

INSERT INTO equipe_foot VALUES ('Egypt', '6', '257', '5');
INSERT INTO collaborateur_equipe VALUES ('258', 'Egypt', '6');
INSERT INTO collaborateur_equipe VALUES ('259', 'Egypt', '6');
INSERT INTO joueur_equipe VALUES ('251', 'Egypt', '6', 'avant-centre', '1', 'F.C. Barcelona');
INSERT INTO joueur_equipe VALUES ('252', 'Egypt', '6', 'arriere lateraux', '10', 'AS Monaco');
INSERT INTO joueur_equipe VALUES ('253', 'Egypt', '6', 'millieu defensif', '12', 'Chelsea F.C.');
INSERT INTO joueur_equipe VALUES ('254', 'Egypt', '6', 'avant centre', '21', 'Manchester United F.C.');
INSERT INTO joueur_equipe VALUES ('255', 'Egypt', '6', 'millieu offensif', '32', 'Olympique Lyonnais');
INSERT INTO joueur_equipe VALUES ('256', 'Egypt', '6', 'gardien de but', '31', 'F.C. Barcelona');

 -- EQUIPE  + Association-- 

INSERT INTO equipe_foot VALUES ('Grece', '6', '267', '11');
INSERT INTO collaborateur_equipe VALUES ('268', 'Grece', '6');
INSERT INTO collaborateur_equipe VALUES ('269', 'Grece', '6');
INSERT INTO joueur_equipe VALUES ('261', 'Grece', '6', 'avant-centre', '0', 'France National');
INSERT INTO joueur_equipe VALUES ('262', 'Grece', '6', 'arriere lateraux', '11', 'Arsenal F.C.');
INSERT INTO joueur_equipe VALUES ('263', 'Grece', '6', 'millieu defensif', '14', 'Arsenal F.C.');
INSERT INTO joueur_equipe VALUES ('264', 'Grece', '6', 'avant centre', '24', 'Brazil nationnal');
INSERT INTO joueur_equipe VALUES ('265', 'Grece', '6', 'millieu offensif', '31', 'France National');
INSERT INTO joueur_equipe VALUES ('266', 'Grece', '6', 'gardien de but', '41', 'AS Monaco');

 -- EQUIPE  + Association-- 

INSERT INTO equipe_foot VALUES ('Qatar', '6', '277', '3');
INSERT INTO collaborateur_equipe VALUES ('278', 'Qatar', '6');
INSERT INTO collaborateur_equipe VALUES ('279', 'Qatar', '6');
INSERT INTO joueur_equipe VALUES ('271', 'Qatar', '6', 'avant-centre', '1', 'Chelsea F.C.');
INSERT INTO joueur_equipe VALUES ('272', 'Qatar', '6', 'arriere lateraux', '9', 'Liverpool F.C.');
INSERT INTO joueur_equipe VALUES ('273', 'Qatar', '6', 'millieu defensif', '12', 'Manchester United F.C.');
INSERT INTO joueur_equipe VALUES ('274', 'Qatar', '6', 'avant centre', '29', 'Spain N.F.C.');
INSERT INTO joueur_equipe VALUES ('275', 'Qatar', '6', 'millieu offensif', '39', 'Arsenal F.C.');
INSERT INTO joueur_equipe VALUES ('276', 'Qatar', '6', 'gardien de but', '34', 'FC Bayern');

 -- EQUIPE  + Association-- 

INSERT INTO equipe_foot VALUES ('Etats-Unis', '6', '287', '13');
INSERT INTO collaborateur_equipe VALUES ('288', 'Etats-Unis', '6');
INSERT INTO collaborateur_equipe VALUES ('289', 'Etats-Unis', '6');
INSERT INTO joueur_equipe VALUES ('281', 'Etats-Unis', '6', 'avant-centre', '0', 'Spain N.F.C.');
INSERT INTO joueur_equipe VALUES ('282', 'Etats-Unis', '6', 'arriere lateraux', '6', 'AS Monaco');
INSERT INTO joueur_equipe VALUES ('283', 'Etats-Unis', '6', 'millieu defensif', '13', 'Liverpool F.C.');
INSERT INTO joueur_equipe VALUES ('284', 'Etats-Unis', '6', 'avant centre', '26', 'FC Bayern');
INSERT INTO joueur_equipe VALUES ('285', 'Etats-Unis', '6', 'millieu offensif', '33', 'Manchester United F.C.');
INSERT INTO joueur_equipe VALUES ('286', 'Etats-Unis', '6', 'gardien de but', '50', 'Liverpool F.C.');

 -- EQUIPE  + Association-- 

INSERT INTO equipe_foot VALUES ('Turquie', '6', '297', '17');
INSERT INTO collaborateur_equipe VALUES ('298', 'Turquie', '6');
INSERT INTO collaborateur_equipe VALUES ('299', 'Turquie', '6');
INSERT INTO joueur_equipe VALUES ('291', 'Turquie', '6', 'avant-centre', '1', 'Spain N.F.C.');
INSERT INTO joueur_equipe VALUES ('292', 'Turquie', '6', 'arriere lateraux', '8', 'Arsenal F.C.');
INSERT INTO joueur_equipe VALUES ('293', 'Turquie', '6', 'millieu defensif', '17', 'Liverpool F.C.');
INSERT INTO joueur_equipe VALUES ('294', 'Turquie', '6', 'avant centre', '31', 'Brazil nationnal');
INSERT INTO joueur_equipe VALUES ('295', 'Turquie', '6', 'millieu offensif', '30', 'Spain N.F.C.');
INSERT INTO joueur_equipe VALUES ('296', 'Turquie', '6', 'gardien de but', '46', 'F.C. Barcelona');

 -- Stade -- 
INSERT INTO stade VALUES ('Free Coutry', 'Sier', '31000', 'Suisse', '1908');

 -- Match -- 

INSERT INTO match_foot VALUES ('2018-06-14', 'Suisse', 'Pays-Bas', 'Semi-final', '3', '1', '6', 'Free Coutry', 'Sier');

 -- Arbitre du Match -- 

INSERT INTO arbitre_match VALUES ('70', 'Suisse', 'Pays-Bas', 'Principal', '2018-06-14');
INSERT INTO arbitre_match VALUES ('110', 'Suisse', 'Pays-Bas', 'Assistant', '2018-06-14');
INSERT INTO arbitre_match VALUES ('200', 'Suisse', 'Pays-Bas', 'Assistant', '2018-06-14');
INSERT INTO arbitre_match VALUES ('220', 'Suisse', 'Pays-Bas', 'Assistant', '2018-06-14');

 -- Sanction du match -- 

INSERT INTO sanction (joueur_id, arbitre_id, nation_equipe_1, nation_equipe_2, match_date, couleur) VALUES ('16', '70', 'Suisse', 'Pays-Bas', '2018-06-14', 'Jaune');

 -- Sanction du match -- 

INSERT INTO sanction (joueur_id, arbitre_id, nation_equipe_1, nation_equipe_2, match_date, couleur) VALUES ('14', '70', 'Suisse', 'Pays-Bas', '2018-06-14', 'Rouge');

 -- Sanction du match -- 

INSERT INTO sanction (joueur_id, arbitre_id, nation_equipe_1, nation_equipe_2, match_date, couleur) VALUES ('12', '70', 'Suisse', 'Pays-Bas', '2018-06-14', 'Rouge');

 -- Match -- 

INSERT INTO match_foot VALUES ('2018-06-14', 'Suede', 'Coree du Sud', 'Semi-final', '3', '5', '6', 'Free Coutry', 'Sier');

 -- Arbitre du Match -- 

INSERT INTO arbitre_match VALUES ('70', 'Suede', 'Coree du Sud', 'Principal', '2018-06-14');
INSERT INTO arbitre_match VALUES ('120', 'Suede', 'Coree du Sud', 'Assistant', '2018-06-14');
INSERT INTO arbitre_match VALUES ('160', 'Suede', 'Coree du Sud', 'Assistant', '2018-06-14');
INSERT INTO arbitre_match VALUES ('250', 'Suede', 'Coree du Sud', 'Assistant', '2018-06-14');

 -- Sanction du match -- 

INSERT INTO sanction (joueur_id, arbitre_id, nation_equipe_1, nation_equipe_2, match_date, couleur) VALUES ('24', '70', 'Suede', 'Coree du Sud', '2018-06-14', 'Jaune');

 -- Sanction du match -- 

INSERT INTO sanction (joueur_id, arbitre_id, nation_equipe_1, nation_equipe_2, match_date, couleur) VALUES ('21', '70', 'Suede', 'Coree du Sud', '2018-06-14', 'Rouge');

 -- Match -- 

INSERT INTO match_foot VALUES ('2018-06-14', 'Chili', 'Japon', 'Semi-final', '3', '0', '6', 'Free Coutry', 'Sier');

 -- Arbitre du Match -- 

INSERT INTO arbitre_match VALUES ('90', 'Chili', 'Japon', 'Principal', '2018-06-14');
INSERT INTO arbitre_match VALUES ('130', 'Chili', 'Japon', 'Assistant', '2018-06-14');
INSERT INTO arbitre_match VALUES ('200', 'Chili', 'Japon', 'Assistant', '2018-06-14');
INSERT INTO arbitre_match VALUES ('220', 'Chili', 'Japon', 'Assistant', '2018-06-14');

 -- Sanction du match -- 

INSERT INTO sanction (joueur_id, arbitre_id, nation_equipe_1, nation_equipe_2, match_date, couleur) VALUES ('35', '90', 'Chili', 'Japon', '2018-06-14', 'Rouge');

 -- Match -- 

INSERT INTO match_foot VALUES ('2018-06-14', 'Angleterre', 'Russie', 'Semi-final', '5', '0', '6', 'Free Coutry', 'Sier');

 -- Arbitre du Match -- 

INSERT INTO arbitre_match VALUES ('60', 'Angleterre', 'Russie', 'Principal', '2018-06-14');
INSERT INTO arbitre_match VALUES ('110', 'Angleterre', 'Russie', 'Assistant', '2018-06-14');
INSERT INTO arbitre_match VALUES ('180', 'Angleterre', 'Russie', 'Assistant', '2018-06-14');
INSERT INTO arbitre_match VALUES ('220', 'Angleterre', 'Russie', 'Assistant', '2018-06-14');

 -- Sanction du match -- 

INSERT INTO sanction (joueur_id, arbitre_id, nation_equipe_1, nation_equipe_2, match_date, couleur) VALUES ('45', '60', 'Angleterre', 'Russie', '2018-06-14', 'Jaune');

 -- Sanction du match -- 

INSERT INTO sanction (joueur_id, arbitre_id, nation_equipe_1, nation_equipe_2, match_date, couleur) VALUES ('42', '60', 'Angleterre', 'Russie', '2018-06-14', 'Rouge');

 -- Match -- 

INSERT INTO match_foot VALUES ('2018-06-14', 'Mexique', 'Maroque', 'Quart de final', '4', '3', '6', 'Free Coutry', 'Sier');

 -- Arbitre du Match -- 

INSERT INTO arbitre_match VALUES ('90', 'Mexique', 'Maroque', 'Principal', '2018-06-14');
INSERT INTO arbitre_match VALUES ('110', 'Mexique', 'Maroque', 'Assistant', '2018-06-14');
INSERT INTO arbitre_match VALUES ('180', 'Mexique', 'Maroque', 'Assistant', '2018-06-14');
INSERT INTO arbitre_match VALUES ('230', 'Mexique', 'Maroque', 'Assistant', '2018-06-14');

 -- Sanction du match -- 

INSERT INTO sanction (joueur_id, arbitre_id, nation_equipe_1, nation_equipe_2, match_date, couleur) VALUES ('54', '90', 'Mexique', 'Maroque', '2018-06-14', 'Jaune');

 -- Sanction du match -- 

INSERT INTO sanction (joueur_id, arbitre_id, nation_equipe_1, nation_equipe_2, match_date, couleur) VALUES ('51', '90', 'Mexique', 'Maroque', '2018-06-14', 'Jaune');

 -- Match -- 

INSERT INTO match_foot VALUES ('2018-06-14', 'Allemagne', 'Egypt', 'Semi-final', '1', '3', '6', 'Free Coutry', 'Sier');

 -- Arbitre du Match -- 

INSERT INTO arbitre_match VALUES ('90', 'Allemagne', 'Egypt', 'Principal', '2018-06-14');
INSERT INTO arbitre_match VALUES ('140', 'Allemagne', 'Egypt', 'Assistant', '2018-06-14');
INSERT INTO arbitre_match VALUES ('180', 'Allemagne', 'Egypt', 'Assistant', '2018-06-14');
INSERT INTO arbitre_match VALUES ('220', 'Allemagne', 'Egypt', 'Assistant', '2018-06-14');

 -- Sanction du match -- 

INSERT INTO sanction (joueur_id, arbitre_id, nation_equipe_1, nation_equipe_2, match_date, couleur) VALUES ('62', '90', 'Allemagne', 'Egypt', '2018-06-14', 'Jaune');

 -- Sanction du match -- 

INSERT INTO sanction (joueur_id, arbitre_id, nation_equipe_1, nation_equipe_2, match_date, couleur) VALUES ('64', '90', 'Allemagne', 'Egypt', '2018-06-14', 'Jaune');

 -- Sanction du match -- 

INSERT INTO sanction (joueur_id, arbitre_id, nation_equipe_1, nation_equipe_2, match_date, couleur) VALUES ('62', '90', 'Allemagne', 'Egypt', '2018-06-14', 'Jaune');

 -- Match -- 

INSERT INTO match_foot VALUES ('2018-06-14', 'Portugal', 'Grece', 'Quart de final', '0', '1', '6', 'Free Coutry', 'Sier');

 -- Arbitre du Match -- 

INSERT INTO arbitre_match VALUES ('90', 'Portugal', 'Grece', 'Principal', '2018-06-14');
INSERT INTO arbitre_match VALUES ('150', 'Portugal', 'Grece', 'Assistant', '2018-06-14');
INSERT INTO arbitre_match VALUES ('160', 'Portugal', 'Grece', 'Assistant', '2018-06-14');
INSERT INTO arbitre_match VALUES ('240', 'Portugal', 'Grece', 'Assistant', '2018-06-14');

 -- Sanction du match -- 

INSERT INTO sanction (joueur_id, arbitre_id, nation_equipe_1, nation_equipe_2, match_date, couleur) VALUES ('71', '90', 'Portugal', 'Grece', '2018-06-14', 'Rouge');

 -- Sanction du match -- 

INSERT INTO sanction (joueur_id, arbitre_id, nation_equipe_1, nation_equipe_2, match_date, couleur) VALUES ('71', '90', 'Portugal', 'Grece', '2018-06-14', 'Jaune');

 -- Sanction du match -- 

INSERT INTO sanction (joueur_id, arbitre_id, nation_equipe_1, nation_equipe_2, match_date, couleur) VALUES ('72', '90', 'Portugal', 'Grece', '2018-06-14', 'Rouge');

 -- Match -- 

INSERT INTO match_foot VALUES ('2018-06-14', 'Autriche', 'Qatar', 'Quart de final', '5', '1', '6', 'Free Coutry', 'Sier');

 -- Arbitre du Match -- 

INSERT INTO arbitre_match VALUES ('70', 'Autriche', 'Qatar', 'Principal', '2018-06-14');
INSERT INTO arbitre_match VALUES ('150', 'Autriche', 'Qatar', 'Assistant', '2018-06-14');
INSERT INTO arbitre_match VALUES ('170', 'Autriche', 'Qatar', 'Assistant', '2018-06-14');
INSERT INTO arbitre_match VALUES ('210', 'Autriche', 'Qatar', 'Assistant', '2018-06-14');

 -- Sanction du match -- 

INSERT INTO sanction (joueur_id, arbitre_id, nation_equipe_1, nation_equipe_2, match_date, couleur) VALUES ('81', '70', 'Autriche', 'Qatar', '2018-06-14', 'Rouge');

 -- Sanction du match -- 

INSERT INTO sanction (joueur_id, arbitre_id, nation_equipe_1, nation_equipe_2, match_date, couleur) VALUES ('81', '70', 'Autriche', 'Qatar', '2018-06-14', 'Rouge');

 -- Sanction du match -- 

INSERT INTO sanction (joueur_id, arbitre_id, nation_equipe_1, nation_equipe_2, match_date, couleur) VALUES ('85', '70', 'Autriche', 'Qatar', '2018-06-14', 'Jaune');

 -- Match -- 

INSERT INTO match_foot VALUES ('2018-06-14', 'Yougoslavie', 'Etats-Unis', 'Ronde de 16', '5', '1', '6', 'Free Coutry', 'Sier');

 -- Arbitre du Match -- 

INSERT INTO arbitre_match VALUES ('90', 'Yougoslavie', 'Etats-Unis', 'Principal', '2018-06-14');
INSERT INTO arbitre_match VALUES ('130', 'Yougoslavie', 'Etats-Unis', 'Assistant', '2018-06-14');
INSERT INTO arbitre_match VALUES ('200', 'Yougoslavie', 'Etats-Unis', 'Assistant', '2018-06-14');
INSERT INTO arbitre_match VALUES ('250', 'Yougoslavie', 'Etats-Unis', 'Assistant', '2018-06-14');

 -- Sanction du match -- 

INSERT INTO sanction (joueur_id, arbitre_id, nation_equipe_1, nation_equipe_2, match_date, couleur) VALUES ('92', '90', 'Yougoslavie', 'Etats-Unis', '2018-06-14', 'Rouge');

 -- Match -- 

INSERT INTO match_foot VALUES ('2018-06-14', 'Union sovietique', 'Turquie', 'Quart de final', '2', '4', '6', 'Free Coutry', 'Sier');

 -- Arbitre du Match -- 

INSERT INTO arbitre_match VALUES ('100', 'Union sovietique', 'Turquie', 'Principal', '2018-06-14');
INSERT INTO arbitre_match VALUES ('150', 'Union sovietique', 'Turquie', 'Assistant', '2018-06-14');
INSERT INTO arbitre_match VALUES ('170', 'Union sovietique', 'Turquie', 'Assistant', '2018-06-14');
INSERT INTO arbitre_match VALUES ('230', 'Union sovietique', 'Turquie', 'Assistant', '2018-06-14');
commit;