begin; 



  -- Coupe Du Monde  --- 
INSERT INTO coupe_du_monde VALUES ('1', '1998-06-10', '1998-07-12');
INSERT INTO pays_coupe VALUES ('Uruguay', '1');


 -- EQUIPE  + Association-- 

INSERT INTO equipe_foot VALUES ('Uruguay', '1', '7', '12');
INSERT INTO collaborateur_equipe VALUES ('8', 'Uruguay', '1');
INSERT INTO collaborateur_equipe VALUES ('9', 'Uruguay', '1');
INSERT INTO joueur_equipe VALUES ('1', 'Uruguay', '1', 'Avant-centre', '0', 'France National');
INSERT INTO joueur_equipe VALUES ('2', 'Uruguay', '1', 'Arriere latéral', '9', 'Arsenal F.C.');
INSERT INTO joueur_equipe VALUES ('3', 'Uruguay', '1', 'Millieu defensif', '21', 'Olympique Lyonnais');
INSERT INTO joueur_equipe VALUES ('4', 'Uruguay', '1', 'Millieu offensif', '27', 'Manchester United F.C.');
INSERT INTO joueur_equipe VALUES ('5', 'Uruguay', '1', 'Gardien de but', '28', 'Spain N.F.C.');
INSERT INTO joueur_equipe VALUES ('6', 'Uruguay', '1', 'Attaquant de pointe', '38', 'Real Madrid');

 -- EQUIPE  + Association-- 

INSERT INTO equipe_foot VALUES ('Italie', '1', '17', '26');
INSERT INTO collaborateur_equipe VALUES ('18', 'Italie', '1');
INSERT INTO collaborateur_equipe VALUES ('19', 'Italie', '1');
INSERT INTO joueur_equipe VALUES ('11', 'Italie', '1', 'Avant-centre', '0', 'Manchester United F.C.');
INSERT INTO joueur_equipe VALUES ('12', 'Italie', '1', 'Arriere latéral', '8', 'F.C. Barcelona');
INSERT INTO joueur_equipe VALUES ('13', 'Italie', '1', 'Millieu defensif', '21', 'Manchester United F.C.');
INSERT INTO joueur_equipe VALUES ('14', 'Italie', '1', 'Millieu offensif', '27', 'Real Madrid');
INSERT INTO joueur_equipe VALUES ('15', 'Italie', '1', 'Gardien de but', '25', 'Liverpool F.C.');
INSERT INTO joueur_equipe VALUES ('16', 'Italie', '1', 'Attaquant de pointe', '38', 'Real Madrid');

 -- EQUIPE  + Association-- 

INSERT INTO equipe_foot VALUES ('France', '1', '27', '10');
INSERT INTO collaborateur_equipe VALUES ('28', 'France', '1');
INSERT INTO collaborateur_equipe VALUES ('29', 'France', '1');
INSERT INTO joueur_equipe VALUES ('21', 'France', '1', 'Avant-centre', '0', 'FC Bayern');
INSERT INTO joueur_equipe VALUES ('22', 'France', '1', 'Arriere latéral', '7', 'Real Madrid');
INSERT INTO joueur_equipe VALUES ('23', 'France', '1', 'Millieu defensif', '15', 'F.C. Barcelona');
INSERT INTO joueur_equipe VALUES ('24', 'France', '1', 'Millieu offensif', '25', 'Liverpool F.C.');
INSERT INTO joueur_equipe VALUES ('25', 'France', '1', 'Gardien de but', '34', 'Chelsea F.C.');
INSERT INTO joueur_equipe VALUES ('26', 'France', '1', 'Attaquant de pointe', '45', 'Spain N.F.C.');

 -- EQUIPE  + Association-- 

INSERT INTO equipe_foot VALUES ('Canada', '1', '37', '5');
INSERT INTO collaborateur_equipe VALUES ('38', 'Canada', '1');
INSERT INTO collaborateur_equipe VALUES ('39', 'Canada', '1');
INSERT INTO joueur_equipe VALUES ('31', 'Canada', '1', 'Avant-centre', '0', 'Manchester United F.C.');
INSERT INTO joueur_equipe VALUES ('32', 'Canada', '1', 'Arriere latéral', '6', 'Spain N.F.C.');
INSERT INTO joueur_equipe VALUES ('33', 'Canada', '1', 'Millieu defensif', '15', 'France National');
INSERT INTO joueur_equipe VALUES ('34', 'Canada', '1', 'Millieu offensif', '20', 'Brazil nationnal');
INSERT INTO joueur_equipe VALUES ('35', 'Canada', '1', 'Gardien de but', '32', 'F.C. Barcelona');
INSERT INTO joueur_equipe VALUES ('36', 'Canada', '1', 'Attaquant de pointe', '36', 'AS Monaco');

 -- EQUIPE  + Association-- 

INSERT INTO equipe_foot VALUES ('Bresil', '1', '47', '21');
INSERT INTO collaborateur_equipe VALUES ('48', 'Bresil', '1');
INSERT INTO collaborateur_equipe VALUES ('49', 'Bresil', '1');
INSERT INTO joueur_equipe VALUES ('41', 'Bresil', '1', 'Avant-centre', '0', 'Liverpool F.C.');
INSERT INTO joueur_equipe VALUES ('42', 'Bresil', '1', 'Arriere latéral', '10', 'France National');
INSERT INTO joueur_equipe VALUES ('43', 'Bresil', '1', 'Millieu defensif', '12', 'F.C. Barcelona');
INSERT INTO joueur_equipe VALUES ('44', 'Bresil', '1', 'Millieu offensif', '23', 'Liverpool F.C.');
INSERT INTO joueur_equipe VALUES ('45', 'Bresil', '1', 'Gardien de but', '25', 'Arsenal F.C.');
INSERT INTO joueur_equipe VALUES ('46', 'Bresil', '1', 'Attaquant de pointe', '37', 'Arsenal F.C.');

 -- EQUIPE  + Association-- 

INSERT INTO equipe_foot VALUES ('Suisse', '1', '57', '30');
INSERT INTO collaborateur_equipe VALUES ('58', 'Suisse', '1');
INSERT INTO collaborateur_equipe VALUES ('59', 'Suisse', '1');
INSERT INTO joueur_equipe VALUES ('51', 'Suisse', '1', 'Avant-centre', '0', 'France National');
INSERT INTO joueur_equipe VALUES ('52', 'Suisse', '1', 'Arriere latéral', '11', 'Chelsea F.C.');
INSERT INTO joueur_equipe VALUES ('53', 'Suisse', '1', 'Millieu defensif', '13', 'Brazil nationnal');
INSERT INTO joueur_equipe VALUES ('54', 'Suisse', '1', 'Millieu offensif', '27', 'F.C. Barcelona');
INSERT INTO joueur_equipe VALUES ('55', 'Suisse', '1', 'Gardien de but', '32', 'Manchester United F.C.');
INSERT INTO joueur_equipe VALUES ('56', 'Suisse', '1', 'Attaquant de pointe', '51', 'Liverpool F.C.');

 -- EQUIPE  + Association-- 

INSERT INTO equipe_foot VALUES ('Suede', '1', '67', '16');
INSERT INTO collaborateur_equipe VALUES ('68', 'Suede', '1');
INSERT INTO collaborateur_equipe VALUES ('69', 'Suede', '1');
INSERT INTO joueur_equipe VALUES ('61', 'Suede', '1', 'Avant-centre', '1', 'Spain N.F.C.');
INSERT INTO joueur_equipe VALUES ('62', 'Suede', '1', 'Arriere latéral', '11', 'Spain N.F.C.');
INSERT INTO joueur_equipe VALUES ('63', 'Suede', '1', 'Millieu defensif', '17', 'Spain N.F.C.');
INSERT INTO joueur_equipe VALUES ('64', 'Suede', '1', 'Millieu offensif', '28', 'Real Madrid');
INSERT INTO joueur_equipe VALUES ('65', 'Suede', '1', 'Gardien de but', '39', 'France National');
INSERT INTO joueur_equipe VALUES ('66', 'Suede', '1', 'Attaquant de pointe', '40', 'Olympique Lyonnais');

 -- EQUIPE  + Association-- 

INSERT INTO equipe_foot VALUES ('Chili', '1', '77', '14');
INSERT INTO collaborateur_equipe VALUES ('78', 'Chili', '1');
INSERT INTO collaborateur_equipe VALUES ('79', 'Chili', '1');
INSERT INTO joueur_equipe VALUES ('71', 'Chili', '1', 'Avant-centre', '1', 'Manchester United F.C.');
INSERT INTO joueur_equipe VALUES ('72', 'Chili', '1', 'Arriere latéral', '7', 'Chelsea F.C.');
INSERT INTO joueur_equipe VALUES ('73', 'Chili', '1', 'Millieu defensif', '13', 'Spain N.F.C.');
INSERT INTO joueur_equipe VALUES ('74', 'Chili', '1', 'Millieu offensif', '24', 'France National');
INSERT INTO joueur_equipe VALUES ('75', 'Chili', '1', 'Gardien de but', '40', 'Olympique Lyonnais');
INSERT INTO joueur_equipe VALUES ('76', 'Chili', '1', 'Attaquant de pointe', '46', 'Chelsea F.C.');

 -- EQUIPE  + Association-- 

INSERT INTO equipe_foot VALUES ('Angleterre', '1', '87', '19');
INSERT INTO collaborateur_equipe VALUES ('88', 'Angleterre', '1');
INSERT INTO collaborateur_equipe VALUES ('89', 'Angleterre', '1');
INSERT INTO joueur_equipe VALUES ('81', 'Angleterre', '1', 'Avant-centre', '1', 'Spain N.F.C.');
INSERT INTO joueur_equipe VALUES ('82', 'Angleterre', '1', 'Arriere latéral', '7', 'Liverpool F.C.');
INSERT INTO joueur_equipe VALUES ('83', 'Angleterre', '1', 'Millieu defensif', '14', 'Olympique Lyonnais');
INSERT INTO joueur_equipe VALUES ('84', 'Angleterre', '1', 'Millieu offensif', '23', 'FC Bayern');
INSERT INTO joueur_equipe VALUES ('85', 'Angleterre', '1', 'Gardien de but', '29', 'France National');
INSERT INTO joueur_equipe VALUES ('86', 'Angleterre', '1', 'Attaquant de pointe', '39', 'Arsenal F.C.');

 -- EQUIPE  + Association-- 

INSERT INTO equipe_foot VALUES ('Mexique', '1', '97', '20');
INSERT INTO collaborateur_equipe VALUES ('98', 'Mexique', '1');
INSERT INTO collaborateur_equipe VALUES ('99', 'Mexique', '1');
INSERT INTO joueur_equipe VALUES ('91', 'Mexique', '1', 'Avant-centre', '1', 'Olympique Lyonnais');
INSERT INTO joueur_equipe VALUES ('92', 'Mexique', '1', 'Arriere latéral', '7', 'Spain N.F.C.');
INSERT INTO joueur_equipe VALUES ('93', 'Mexique', '1', 'Millieu defensif', '20', 'Liverpool F.C.');
INSERT INTO joueur_equipe VALUES ('94', 'Mexique', '1', 'Millieu offensif', '30', 'Olympique Lyonnais');
INSERT INTO joueur_equipe VALUES ('95', 'Mexique', '1', 'Gardien de but', '41', 'Arsenal F.C.');
INSERT INTO joueur_equipe VALUES ('96', 'Mexique', '1', 'Attaquant de pointe', '31', 'Spain N.F.C.');

 -- EQUIPE  + Association-- 

INSERT INTO equipe_foot VALUES ('Allemagne', '1', '107', '18');
INSERT INTO collaborateur_equipe VALUES ('108', 'Allemagne', '1');
INSERT INTO collaborateur_equipe VALUES ('109', 'Allemagne', '1');
INSERT INTO joueur_equipe VALUES ('101', 'Allemagne', '1', 'Avant-centre', '0', 'Olympique Lyonnais');
INSERT INTO joueur_equipe VALUES ('102', 'Allemagne', '1', 'Arriere latéral', '10', 'Brazil nationnal');
INSERT INTO joueur_equipe VALUES ('103', 'Allemagne', '1', 'Millieu defensif', '15', 'FC Bayern');
INSERT INTO joueur_equipe VALUES ('104', 'Allemagne', '1', 'Millieu offensif', '25', 'Brazil nationnal');
INSERT INTO joueur_equipe VALUES ('105', 'Allemagne', '1', 'Gardien de but', '41', 'France National');
INSERT INTO joueur_equipe VALUES ('106', 'Allemagne', '1', 'Attaquant de pointe', '46', 'F.C. Barcelona');

 -- EQUIPE  + Association-- 

INSERT INTO equipe_foot VALUES ('Portugal', '1', '117', '11');
INSERT INTO collaborateur_equipe VALUES ('118', 'Portugal', '1');
INSERT INTO collaborateur_equipe VALUES ('119', 'Portugal', '1');
INSERT INTO joueur_equipe VALUES ('111', 'Portugal', '1', 'Avant-centre', '0', 'Olympique Lyonnais');
INSERT INTO joueur_equipe VALUES ('112', 'Portugal', '1', 'Arriere latéral', '8', 'Olympique Lyonnais');
INSERT INTO joueur_equipe VALUES ('113', 'Portugal', '1', 'Millieu defensif', '16', 'Chelsea F.C.');
INSERT INTO joueur_equipe VALUES ('114', 'Portugal', '1', 'Millieu offensif', '24', 'Liverpool F.C.');
INSERT INTO joueur_equipe VALUES ('115', 'Portugal', '1', 'Gardien de but', '25', 'Spain N.F.C.');
INSERT INTO joueur_equipe VALUES ('116', 'Portugal', '1', 'Attaquant de pointe', '51', 'FC Bayern');

 -- EQUIPE  + Association-- 

INSERT INTO equipe_foot VALUES ('Autriche', '1', '127', '25');
INSERT INTO collaborateur_equipe VALUES ('128', 'Autriche', '1');
INSERT INTO collaborateur_equipe VALUES ('129', 'Autriche', '1');
INSERT INTO joueur_equipe VALUES ('121', 'Autriche', '1', 'Avant-centre', '0', 'Chelsea F.C.');
INSERT INTO joueur_equipe VALUES ('122', 'Autriche', '1', 'Arriere latéral', '8', 'Arsenal F.C.');
INSERT INTO joueur_equipe VALUES ('123', 'Autriche', '1', 'Millieu defensif', '18', 'AS Monaco');
INSERT INTO joueur_equipe VALUES ('124', 'Autriche', '1', 'Millieu offensif', '21', 'F.C. Barcelona');
INSERT INTO joueur_equipe VALUES ('125', 'Autriche', '1', 'Gardien de but', '25', 'F.C. Barcelona');
INSERT INTO joueur_equipe VALUES ('126', 'Autriche', '1', 'Attaquant de pointe', '35', 'AS Monaco');

 -- EQUIPE  + Association-- 

INSERT INTO equipe_foot VALUES ('Yougoslavie', '1', '137', '27');
INSERT INTO collaborateur_equipe VALUES ('138', 'Yougoslavie', '1');
INSERT INTO collaborateur_equipe VALUES ('139', 'Yougoslavie', '1');
INSERT INTO joueur_equipe VALUES ('131', 'Yougoslavie', '1', 'Avant-centre', '1', 'Real Madrid');
INSERT INTO joueur_equipe VALUES ('132', 'Yougoslavie', '1', 'Arriere latéral', '8', 'Manchester United F.C.');
INSERT INTO joueur_equipe VALUES ('133', 'Yougoslavie', '1', 'Millieu defensif', '20', 'F.C. Barcelona');
INSERT INTO joueur_equipe VALUES ('134', 'Yougoslavie', '1', 'Millieu offensif', '18', 'Liverpool F.C.');
INSERT INTO joueur_equipe VALUES ('135', 'Yougoslavie', '1', 'Gardien de but', '40', 'Olympique Lyonnais');
INSERT INTO joueur_equipe VALUES ('136', 'Yougoslavie', '1', 'Attaquant de pointe', '35', 'Arsenal F.C.');

 -- EQUIPE  + Association-- 

INSERT INTO equipe_foot VALUES ('Union sovietique', '1', '147', '17');
INSERT INTO collaborateur_equipe VALUES ('148', 'Union sovietique', '1');
INSERT INTO collaborateur_equipe VALUES ('149', 'Union sovietique', '1');
INSERT INTO joueur_equipe VALUES ('141', 'Union sovietique', '1', 'Avant-centre', '1', 'France National');
INSERT INTO joueur_equipe VALUES ('142', 'Union sovietique', '1', 'Arriere latéral', '9', 'Arsenal F.C.');
INSERT INTO joueur_equipe VALUES ('143', 'Union sovietique', '1', 'Millieu defensif', '13', 'Liverpool F.C.');
INSERT INTO joueur_equipe VALUES ('144', 'Union sovietique', '1', 'Millieu offensif', '29', 'France National');
INSERT INTO joueur_equipe VALUES ('145', 'Union sovietique', '1', 'Gardien de but', '37', 'AS Monaco');
INSERT INTO joueur_equipe VALUES ('146', 'Union sovietique', '1', 'Attaquant de pointe', '42', 'Brazil nationnal');

 -- EQUIPE  + Association-- 

INSERT INTO equipe_foot VALUES ('Tchecoslovaquie', '1', '157', '7');
INSERT INTO collaborateur_equipe VALUES ('158', 'Tchecoslovaquie', '1');
INSERT INTO collaborateur_equipe VALUES ('159', 'Tchecoslovaquie', '1');
INSERT INTO joueur_equipe VALUES ('151', 'Tchecoslovaquie', '1', 'Avant-centre', '1', 'Arsenal F.C.');
INSERT INTO joueur_equipe VALUES ('152', 'Tchecoslovaquie', '1', 'Arriere latéral', '8', 'FC Bayern');
INSERT INTO joueur_equipe VALUES ('153', 'Tchecoslovaquie', '1', 'Millieu defensif', '14', 'Real Madrid');
INSERT INTO joueur_equipe VALUES ('154', 'Tchecoslovaquie', '1', 'Millieu offensif', '25', 'Spain N.F.C.');
INSERT INTO joueur_equipe VALUES ('155', 'Tchecoslovaquie', '1', 'Gardien de but', '38', 'Manchester United F.C.');
INSERT INTO joueur_equipe VALUES ('156', 'Tchecoslovaquie', '1', 'Attaquant de pointe', '42', 'Arsenal F.C.');

 -- EQUIPE  + Association-- 

INSERT INTO equipe_foot VALUES ('Pologne', '1', '167', '13');
INSERT INTO collaborateur_equipe VALUES ('168', 'Pologne', '1');
INSERT INTO collaborateur_equipe VALUES ('169', 'Pologne', '1');
INSERT INTO joueur_equipe VALUES ('161', 'Pologne', '1', 'Avant-centre', '1', 'Real Madrid');
INSERT INTO joueur_equipe VALUES ('162', 'Pologne', '1', 'Arriere latéral', '11', 'Chelsea F.C.');
INSERT INTO joueur_equipe VALUES ('163', 'Pologne', '1', 'Millieu defensif', '21', 'Arsenal F.C.');
INSERT INTO joueur_equipe VALUES ('164', 'Pologne', '1', 'Millieu offensif', '29', 'Spain N.F.C.');
INSERT INTO joueur_equipe VALUES ('165', 'Pologne', '1', 'Gardien de but', '25', 'AS Monaco');
INSERT INTO joueur_equipe VALUES ('166', 'Pologne', '1', 'Attaquant de pointe', '36', 'FC Bayern');

 -- EQUIPE  + Association-- 

INSERT INTO equipe_foot VALUES ('Argentine', '1', '177', '28');
INSERT INTO collaborateur_equipe VALUES ('178', 'Argentine', '1');
INSERT INTO collaborateur_equipe VALUES ('179', 'Argentine', '1');
INSERT INTO joueur_equipe VALUES ('171', 'Argentine', '1', 'Avant-centre', '0', 'Olympique Lyonnais');
INSERT INTO joueur_equipe VALUES ('172', 'Argentine', '1', 'Arriere latéral', '9', 'Chelsea F.C.');
INSERT INTO joueur_equipe VALUES ('173', 'Argentine', '1', 'Millieu defensif', '21', 'Manchester United F.C.');
INSERT INTO joueur_equipe VALUES ('174', 'Argentine', '1', 'Millieu offensif', '25', 'Chelsea F.C.');
INSERT INTO joueur_equipe VALUES ('175', 'Argentine', '1', 'Gardien de but', '40', 'Spain N.F.C.');
INSERT INTO joueur_equipe VALUES ('176', 'Argentine', '1', 'Attaquant de pointe', '37', 'AS Monaco');

 -- EQUIPE  + Association-- 

INSERT INTO equipe_foot VALUES ('Belgique', '1', '187', '23');
INSERT INTO collaborateur_equipe VALUES ('188', 'Belgique', '1');
INSERT INTO collaborateur_equipe VALUES ('189', 'Belgique', '1');
INSERT INTO joueur_equipe VALUES ('181', 'Belgique', '1', 'Avant-centre', '0', 'Chelsea F.C.');
INSERT INTO joueur_equipe VALUES ('182', 'Belgique', '1', 'Arriere latéral', '10', 'Chelsea F.C.');
INSERT INTO joueur_equipe VALUES ('183', 'Belgique', '1', 'Millieu defensif', '19', 'France National');
INSERT INTO joueur_equipe VALUES ('184', 'Belgique', '1', 'Millieu offensif', '26', 'Real Madrid');
INSERT INTO joueur_equipe VALUES ('185', 'Belgique', '1', 'Gardien de but', '34', 'F.C. Barcelona');
INSERT INTO joueur_equipe VALUES ('186', 'Belgique', '1', 'Attaquant de pointe', '39', 'France National');

 -- EQUIPE  + Association-- 

INSERT INTO equipe_foot VALUES ('Croatie', '1', '197', '3');
INSERT INTO collaborateur_equipe VALUES ('198', 'Croatie', '1');
INSERT INTO collaborateur_equipe VALUES ('199', 'Croatie', '1');
INSERT INTO joueur_equipe VALUES ('191', 'Croatie', '1', 'Avant-centre', '1', 'Spain N.F.C.');
INSERT INTO joueur_equipe VALUES ('192', 'Croatie', '1', 'Arriere latéral', '8', 'Arsenal F.C.');
INSERT INTO joueur_equipe VALUES ('193', 'Croatie', '1', 'Millieu defensif', '16', 'Chelsea F.C.');
INSERT INTO joueur_equipe VALUES ('194', 'Croatie', '1', 'Millieu offensif', '18', 'France National');
INSERT INTO joueur_equipe VALUES ('195', 'Croatie', '1', 'Gardien de but', '34', 'Brazil nationnal');
INSERT INTO joueur_equipe VALUES ('196', 'Croatie', '1', 'Attaquant de pointe', '34', 'AS Monaco');

 -- EQUIPE  + Association-- 

INSERT INTO equipe_foot VALUES ('Pays-Bas', '1', '207', '2');
INSERT INTO collaborateur_equipe VALUES ('208', 'Pays-Bas', '1');
INSERT INTO collaborateur_equipe VALUES ('209', 'Pays-Bas', '1');
INSERT INTO joueur_equipe VALUES ('201', 'Pays-Bas', '1', 'Avant-centre', '0', 'F.C. Barcelona');
INSERT INTO joueur_equipe VALUES ('202', 'Pays-Bas', '1', 'Arriere latéral', '11', 'FC Bayern');
INSERT INTO joueur_equipe VALUES ('203', 'Pays-Bas', '1', 'Millieu defensif', '15', 'F.C. Barcelona');
INSERT INTO joueur_equipe VALUES ('204', 'Pays-Bas', '1', 'Millieu offensif', '30', 'Arsenal F.C.');
INSERT INTO joueur_equipe VALUES ('205', 'Pays-Bas', '1', 'Gardien de but', '26', 'Olympique Lyonnais');
INSERT INTO joueur_equipe VALUES ('206', 'Pays-Bas', '1', 'Attaquant de pointe', '31', 'FC Bayern');

 -- EQUIPE  + Association-- 

INSERT INTO equipe_foot VALUES ('Coree du Sud', '1', '217', '29');
INSERT INTO collaborateur_equipe VALUES ('218', 'Coree du Sud', '1');
INSERT INTO collaborateur_equipe VALUES ('219', 'Coree du Sud', '1');
INSERT INTO joueur_equipe VALUES ('211', 'Coree du Sud', '1', 'Avant-centre', '0', 'FC Bayern');
INSERT INTO joueur_equipe VALUES ('212', 'Coree du Sud', '1', 'Arriere latéral', '10', 'Manchester United F.C.');
INSERT INTO joueur_equipe VALUES ('213', 'Coree du Sud', '1', 'Millieu defensif', '16', 'Manchester United F.C.');
INSERT INTO joueur_equipe VALUES ('214', 'Coree du Sud', '1', 'Millieu offensif', '21', 'Liverpool F.C.');
INSERT INTO joueur_equipe VALUES ('215', 'Coree du Sud', '1', 'Gardien de but', '36', 'Olympique Lyonnais');
INSERT INTO joueur_equipe VALUES ('216', 'Coree du Sud', '1', 'Attaquant de pointe', '32', 'Olympique Lyonnais');

 -- EQUIPE  + Association-- 

INSERT INTO equipe_foot VALUES ('Japon', '1', '227', '8');
INSERT INTO collaborateur_equipe VALUES ('228', 'Japon', '1');
INSERT INTO collaborateur_equipe VALUES ('229', 'Japon', '1');
INSERT INTO joueur_equipe VALUES ('221', 'Japon', '1', 'Avant-centre', '0', 'Spain N.F.C.');
INSERT INTO joueur_equipe VALUES ('222', 'Japon', '1', 'Arriere latéral', '7', 'F.C. Barcelona');
INSERT INTO joueur_equipe VALUES ('223', 'Japon', '1', 'Millieu defensif', '16', 'Brazil nationnal');
INSERT INTO joueur_equipe VALUES ('224', 'Japon', '1', 'Millieu offensif', '23', 'Chelsea F.C.');
INSERT INTO joueur_equipe VALUES ('225', 'Japon', '1', 'Gardien de but', '28', 'France National');
INSERT INTO joueur_equipe VALUES ('226', 'Japon', '1', 'Attaquant de pointe', '39', 'F.C. Barcelona');

 -- EQUIPE  + Association-- 

INSERT INTO equipe_foot VALUES ('Russie', '1', '237', '24');
INSERT INTO collaborateur_equipe VALUES ('238', 'Russie', '1');
INSERT INTO collaborateur_equipe VALUES ('239', 'Russie', '1');
INSERT INTO joueur_equipe VALUES ('231', 'Russie', '1', 'Avant-centre', '1', 'Arsenal F.C.');
INSERT INTO joueur_equipe VALUES ('232', 'Russie', '1', 'Arriere latéral', '8', 'Liverpool F.C.');
INSERT INTO joueur_equipe VALUES ('233', 'Russie', '1', 'Millieu defensif', '17', 'F.C. Barcelona');
INSERT INTO joueur_equipe VALUES ('234', 'Russie', '1', 'Millieu offensif', '31', 'Real Madrid');
INSERT INTO joueur_equipe VALUES ('235', 'Russie', '1', 'Gardien de but', '31', 'Arsenal F.C.');
INSERT INTO joueur_equipe VALUES ('236', 'Russie', '1', 'Attaquant de pointe', '42', 'France National');

 -- EQUIPE  + Association-- 

INSERT INTO equipe_foot VALUES ('Maroque', '1', '247', '15');
INSERT INTO collaborateur_equipe VALUES ('248', 'Maroque', '1');
INSERT INTO collaborateur_equipe VALUES ('249', 'Maroque', '1');
INSERT INTO joueur_equipe VALUES ('241', 'Maroque', '1', 'Avant-centre', '0', 'FC Bayern');
INSERT INTO joueur_equipe VALUES ('242', 'Maroque', '1', 'Arriere latéral', '6', 'Olympique Lyonnais');
INSERT INTO joueur_equipe VALUES ('243', 'Maroque', '1', 'Millieu defensif', '19', 'Spain N.F.C.');
INSERT INTO joueur_equipe VALUES ('244', 'Maroque', '1', 'Millieu offensif', '29', 'Brazil nationnal');
INSERT INTO joueur_equipe VALUES ('245', 'Maroque', '1', 'Gardien de but', '24', 'Arsenal F.C.');
INSERT INTO joueur_equipe VALUES ('246', 'Maroque', '1', 'Attaquant de pointe', '34', 'F.C. Barcelona');

 -- EQUIPE  + Association-- 

INSERT INTO equipe_foot VALUES ('Egypt', '1', '257', '4');
INSERT INTO collaborateur_equipe VALUES ('258', 'Egypt', '1');
INSERT INTO collaborateur_equipe VALUES ('259', 'Egypt', '1');
INSERT INTO joueur_equipe VALUES ('251', 'Egypt', '1', 'Avant-centre', '1', 'F.C. Barcelona');
INSERT INTO joueur_equipe VALUES ('252', 'Egypt', '1', 'Arriere latéral', '8', 'Manchester United F.C.');
INSERT INTO joueur_equipe VALUES ('253', 'Egypt', '1', 'Millieu defensif', '21', 'Real Madrid');
INSERT INTO joueur_equipe VALUES ('254', 'Egypt', '1', 'Millieu offensif', '27', 'Olympique Lyonnais');
INSERT INTO joueur_equipe VALUES ('255', 'Egypt', '1', 'Gardien de but', '30', 'Spain N.F.C.');
INSERT INTO joueur_equipe VALUES ('256', 'Egypt', '1', 'Attaquant de pointe', '38', 'F.C. Barcelona');

 -- EQUIPE  + Association-- 

INSERT INTO equipe_foot VALUES ('Grece', '1', '267', '1');
INSERT INTO collaborateur_equipe VALUES ('268', 'Grece', '1');
INSERT INTO collaborateur_equipe VALUES ('269', 'Grece', '1');
INSERT INTO joueur_equipe VALUES ('261', 'Grece', '1', 'Avant-centre', '0', 'Liverpool F.C.');
INSERT INTO joueur_equipe VALUES ('262', 'Grece', '1', 'Arriere latéral', '9', 'Manchester United F.C.');
INSERT INTO joueur_equipe VALUES ('263', 'Grece', '1', 'Millieu defensif', '15', 'F.C. Barcelona');
INSERT INTO joueur_equipe VALUES ('264', 'Grece', '1', 'Millieu offensif', '19', 'Arsenal F.C.');
INSERT INTO joueur_equipe VALUES ('265', 'Grece', '1', 'Gardien de but', '27', 'FC Bayern');
INSERT INTO joueur_equipe VALUES ('266', 'Grece', '1', 'Attaquant de pointe', '34', 'Olympique Lyonnais');

 -- EQUIPE  + Association-- 

INSERT INTO equipe_foot VALUES ('Qatar', '1', '277', '9');
INSERT INTO collaborateur_equipe VALUES ('278', 'Qatar', '1');
INSERT INTO collaborateur_equipe VALUES ('279', 'Qatar', '1');
INSERT INTO joueur_equipe VALUES ('271', 'Qatar', '1', 'Avant-centre', '1', 'Brazil nationnal');
INSERT INTO joueur_equipe VALUES ('272', 'Qatar', '1', 'Arriere latéral', '8', 'Arsenal F.C.');
INSERT INTO joueur_equipe VALUES ('273', 'Qatar', '1', 'Millieu defensif', '20', 'Real Madrid');
INSERT INTO joueur_equipe VALUES ('274', 'Qatar', '1', 'Millieu offensif', '26', 'F.C. Barcelona');
INSERT INTO joueur_equipe VALUES ('275', 'Qatar', '1', 'Gardien de but', '26', 'Liverpool F.C.');
INSERT INTO joueur_equipe VALUES ('276', 'Qatar', '1', 'Attaquant de pointe', '48', 'Manchester United F.C.');

 -- EQUIPE  + Association-- 

INSERT INTO equipe_foot VALUES ('Etats-Unis', '1', '287', '22');
INSERT INTO collaborateur_equipe VALUES ('288', 'Etats-Unis', '1');
INSERT INTO collaborateur_equipe VALUES ('289', 'Etats-Unis', '1');
INSERT INTO joueur_equipe VALUES ('281', 'Etats-Unis', '1', 'Avant-centre', '0', 'Brazil nationnal');
INSERT INTO joueur_equipe VALUES ('282', 'Etats-Unis', '1', 'Arriere latéral', '10', 'Manchester United F.C.');
INSERT INTO joueur_equipe VALUES ('283', 'Etats-Unis', '1', 'Millieu defensif', '15', 'Chelsea F.C.');
INSERT INTO joueur_equipe VALUES ('284', 'Etats-Unis', '1', 'Millieu offensif', '23', 'Chelsea F.C.');
INSERT INTO joueur_equipe VALUES ('285', 'Etats-Unis', '1', 'Gardien de but', '27', 'Brazil nationnal');
INSERT INTO joueur_equipe VALUES ('286', 'Etats-Unis', '1', 'Attaquant de pointe', '37', 'F.C. Barcelona');

 -- EQUIPE  + Association-- 

INSERT INTO equipe_foot VALUES ('Turquie', '1', '297', '6');
INSERT INTO collaborateur_equipe VALUES ('298', 'Turquie', '1');
INSERT INTO collaborateur_equipe VALUES ('299', 'Turquie', '1');
INSERT INTO joueur_equipe VALUES ('291', 'Turquie', '1', 'Avant-centre', '0', 'Real Madrid');
INSERT INTO joueur_equipe VALUES ('292', 'Turquie', '1', 'Arriere latéral', '11', 'Arsenal F.C.');
INSERT INTO joueur_equipe VALUES ('293', 'Turquie', '1', 'Millieu defensif', '20', 'Chelsea F.C.');
INSERT INTO joueur_equipe VALUES ('294', 'Turquie', '1', 'Millieu offensif', '28', 'Real Madrid');
INSERT INTO joueur_equipe VALUES ('295', 'Turquie', '1', 'Gardien de but', '41', 'AS Monaco');
INSERT INTO joueur_equipe VALUES ('296', 'Turquie', '1', 'Attaquant de pointe', '46', 'Arsenal F.C.');

 -- Stade -- 
INSERT INTO stade VALUES ('Rocket Center', 'Hillford', '38000', 'Uruguay', '1709');

 -- Match -- 

INSERT INTO match_foot VALUES ('1998-06-10', 'Uruguay', 'Allemagne', 'Quart de finale', '1', '0', '1', 'Rocket Center', 'Hillford');

 -- Arbitre du Match -- 

INSERT INTO arbitre_match VALUES ('100', 'Uruguay', 'Allemagne', 'Principal', '1998-06-10');
INSERT INTO arbitre_match VALUES ('140', 'Uruguay', 'Allemagne', 'Assistant', '1998-06-10');
INSERT INTO arbitre_match VALUES ('170', 'Uruguay', 'Allemagne', 'Assistant', '1998-06-10');

 -- Sanction du match -- 

INSERT INTO sanction (joueur_id, arbitre_id, nation_equipe_1, nation_equipe_2, match_date, couleur) VALUES ('11', '170', 'Uruguay', 'Allemagne', '1998-06-10', 'Jaune');

 -- Sanction du match -- 

INSERT INTO sanction (joueur_id, arbitre_id, nation_equipe_1, nation_equipe_2, match_date, couleur) VALUES ('13', '170', 'Uruguay', 'Allemagne', '1998-06-10', 'Rouge');
INSERT INTO arbitre_match VALUES ('240', 'Uruguay', 'Allemagne', 'Assistant', '1998-06-10');

 -- Match -- 

INSERT INTO match_foot VALUES ('1998-06-10', 'Italie', 'Portugal', 'Ronde de groupe', '6', '5', '1', 'Rocket Center', 'Hillford');

 -- Arbitre du Match -- 

INSERT INTO arbitre_match VALUES ('60', 'Italie', 'Portugal', 'Principal', '1998-06-10');

 -- Sanction du match -- 

INSERT INTO sanction (joueur_id, arbitre_id, nation_equipe_1, nation_equipe_2, match_date, couleur) VALUES ('21', '60', 'Italie', 'Portugal', '1998-06-10', 'Rouge');
INSERT INTO arbitre_match VALUES ('150', 'Italie', 'Portugal', 'Assistant', '1998-06-10');

 -- Sanction du match -- 

INSERT INTO sanction (joueur_id, arbitre_id, nation_equipe_1, nation_equipe_2, match_date, couleur) VALUES ('25', '150', 'Italie', 'Portugal', '1998-06-10', 'Rouge');
INSERT INTO arbitre_match VALUES ('160', 'Italie', 'Portugal', 'Assistant', '1998-06-10');

 -- Sanction du match -- 

INSERT INTO sanction (joueur_id, arbitre_id, nation_equipe_1, nation_equipe_2, match_date, couleur) VALUES ('24', '160', 'Italie', 'Portugal', '1998-06-10', 'Rouge');

 -- Sanction du match -- 

INSERT INTO sanction (joueur_id, arbitre_id, nation_equipe_1, nation_equipe_2, match_date, couleur) VALUES ('26', '160', 'Italie', 'Portugal', '1998-06-10', 'Rouge');
INSERT INTO arbitre_match VALUES ('230', 'Italie', 'Portugal', 'Assistant', '1998-06-10');

 -- Sanction du match -- 

INSERT INTO sanction (joueur_id, arbitre_id, nation_equipe_1, nation_equipe_2, match_date, couleur) VALUES ('21', '230', 'Italie', 'Portugal', '1998-06-10', 'Rouge');

 -- Sanction du match -- 

INSERT INTO sanction (joueur_id, arbitre_id, nation_equipe_1, nation_equipe_2, match_date, couleur) VALUES ('23', '230', 'Italie', 'Portugal', '1998-06-10', 'Rouge');

 -- Match -- 

INSERT INTO match_foot VALUES ('1998-06-10', 'France', 'Autriche', 'Finale', '1', '0', '1', 'Rocket Center', 'Hillford');

 -- Arbitre du Match -- 

INSERT INTO arbitre_match VALUES ('100', 'France', 'Autriche', 'Principal', '1998-06-10');

 -- Sanction du match -- 

INSERT INTO sanction (joueur_id, arbitre_id, nation_equipe_1, nation_equipe_2, match_date, couleur) VALUES ('33', '100', 'France', 'Autriche', '1998-06-10', 'Jaune');
INSERT INTO arbitre_match VALUES ('110', 'France', 'Autriche', 'Assistant', '1998-06-10');

 -- Sanction du match -- 

INSERT INTO sanction (joueur_id, arbitre_id, nation_equipe_1, nation_equipe_2, match_date, couleur) VALUES ('36', '110', 'France', 'Autriche', '1998-06-10', 'Jaune');
INSERT INTO arbitre_match VALUES ('200', 'France', 'Autriche', 'Assistant', '1998-06-10');

 -- Sanction du match -- 

INSERT INTO sanction (joueur_id, arbitre_id, nation_equipe_1, nation_equipe_2, match_date, couleur) VALUES ('34', '200', 'France', 'Autriche', '1998-06-10', 'Jaune');

 -- Sanction du match -- 

INSERT INTO sanction (joueur_id, arbitre_id, nation_equipe_1, nation_equipe_2, match_date, couleur) VALUES ('32', '200', 'France', 'Autriche', '1998-06-10', 'Rouge');
INSERT INTO arbitre_match VALUES ('240', 'France', 'Autriche', 'Assistant', '1998-06-10');

 -- Match -- 

INSERT INTO match_foot VALUES ('1998-06-10', 'Canada', 'Yougoslavie', 'Ronde de groupe', '5', '0', '1', 'Rocket Center', 'Hillford');

 -- Arbitre du Match -- 

INSERT INTO arbitre_match VALUES ('70', 'Canada', 'Yougoslavie', 'Principal', '1998-06-10');

 -- Sanction du match -- 

INSERT INTO sanction (joueur_id, arbitre_id, nation_equipe_1, nation_equipe_2, match_date, couleur) VALUES ('44', '70', 'Canada', 'Yougoslavie', '1998-06-10', 'Rouge');
INSERT INTO arbitre_match VALUES ('120', 'Canada', 'Yougoslavie', 'Assistant', '1998-06-10');
INSERT INTO arbitre_match VALUES ('160', 'Canada', 'Yougoslavie', 'Assistant', '1998-06-10');

 -- Sanction du match -- 

INSERT INTO sanction (joueur_id, arbitre_id, nation_equipe_1, nation_equipe_2, match_date, couleur) VALUES ('44', '160', 'Canada', 'Yougoslavie', '1998-06-10', 'Rouge');

 -- Sanction du match -- 

INSERT INTO sanction (joueur_id, arbitre_id, nation_equipe_1, nation_equipe_2, match_date, couleur) VALUES ('41', '160', 'Canada', 'Yougoslavie', '1998-06-10', 'Rouge');
INSERT INTO arbitre_match VALUES ('240', 'Canada', 'Yougoslavie', 'Assistant', '1998-06-10');

 -- Sanction du match -- 

INSERT INTO sanction (joueur_id, arbitre_id, nation_equipe_1, nation_equipe_2, match_date, couleur) VALUES ('42', '240', 'Canada', 'Yougoslavie', '1998-06-10', 'Rouge');

 -- Sanction du match -- 

INSERT INTO sanction (joueur_id, arbitre_id, nation_equipe_1, nation_equipe_2, match_date, couleur) VALUES ('42', '240', 'Canada', 'Yougoslavie', '1998-06-10', 'Rouge');

 -- Match -- 

INSERT INTO match_foot VALUES ('1998-06-10', 'Bresil', 'Union sovietique', 'Ronde de groupe', '5', '2', '1', 'Rocket Center', 'Hillford');

 -- Arbitre du Match -- 

INSERT INTO arbitre_match VALUES ('100', 'Bresil', 'Union sovietique', 'Principal', '1998-06-10');

 -- Sanction du match -- 

INSERT INTO sanction (joueur_id, arbitre_id, nation_equipe_1, nation_equipe_2, match_date, couleur) VALUES ('54', '100', 'Bresil', 'Union sovietique', '1998-06-10', 'Rouge');
INSERT INTO arbitre_match VALUES ('150', 'Bresil', 'Union sovietique', 'Assistant', '1998-06-10');
INSERT INTO arbitre_match VALUES ('170', 'Bresil', 'Union sovietique', 'Assistant', '1998-06-10');
INSERT INTO arbitre_match VALUES ('210', 'Bresil', 'Union sovietique', 'Assistant', '1998-06-10');

 -- Match -- 

INSERT INTO match_foot VALUES ('1998-06-10', 'Suisse', 'Tchecoslovaquie', 'Ronde de 16', '2', '1', '1', 'Rocket Center', 'Hillford');

 -- Arbitre du Match -- 

INSERT INTO arbitre_match VALUES ('90', 'Suisse', 'Tchecoslovaquie', 'Principal', '1998-06-10');

 -- Sanction du match -- 

INSERT INTO sanction (joueur_id, arbitre_id, nation_equipe_1, nation_equipe_2, match_date, couleur) VALUES ('63', '90', 'Suisse', 'Tchecoslovaquie', '1998-06-10', 'Rouge');

 -- Sanction du match -- 

INSERT INTO sanction (joueur_id, arbitre_id, nation_equipe_1, nation_equipe_2, match_date, couleur) VALUES ('63', '90', 'Suisse', 'Tchecoslovaquie', '1998-06-10', 'Rouge');
INSERT INTO arbitre_match VALUES ('120', 'Suisse', 'Tchecoslovaquie', 'Assistant', '1998-06-10');

 -- Sanction du match -- 

INSERT INTO sanction (joueur_id, arbitre_id, nation_equipe_1, nation_equipe_2, match_date, couleur) VALUES ('65', '120', 'Suisse', 'Tchecoslovaquie', '1998-06-10', 'Jaune');
INSERT INTO arbitre_match VALUES ('170', 'Suisse', 'Tchecoslovaquie', 'Assistant', '1998-06-10');

 -- Sanction du match -- 

INSERT INTO sanction (joueur_id, arbitre_id, nation_equipe_1, nation_equipe_2, match_date, couleur) VALUES ('64', '170', 'Suisse', 'Tchecoslovaquie', '1998-06-10', 'Jaune');

 -- Sanction du match -- 

INSERT INTO sanction (joueur_id, arbitre_id, nation_equipe_1, nation_equipe_2, match_date, couleur) VALUES ('66', '170', 'Suisse', 'Tchecoslovaquie', '1998-06-10', 'Rouge');
INSERT INTO arbitre_match VALUES ('220', 'Suisse', 'Tchecoslovaquie', 'Assistant', '1998-06-10');

 -- Sanction du match -- 

INSERT INTO sanction (joueur_id, arbitre_id, nation_equipe_1, nation_equipe_2, match_date, couleur) VALUES ('66', '220', 'Suisse', 'Tchecoslovaquie', '1998-06-10', 'Rouge');

 -- Match -- 

INSERT INTO match_foot VALUES ('1998-06-10', 'Suede', 'Pologne', 'Ronde de 16', '1', '3', '1', 'Rocket Center', 'Hillford');

 -- Arbitre du Match -- 

INSERT INTO arbitre_match VALUES ('60', 'Suede', 'Pologne', 'Principal', '1998-06-10');

 -- Sanction du match -- 

INSERT INTO sanction (joueur_id, arbitre_id, nation_equipe_1, nation_equipe_2, match_date, couleur) VALUES ('76', '60', 'Suede', 'Pologne', '1998-06-10', 'Jaune');
INSERT INTO arbitre_match VALUES ('120', 'Suede', 'Pologne', 'Assistant', '1998-06-10');

 -- Sanction du match -- 

INSERT INTO sanction (joueur_id, arbitre_id, nation_equipe_1, nation_equipe_2, match_date, couleur) VALUES ('75', '120', 'Suede', 'Pologne', '1998-06-10', 'Jaune');

 -- Sanction du match -- 

INSERT INTO sanction (joueur_id, arbitre_id, nation_equipe_1, nation_equipe_2, match_date, couleur) VALUES ('75', '120', 'Suede', 'Pologne', '1998-06-10', 'Jaune');
INSERT INTO arbitre_match VALUES ('200', 'Suede', 'Pologne', 'Assistant', '1998-06-10');

 -- Sanction du match -- 

INSERT INTO sanction (joueur_id, arbitre_id, nation_equipe_1, nation_equipe_2, match_date, couleur) VALUES ('76', '200', 'Suede', 'Pologne', '1998-06-10', 'Jaune');
INSERT INTO arbitre_match VALUES ('210', 'Suede', 'Pologne', 'Assistant', '1998-06-10');

 -- Match -- 

INSERT INTO match_foot VALUES ('1998-06-10', 'Chili', 'Argentine', 'Finale', '5', '4', '1', 'Rocket Center', 'Hillford');

 -- Arbitre du Match -- 

INSERT INTO arbitre_match VALUES ('80', 'Chili', 'Argentine', 'Principal', '1998-06-10');
INSERT INTO arbitre_match VALUES ('140', 'Chili', 'Argentine', 'Assistant', '1998-06-10');

 -- Sanction du match -- 

INSERT INTO sanction (joueur_id, arbitre_id, nation_equipe_1, nation_equipe_2, match_date, couleur) VALUES ('83', '140', 'Chili', 'Argentine', '1998-06-10', 'Rouge');

 -- Sanction du match -- 

INSERT INTO sanction (joueur_id, arbitre_id, nation_equipe_1, nation_equipe_2, match_date, couleur) VALUES ('85', '140', 'Chili', 'Argentine', '1998-06-10', 'Rouge');
INSERT INTO arbitre_match VALUES ('170', 'Chili', 'Argentine', 'Assistant', '1998-06-10');
INSERT INTO arbitre_match VALUES ('210', 'Chili', 'Argentine', 'Assistant', '1998-06-10');

 -- Match -- 

INSERT INTO match_foot VALUES ('1998-06-10', 'Angleterre', 'Belgique', 'Ronde de 16', '5', '0', '1', 'Rocket Center', 'Hillford');

 -- Arbitre du Match -- 

INSERT INTO arbitre_match VALUES ('100', 'Angleterre', 'Belgique', 'Principal', '1998-06-10');
INSERT INTO arbitre_match VALUES ('150', 'Angleterre', 'Belgique', 'Assistant', '1998-06-10');

 -- Sanction du match -- 

INSERT INTO sanction (joueur_id, arbitre_id, nation_equipe_1, nation_equipe_2, match_date, couleur) VALUES ('91', '150', 'Angleterre', 'Belgique', '1998-06-10', 'Jaune');
INSERT INTO arbitre_match VALUES ('170', 'Angleterre', 'Belgique', 'Assistant', '1998-06-10');

 -- Sanction du match -- 

INSERT INTO sanction (joueur_id, arbitre_id, nation_equipe_1, nation_equipe_2, match_date, couleur) VALUES ('95', '170', 'Angleterre', 'Belgique', '1998-06-10', 'Rouge');
INSERT INTO arbitre_match VALUES ('230', 'Angleterre', 'Belgique', 'Assistant', '1998-06-10');

 -- Sanction du match -- 

INSERT INTO sanction (joueur_id, arbitre_id, nation_equipe_1, nation_equipe_2, match_date, couleur) VALUES ('91', '230', 'Angleterre', 'Belgique', '1998-06-10', 'Rouge');

 -- Sanction du match -- 

INSERT INTO sanction (joueur_id, arbitre_id, nation_equipe_1, nation_equipe_2, match_date, couleur) VALUES ('92', '230', 'Angleterre', 'Belgique', '1998-06-10', 'Jaune');

 -- Match -- 

INSERT INTO match_foot VALUES ('1998-06-10', 'Mexique', 'Croatie', 'Ronde de 16', '4', '2', '1', 'Rocket Center', 'Hillford');

 -- Arbitre du Match -- 

INSERT INTO arbitre_match VALUES ('100', 'Mexique', 'Croatie', 'Principal', '1998-06-10');

 -- Sanction du match -- 

INSERT INTO sanction (joueur_id, arbitre_id, nation_equipe_1, nation_equipe_2, match_date, couleur) VALUES ('102', '100', 'Mexique', 'Croatie', '1998-06-10', 'Rouge');

 -- Sanction du match -- 

INSERT INTO sanction (joueur_id, arbitre_id, nation_equipe_1, nation_equipe_2, match_date, couleur) VALUES ('104', '100', 'Mexique', 'Croatie', '1998-06-10', 'Jaune');
INSERT INTO arbitre_match VALUES ('140', 'Mexique', 'Croatie', 'Assistant', '1998-06-10');
INSERT INTO arbitre_match VALUES ('160', 'Mexique', 'Croatie', 'Assistant', '1998-06-10');

 -- Sanction du match -- 

INSERT INTO sanction (joueur_id, arbitre_id, nation_equipe_1, nation_equipe_2, match_date, couleur) VALUES ('106', '160', 'Mexique', 'Croatie', '1998-06-10', 'Jaune');
INSERT INTO arbitre_match VALUES ('250', 'Mexique', 'Croatie', 'Assistant', '1998-06-10');

 -- Sanction du match -- 

INSERT INTO sanction (joueur_id, arbitre_id, nation_equipe_1, nation_equipe_2, match_date, couleur) VALUES ('104', '250', 'Mexique', 'Croatie', '1998-06-10', 'Jaune');

 -- Sanction du match -- 

INSERT INTO sanction (joueur_id, arbitre_id, nation_equipe_1, nation_equipe_2, match_date, couleur) VALUES ('103', '250', 'Mexique', 'Croatie', '1998-06-10', 'Rouge');


  -- Coupe Du Monde  --- 
INSERT INTO coupe_du_monde VALUES ('2', '2002-05-31', '2002-06-30');
INSERT INTO pays_coupe VALUES ('Italie', '2');


 -- EQUIPE  + Association-- 

INSERT INTO equipe_foot VALUES ('Uruguay', '2', '7', '3');
INSERT INTO collaborateur_equipe VALUES ('8', 'Uruguay', '2');
INSERT INTO collaborateur_equipe VALUES ('9', 'Uruguay', '2');
INSERT INTO joueur_equipe VALUES ('1', 'Uruguay', '2', 'Avant-centre', '1', 'Liverpool F.C.');
INSERT INTO joueur_equipe VALUES ('2', 'Uruguay', '2', 'Arriere latéral', '8', 'Real Madrid');
INSERT INTO joueur_equipe VALUES ('3', 'Uruguay', '2', 'Millieu defensif', '19', 'Liverpool F.C.');
INSERT INTO joueur_equipe VALUES ('4', 'Uruguay', '2', 'Millieu offensif', '30', 'Olympique Lyonnais');
INSERT INTO joueur_equipe VALUES ('5', 'Uruguay', '2', 'Gardien de but', '25', 'Brazil nationnal');
INSERT INTO joueur_equipe VALUES ('6', 'Uruguay', '2', 'Attaquant de pointe', '44', 'France National');

 -- EQUIPE  + Association-- 

INSERT INTO equipe_foot VALUES ('Italie', '2', '17', '25');
INSERT INTO collaborateur_equipe VALUES ('18', 'Italie', '2');
INSERT INTO collaborateur_equipe VALUES ('19', 'Italie', '2');
INSERT INTO joueur_equipe VALUES ('11', 'Italie', '2', 'Avant-centre', '0', 'AS Monaco');
INSERT INTO joueur_equipe VALUES ('12', 'Italie', '2', 'Arriere latéral', '10', 'F.C. Barcelona');
INSERT INTO joueur_equipe VALUES ('13', 'Italie', '2', 'Millieu defensif', '13', 'FC Bayern');
INSERT INTO joueur_equipe VALUES ('14', 'Italie', '2', 'Millieu offensif', '18', 'F.C. Barcelona');
INSERT INTO joueur_equipe VALUES ('15', 'Italie', '2', 'Gardien de but', '24', 'Manchester United F.C.');
INSERT INTO joueur_equipe VALUES ('16', 'Italie', '2', 'Attaquant de pointe', '43', 'Arsenal F.C.');

 -- EQUIPE  + Association-- 

INSERT INTO equipe_foot VALUES ('France', '2', '27', '10');
INSERT INTO collaborateur_equipe VALUES ('28', 'France', '2');
INSERT INTO collaborateur_equipe VALUES ('29', 'France', '2');
INSERT INTO joueur_equipe VALUES ('21', 'France', '2', 'Avant-centre', '1', 'Arsenal F.C.');
INSERT INTO joueur_equipe VALUES ('22', 'France', '2', 'Arriere latéral', '10', 'Real Madrid');
INSERT INTO joueur_equipe VALUES ('23', 'France', '2', 'Millieu defensif', '14', 'Chelsea F.C.');
INSERT INTO joueur_equipe VALUES ('24', 'France', '2', 'Millieu offensif', '21', 'Manchester United F.C.');
INSERT INTO joueur_equipe VALUES ('25', 'France', '2', 'Gardien de but', '36', 'Manchester United F.C.');
INSERT INTO joueur_equipe VALUES ('26', 'France', '2', 'Attaquant de pointe', '33', 'Real Madrid');

 -- EQUIPE  + Association-- 

INSERT INTO equipe_foot VALUES ('Canada', '2', '37', '29');
INSERT INTO collaborateur_equipe VALUES ('38', 'Canada', '2');
INSERT INTO collaborateur_equipe VALUES ('39', 'Canada', '2');
INSERT INTO joueur_equipe VALUES ('31', 'Canada', '2', 'Avant-centre', '1', 'AS Monaco');
INSERT INTO joueur_equipe VALUES ('32', 'Canada', '2', 'Arriere latéral', '8', 'Olympique Lyonnais');
INSERT INTO joueur_equipe VALUES ('33', 'Canada', '2', 'Millieu defensif', '18', 'Real Madrid');
INSERT INTO joueur_equipe VALUES ('34', 'Canada', '2', 'Millieu offensif', '22', 'France National');
INSERT INTO joueur_equipe VALUES ('35', 'Canada', '2', 'Gardien de but', '29', 'Arsenal F.C.');
INSERT INTO joueur_equipe VALUES ('36', 'Canada', '2', 'Attaquant de pointe', '42', 'Brazil nationnal');

 -- EQUIPE  + Association-- 

INSERT INTO equipe_foot VALUES ('Bresil', '2', '47', '21');
INSERT INTO collaborateur_equipe VALUES ('48', 'Bresil', '2');
INSERT INTO collaborateur_equipe VALUES ('49', 'Bresil', '2');
INSERT INTO joueur_equipe VALUES ('41', 'Bresil', '2', 'Avant-centre', '0', 'Real Madrid');
INSERT INTO joueur_equipe VALUES ('42', 'Bresil', '2', 'Arriere latéral', '7', 'Olympique Lyonnais');
INSERT INTO joueur_equipe VALUES ('43', 'Bresil', '2', 'Millieu defensif', '20', 'Olympique Lyonnais');
INSERT INTO joueur_equipe VALUES ('44', 'Bresil', '2', 'Millieu offensif', '18', 'AS Monaco');
INSERT INTO joueur_equipe VALUES ('45', 'Bresil', '2', 'Gardien de but', '41', 'Olympique Lyonnais');
INSERT INTO joueur_equipe VALUES ('46', 'Bresil', '2', 'Attaquant de pointe', '45', 'F.C. Barcelona');

 -- EQUIPE  + Association-- 

INSERT INTO equipe_foot VALUES ('Suisse', '2', '57', '14');
INSERT INTO collaborateur_equipe VALUES ('58', 'Suisse', '2');
INSERT INTO collaborateur_equipe VALUES ('59', 'Suisse', '2');
INSERT INTO joueur_equipe VALUES ('51', 'Suisse', '2', 'Avant-centre', '0', 'Real Madrid');
INSERT INTO joueur_equipe VALUES ('52', 'Suisse', '2', 'Arriere latéral', '9', 'FC Bayern');
INSERT INTO joueur_equipe VALUES ('53', 'Suisse', '2', 'Millieu defensif', '13', 'Chelsea F.C.');
INSERT INTO joueur_equipe VALUES ('54', 'Suisse', '2', 'Millieu offensif', '27', 'Olympique Lyonnais');
INSERT INTO joueur_equipe VALUES ('55', 'Suisse', '2', 'Gardien de but', '28', 'France National');
INSERT INTO joueur_equipe VALUES ('56', 'Suisse', '2', 'Attaquant de pointe', '45', 'Spain N.F.C.');

 -- EQUIPE  + Association-- 

INSERT INTO equipe_foot VALUES ('Suede', '2', '67', '4');
INSERT INTO collaborateur_equipe VALUES ('68', 'Suede', '2');
INSERT INTO collaborateur_equipe VALUES ('69', 'Suede', '2');
INSERT INTO joueur_equipe VALUES ('61', 'Suede', '2', 'Avant-centre', '0', 'Real Madrid');
INSERT INTO joueur_equipe VALUES ('62', 'Suede', '2', 'Arriere latéral', '8', 'Arsenal F.C.');
INSERT INTO joueur_equipe VALUES ('63', 'Suede', '2', 'Millieu defensif', '14', 'FC Bayern');
INSERT INTO joueur_equipe VALUES ('64', 'Suede', '2', 'Millieu offensif', '24', 'Manchester United F.C.');
INSERT INTO joueur_equipe VALUES ('65', 'Suede', '2', 'Gardien de but', '39', 'Spain N.F.C.');
INSERT INTO joueur_equipe VALUES ('66', 'Suede', '2', 'Attaquant de pointe', '48', 'Olympique Lyonnais');

 -- EQUIPE  + Association-- 

INSERT INTO equipe_foot VALUES ('Chili', '2', '77', '30');
INSERT INTO collaborateur_equipe VALUES ('78', 'Chili', '2');
INSERT INTO collaborateur_equipe VALUES ('79', 'Chili', '2');
INSERT INTO joueur_equipe VALUES ('71', 'Chili', '2', 'Avant-centre', '1', 'France National');
INSERT INTO joueur_equipe VALUES ('72', 'Chili', '2', 'Arriere latéral', '9', 'Olympique Lyonnais');
INSERT INTO joueur_equipe VALUES ('73', 'Chili', '2', 'Millieu defensif', '19', 'Brazil nationnal');
INSERT INTO joueur_equipe VALUES ('74', 'Chili', '2', 'Millieu offensif', '30', 'F.C. Barcelona');
INSERT INTO joueur_equipe VALUES ('75', 'Chili', '2', 'Gardien de but', '28', 'AS Monaco');
INSERT INTO joueur_equipe VALUES ('76', 'Chili', '2', 'Attaquant de pointe', '30', 'Manchester United F.C.');

 -- EQUIPE  + Association-- 

INSERT INTO equipe_foot VALUES ('Angleterre', '2', '87', '5');
INSERT INTO collaborateur_equipe VALUES ('88', 'Angleterre', '2');
INSERT INTO collaborateur_equipe VALUES ('89', 'Angleterre', '2');
INSERT INTO joueur_equipe VALUES ('81', 'Angleterre', '2', 'Avant-centre', '1', 'Spain N.F.C.');
INSERT INTO joueur_equipe VALUES ('82', 'Angleterre', '2', 'Arriere latéral', '9', 'Manchester United F.C.');
INSERT INTO joueur_equipe VALUES ('83', 'Angleterre', '2', 'Millieu defensif', '18', 'Real Madrid');
INSERT INTO joueur_equipe VALUES ('84', 'Angleterre', '2', 'Millieu offensif', '22', 'FC Bayern');
INSERT INTO joueur_equipe VALUES ('85', 'Angleterre', '2', 'Gardien de but', '39', 'Arsenal F.C.');
INSERT INTO joueur_equipe VALUES ('86', 'Angleterre', '2', 'Attaquant de pointe', '31', 'Manchester United F.C.');

 -- EQUIPE  + Association-- 

INSERT INTO equipe_foot VALUES ('Mexique', '2', '97', '20');
INSERT INTO collaborateur_equipe VALUES ('98', 'Mexique', '2');
INSERT INTO collaborateur_equipe VALUES ('99', 'Mexique', '2');
INSERT INTO joueur_equipe VALUES ('91', 'Mexique', '2', 'Avant-centre', '0', 'FC Bayern');
INSERT INTO joueur_equipe VALUES ('92', 'Mexique', '2', 'Arriere latéral', '10', 'Olympique Lyonnais');
INSERT INTO joueur_equipe VALUES ('93', 'Mexique', '2', 'Millieu defensif', '21', 'France National');
INSERT INTO joueur_equipe VALUES ('94', 'Mexique', '2', 'Millieu offensif', '23', 'Spain N.F.C.');
INSERT INTO joueur_equipe VALUES ('95', 'Mexique', '2', 'Gardien de but', '37', 'Spain N.F.C.');
INSERT INTO joueur_equipe VALUES ('96', 'Mexique', '2', 'Attaquant de pointe', '43', 'Liverpool F.C.');

 -- EQUIPE  + Association-- 

INSERT INTO equipe_foot VALUES ('Allemagne', '2', '107', '28');
INSERT INTO collaborateur_equipe VALUES ('108', 'Allemagne', '2');
INSERT INTO collaborateur_equipe VALUES ('109', 'Allemagne', '2');
INSERT INTO joueur_equipe VALUES ('101', 'Allemagne', '2', 'Avant-centre', '1', 'Real Madrid');
INSERT INTO joueur_equipe VALUES ('102', 'Allemagne', '2', 'Arriere latéral', '8', 'FC Bayern');
INSERT INTO joueur_equipe VALUES ('103', 'Allemagne', '2', 'Millieu defensif', '19', 'FC Bayern');
INSERT INTO joueur_equipe VALUES ('104', 'Allemagne', '2', 'Millieu offensif', '30', 'Liverpool F.C.');
INSERT INTO joueur_equipe VALUES ('105', 'Allemagne', '2', 'Gardien de but', '27', 'Arsenal F.C.');
INSERT INTO joueur_equipe VALUES ('106', 'Allemagne', '2', 'Attaquant de pointe', '42', 'Chelsea F.C.');

 -- EQUIPE  + Association-- 

INSERT INTO equipe_foot VALUES ('Portugal', '2', '117', '19');
INSERT INTO collaborateur_equipe VALUES ('118', 'Portugal', '2');
INSERT INTO collaborateur_equipe VALUES ('119', 'Portugal', '2');
INSERT INTO joueur_equipe VALUES ('111', 'Portugal', '2', 'Avant-centre', '1', 'Arsenal F.C.');
INSERT INTO joueur_equipe VALUES ('112', 'Portugal', '2', 'Arriere latéral', '10', 'Brazil nationnal');
INSERT INTO joueur_equipe VALUES ('113', 'Portugal', '2', 'Millieu defensif', '15', 'FC Bayern');
INSERT INTO joueur_equipe VALUES ('114', 'Portugal', '2', 'Millieu offensif', '29', 'FC Bayern');
INSERT INTO joueur_equipe VALUES ('115', 'Portugal', '2', 'Gardien de but', '29', 'AS Monaco');
INSERT INTO joueur_equipe VALUES ('116', 'Portugal', '2', 'Attaquant de pointe', '38', 'Olympique Lyonnais');

 -- EQUIPE  + Association-- 

INSERT INTO equipe_foot VALUES ('Autriche', '2', '127', '6');
INSERT INTO collaborateur_equipe VALUES ('128', 'Autriche', '2');
INSERT INTO collaborateur_equipe VALUES ('129', 'Autriche', '2');
INSERT INTO joueur_equipe VALUES ('121', 'Autriche', '2', 'Avant-centre', '1', 'AS Monaco');
INSERT INTO joueur_equipe VALUES ('122', 'Autriche', '2', 'Arriere latéral', '7', 'AS Monaco');
INSERT INTO joueur_equipe VALUES ('123', 'Autriche', '2', 'Millieu defensif', '16', 'Manchester United F.C.');
INSERT INTO joueur_equipe VALUES ('124', 'Autriche', '2', 'Millieu offensif', '23', 'Arsenal F.C.');
INSERT INTO joueur_equipe VALUES ('125', 'Autriche', '2', 'Gardien de but', '40', 'Manchester United F.C.');
INSERT INTO joueur_equipe VALUES ('126', 'Autriche', '2', 'Attaquant de pointe', '32', 'FC Bayern');

 -- EQUIPE  + Association-- 

INSERT INTO equipe_foot VALUES ('Yougoslavie', '2', '137', '27');
INSERT INTO collaborateur_equipe VALUES ('138', 'Yougoslavie', '2');
INSERT INTO collaborateur_equipe VALUES ('139', 'Yougoslavie', '2');
INSERT INTO joueur_equipe VALUES ('131', 'Yougoslavie', '2', 'Avant-centre', '0', 'Chelsea F.C.');
INSERT INTO joueur_equipe VALUES ('132', 'Yougoslavie', '2', 'Arriere latéral', '9', 'Liverpool F.C.');
INSERT INTO joueur_equipe VALUES ('133', 'Yougoslavie', '2', 'Millieu defensif', '19', 'France National');
INSERT INTO joueur_equipe VALUES ('134', 'Yougoslavie', '2', 'Millieu offensif', '31', 'Chelsea F.C.');
INSERT INTO joueur_equipe VALUES ('135', 'Yougoslavie', '2', 'Gardien de but', '34', 'FC Bayern');
INSERT INTO joueur_equipe VALUES ('136', 'Yougoslavie', '2', 'Attaquant de pointe', '34', 'Spain N.F.C.');

 -- EQUIPE  + Association-- 

INSERT INTO equipe_foot VALUES ('Union sovietique', '2', '147', '11');
INSERT INTO collaborateur_equipe VALUES ('148', 'Union sovietique', '2');
INSERT INTO collaborateur_equipe VALUES ('149', 'Union sovietique', '2');
INSERT INTO joueur_equipe VALUES ('141', 'Union sovietique', '2', 'Avant-centre', '1', 'Real Madrid');
INSERT INTO joueur_equipe VALUES ('142', 'Union sovietique', '2', 'Arriere latéral', '6', 'France National');
INSERT INTO joueur_equipe VALUES ('143', 'Union sovietique', '2', 'Millieu defensif', '21', 'Arsenal F.C.');
INSERT INTO joueur_equipe VALUES ('144', 'Union sovietique', '2', 'Millieu offensif', '28', 'Liverpool F.C.');
INSERT INTO joueur_equipe VALUES ('145', 'Union sovietique', '2', 'Gardien de but', '24', 'Chelsea F.C.');
INSERT INTO joueur_equipe VALUES ('146', 'Union sovietique', '2', 'Attaquant de pointe', '46', 'FC Bayern');

 -- EQUIPE  + Association-- 

INSERT INTO equipe_foot VALUES ('Tchecoslovaquie', '2', '157', '16');
INSERT INTO collaborateur_equipe VALUES ('158', 'Tchecoslovaquie', '2');
INSERT INTO collaborateur_equipe VALUES ('159', 'Tchecoslovaquie', '2');
INSERT INTO joueur_equipe VALUES ('151', 'Tchecoslovaquie', '2', 'Avant-centre', '1', 'Brazil nationnal');
INSERT INTO joueur_equipe VALUES ('152', 'Tchecoslovaquie', '2', 'Arriere latéral', '7', 'Manchester United F.C.');
INSERT INTO joueur_equipe VALUES ('153', 'Tchecoslovaquie', '2', 'Millieu defensif', '18', 'FC Bayern');
INSERT INTO joueur_equipe VALUES ('154', 'Tchecoslovaquie', '2', 'Millieu offensif', '27', 'Liverpool F.C.');
INSERT INTO joueur_equipe VALUES ('155', 'Tchecoslovaquie', '2', 'Gardien de but', '35', 'Olympique Lyonnais');
INSERT INTO joueur_equipe VALUES ('156', 'Tchecoslovaquie', '2', 'Attaquant de pointe', '37', 'Chelsea F.C.');

 -- EQUIPE  + Association-- 

INSERT INTO equipe_foot VALUES ('Pologne', '2', '167', '18');
INSERT INTO collaborateur_equipe VALUES ('168', 'Pologne', '2');
INSERT INTO collaborateur_equipe VALUES ('169', 'Pologne', '2');
INSERT INTO joueur_equipe VALUES ('161', 'Pologne', '2', 'Avant-centre', '1', 'Manchester United F.C.');
INSERT INTO joueur_equipe VALUES ('162', 'Pologne', '2', 'Arriere latéral', '6', 'Real Madrid');
INSERT INTO joueur_equipe VALUES ('163', 'Pologne', '2', 'Millieu defensif', '15', 'Liverpool F.C.');
INSERT INTO joueur_equipe VALUES ('164', 'Pologne', '2', 'Millieu offensif', '23', 'France National');
INSERT INTO joueur_equipe VALUES ('165', 'Pologne', '2', 'Gardien de but', '24', 'France National');
INSERT INTO joueur_equipe VALUES ('166', 'Pologne', '2', 'Attaquant de pointe', '49', 'F.C. Barcelona');

 -- EQUIPE  + Association-- 

INSERT INTO equipe_foot VALUES ('Argentine', '2', '177', '24');
INSERT INTO collaborateur_equipe VALUES ('178', 'Argentine', '2');
INSERT INTO collaborateur_equipe VALUES ('179', 'Argentine', '2');
INSERT INTO joueur_equipe VALUES ('171', 'Argentine', '2', 'Avant-centre', '1', 'AS Monaco');
INSERT INTO joueur_equipe VALUES ('172', 'Argentine', '2', 'Arriere latéral', '10', 'FC Bayern');
INSERT INTO joueur_equipe VALUES ('173', 'Argentine', '2', 'Millieu defensif', '12', 'Chelsea F.C.');
INSERT INTO joueur_equipe VALUES ('174', 'Argentine', '2', 'Millieu offensif', '31', 'Chelsea F.C.');
INSERT INTO joueur_equipe VALUES ('175', 'Argentine', '2', 'Gardien de but', '30', 'FC Bayern');
INSERT INTO joueur_equipe VALUES ('176', 'Argentine', '2', 'Attaquant de pointe', '48', 'Liverpool F.C.');

 -- EQUIPE  + Association-- 

INSERT INTO equipe_foot VALUES ('Belgique', '2', '187', '22');
INSERT INTO collaborateur_equipe VALUES ('188', 'Belgique', '2');
INSERT INTO collaborateur_equipe VALUES ('189', 'Belgique', '2');
INSERT INTO joueur_equipe VALUES ('181', 'Belgique', '2', 'Avant-centre', '0', 'Spain N.F.C.');
INSERT INTO joueur_equipe VALUES ('182', 'Belgique', '2', 'Arriere latéral', '8', 'Real Madrid');
INSERT INTO joueur_equipe VALUES ('183', 'Belgique', '2', 'Millieu defensif', '15', 'Real Madrid');
INSERT INTO joueur_equipe VALUES ('184', 'Belgique', '2', 'Millieu offensif', '18', 'Liverpool F.C.');
INSERT INTO joueur_equipe VALUES ('185', 'Belgique', '2', 'Gardien de but', '27', 'Manchester United F.C.');
INSERT INTO joueur_equipe VALUES ('186', 'Belgique', '2', 'Attaquant de pointe', '47', 'Arsenal F.C.');

 -- EQUIPE  + Association-- 

INSERT INTO equipe_foot VALUES ('Croatie', '2', '197', '13');
INSERT INTO collaborateur_equipe VALUES ('198', 'Croatie', '2');
INSERT INTO collaborateur_equipe VALUES ('199', 'Croatie', '2');
INSERT INTO joueur_equipe VALUES ('191', 'Croatie', '2', 'Avant-centre', '0', 'F.C. Barcelona');
INSERT INTO joueur_equipe VALUES ('192', 'Croatie', '2', 'Arriere latéral', '9', 'France National');
INSERT INTO joueur_equipe VALUES ('193', 'Croatie', '2', 'Millieu defensif', '18', 'FC Bayern');
INSERT INTO joueur_equipe VALUES ('194', 'Croatie', '2', 'Millieu offensif', '29', 'Chelsea F.C.');
INSERT INTO joueur_equipe VALUES ('195', 'Croatie', '2', 'Gardien de but', '32', 'AS Monaco');
INSERT INTO joueur_equipe VALUES ('196', 'Croatie', '2', 'Attaquant de pointe', '47', 'Real Madrid');

 -- EQUIPE  + Association-- 

INSERT INTO equipe_foot VALUES ('Pays-Bas', '2', '207', '15');
INSERT INTO collaborateur_equipe VALUES ('208', 'Pays-Bas', '2');
INSERT INTO collaborateur_equipe VALUES ('209', 'Pays-Bas', '2');
INSERT INTO joueur_equipe VALUES ('201', 'Pays-Bas', '2', 'Avant-centre', '0', 'F.C. Barcelona');
INSERT INTO joueur_equipe VALUES ('202', 'Pays-Bas', '2', 'Arriere latéral', '7', 'Arsenal F.C.');
INSERT INTO joueur_equipe VALUES ('203', 'Pays-Bas', '2', 'Millieu defensif', '13', 'Manchester United F.C.');
INSERT INTO joueur_equipe VALUES ('204', 'Pays-Bas', '2', 'Millieu offensif', '29', 'Spain N.F.C.');
INSERT INTO joueur_equipe VALUES ('205', 'Pays-Bas', '2', 'Gardien de but', '26', 'FC Bayern');
INSERT INTO joueur_equipe VALUES ('206', 'Pays-Bas', '2', 'Attaquant de pointe', '31', 'France National');

 -- EQUIPE  + Association-- 

INSERT INTO equipe_foot VALUES ('Coree du Sud', '2', '217', '26');
INSERT INTO collaborateur_equipe VALUES ('218', 'Coree du Sud', '2');
INSERT INTO collaborateur_equipe VALUES ('219', 'Coree du Sud', '2');
INSERT INTO joueur_equipe VALUES ('211', 'Coree du Sud', '2', 'Avant-centre', '0', 'Spain N.F.C.');
INSERT INTO joueur_equipe VALUES ('212', 'Coree du Sud', '2', 'Arriere latéral', '8', 'FC Bayern');
INSERT INTO joueur_equipe VALUES ('213', 'Coree du Sud', '2', 'Millieu defensif', '16', 'AS Monaco');
INSERT INTO joueur_equipe VALUES ('214', 'Coree du Sud', '2', 'Millieu offensif', '31', 'FC Bayern');
INSERT INTO joueur_equipe VALUES ('215', 'Coree du Sud', '2', 'Gardien de but', '36', 'AS Monaco');
INSERT INTO joueur_equipe VALUES ('216', 'Coree du Sud', '2', 'Attaquant de pointe', '41', 'Manchester United F.C.');

 -- EQUIPE  + Association-- 

INSERT INTO equipe_foot VALUES ('Japon', '2', '227', '1');
INSERT INTO collaborateur_equipe VALUES ('228', 'Japon', '2');
INSERT INTO collaborateur_equipe VALUES ('229', 'Japon', '2');
INSERT INTO joueur_equipe VALUES ('221', 'Japon', '2', 'Avant-centre', '1', 'Spain N.F.C.');
INSERT INTO joueur_equipe VALUES ('222', 'Japon', '2', 'Arriere latéral', '9', 'Real Madrid');
INSERT INTO joueur_equipe VALUES ('223', 'Japon', '2', 'Millieu defensif', '20', 'Brazil nationnal');
INSERT INTO joueur_equipe VALUES ('224', 'Japon', '2', 'Millieu offensif', '23', 'F.C. Barcelona');
INSERT INTO joueur_equipe VALUES ('225', 'Japon', '2', 'Gardien de but', '34', 'Manchester United F.C.');
INSERT INTO joueur_equipe VALUES ('226', 'Japon', '2', 'Attaquant de pointe', '34', 'Arsenal F.C.');

 -- EQUIPE  + Association-- 

INSERT INTO equipe_foot VALUES ('Russie', '2', '237', '7');
INSERT INTO collaborateur_equipe VALUES ('238', 'Russie', '2');
INSERT INTO collaborateur_equipe VALUES ('239', 'Russie', '2');
INSERT INTO joueur_equipe VALUES ('231', 'Russie', '2', 'Avant-centre', '1', 'Olympique Lyonnais');
INSERT INTO joueur_equipe VALUES ('232', 'Russie', '2', 'Arriere latéral', '10', 'AS Monaco');
INSERT INTO joueur_equipe VALUES ('233', 'Russie', '2', 'Millieu defensif', '20', 'Liverpool F.C.');
INSERT INTO joueur_equipe VALUES ('234', 'Russie', '2', 'Millieu offensif', '26', 'Brazil nationnal');
INSERT INTO joueur_equipe VALUES ('235', 'Russie', '2', 'Gardien de but', '24', 'Manchester United F.C.');
INSERT INTO joueur_equipe VALUES ('236', 'Russie', '2', 'Attaquant de pointe', '32', 'F.C. Barcelona');

 -- EQUIPE  + Association-- 

INSERT INTO equipe_foot VALUES ('Maroque', '2', '247', '17');
INSERT INTO collaborateur_equipe VALUES ('248', 'Maroque', '2');
INSERT INTO collaborateur_equipe VALUES ('249', 'Maroque', '2');
INSERT INTO joueur_equipe VALUES ('241', 'Maroque', '2', 'Avant-centre', '0', 'Olympique Lyonnais');
INSERT INTO joueur_equipe VALUES ('242', 'Maroque', '2', 'Arriere latéral', '10', 'Arsenal F.C.');
INSERT INTO joueur_equipe VALUES ('243', 'Maroque', '2', 'Millieu defensif', '19', 'Arsenal F.C.');
INSERT INTO joueur_equipe VALUES ('244', 'Maroque', '2', 'Millieu offensif', '29', 'Real Madrid');
INSERT INTO joueur_equipe VALUES ('245', 'Maroque', '2', 'Gardien de but', '29', 'Olympique Lyonnais');
INSERT INTO joueur_equipe VALUES ('246', 'Maroque', '2', 'Attaquant de pointe', '45', 'Brazil nationnal');

 -- EQUIPE  + Association-- 

INSERT INTO equipe_foot VALUES ('Egypt', '2', '257', '23');
INSERT INTO collaborateur_equipe VALUES ('258', 'Egypt', '2');
INSERT INTO collaborateur_equipe VALUES ('259', 'Egypt', '2');
INSERT INTO joueur_equipe VALUES ('251', 'Egypt', '2', 'Avant-centre', '0', 'Brazil nationnal');
INSERT INTO joueur_equipe VALUES ('252', 'Egypt', '2', 'Arriere latéral', '10', 'Arsenal F.C.');
INSERT INTO joueur_equipe VALUES ('253', 'Egypt', '2', 'Millieu defensif', '18', 'Spain N.F.C.');
INSERT INTO joueur_equipe VALUES ('254', 'Egypt', '2', 'Millieu offensif', '24', 'Olympique Lyonnais');
INSERT INTO joueur_equipe VALUES ('255', 'Egypt', '2', 'Gardien de but', '32', 'Chelsea F.C.');
INSERT INTO joueur_equipe VALUES ('256', 'Egypt', '2', 'Attaquant de pointe', '43', 'F.C. Barcelona');

 -- EQUIPE  + Association-- 

INSERT INTO equipe_foot VALUES ('Grece', '2', '267', '12');
INSERT INTO collaborateur_equipe VALUES ('268', 'Grece', '2');
INSERT INTO collaborateur_equipe VALUES ('269', 'Grece', '2');
INSERT INTO joueur_equipe VALUES ('261', 'Grece', '2', 'Avant-centre', '1', 'Liverpool F.C.');
INSERT INTO joueur_equipe VALUES ('262', 'Grece', '2', 'Arriere latéral', '11', 'Chelsea F.C.');
INSERT INTO joueur_equipe VALUES ('263', 'Grece', '2', 'Millieu defensif', '14', 'Olympique Lyonnais');
INSERT INTO joueur_equipe VALUES ('264', 'Grece', '2', 'Millieu offensif', '22', 'Olympique Lyonnais');
INSERT INTO joueur_equipe VALUES ('265', 'Grece', '2', 'Gardien de but', '24', 'France National');
INSERT INTO joueur_equipe VALUES ('266', 'Grece', '2', 'Attaquant de pointe', '42', 'Chelsea F.C.');

 -- EQUIPE  + Association-- 

INSERT INTO equipe_foot VALUES ('Qatar', '2', '277', '8');
INSERT INTO collaborateur_equipe VALUES ('278', 'Qatar', '2');
INSERT INTO collaborateur_equipe VALUES ('279', 'Qatar', '2');
INSERT INTO joueur_equipe VALUES ('271', 'Qatar', '2', 'Avant-centre', '1', 'Chelsea F.C.');
INSERT INTO joueur_equipe VALUES ('272', 'Qatar', '2', 'Arriere latéral', '10', 'France National');
INSERT INTO joueur_equipe VALUES ('273', 'Qatar', '2', 'Millieu defensif', '20', 'AS Monaco');
INSERT INTO joueur_equipe VALUES ('274', 'Qatar', '2', 'Millieu offensif', '18', 'AS Monaco');
INSERT INTO joueur_equipe VALUES ('275', 'Qatar', '2', 'Gardien de but', '40', 'France National');
INSERT INTO joueur_equipe VALUES ('276', 'Qatar', '2', 'Attaquant de pointe', '34', 'Arsenal F.C.');

 -- EQUIPE  + Association-- 

INSERT INTO equipe_foot VALUES ('Etats-Unis', '2', '287', '2');
INSERT INTO collaborateur_equipe VALUES ('288', 'Etats-Unis', '2');
INSERT INTO collaborateur_equipe VALUES ('289', 'Etats-Unis', '2');
INSERT INTO joueur_equipe VALUES ('281', 'Etats-Unis', '2', 'Avant-centre', '1', 'Spain N.F.C.');
INSERT INTO joueur_equipe VALUES ('282', 'Etats-Unis', '2', 'Arriere latéral', '7', 'F.C. Barcelona');
INSERT INTO joueur_equipe VALUES ('283', 'Etats-Unis', '2', 'Millieu defensif', '12', 'Real Madrid');
INSERT INTO joueur_equipe VALUES ('284', 'Etats-Unis', '2', 'Millieu offensif', '30', 'Real Madrid');
INSERT INTO joueur_equipe VALUES ('285', 'Etats-Unis', '2', 'Gardien de but', '30', 'AS Monaco');
INSERT INTO joueur_equipe VALUES ('286', 'Etats-Unis', '2', 'Attaquant de pointe', '41', 'Real Madrid');

 -- EQUIPE  + Association-- 

INSERT INTO equipe_foot VALUES ('Turquie', '2', '297', '9');
INSERT INTO collaborateur_equipe VALUES ('298', 'Turquie', '2');
INSERT INTO collaborateur_equipe VALUES ('299', 'Turquie', '2');
INSERT INTO joueur_equipe VALUES ('291', 'Turquie', '2', 'Avant-centre', '1', 'AS Monaco');
INSERT INTO joueur_equipe VALUES ('292', 'Turquie', '2', 'Arriere latéral', '7', 'Manchester United F.C.');
INSERT INTO joueur_equipe VALUES ('293', 'Turquie', '2', 'Millieu defensif', '20', 'Liverpool F.C.');
INSERT INTO joueur_equipe VALUES ('294', 'Turquie', '2', 'Millieu offensif', '25', 'F.C. Barcelona');
INSERT INTO joueur_equipe VALUES ('295', 'Turquie', '2', 'Gardien de but', '39', 'FC Bayern');
INSERT INTO joueur_equipe VALUES ('296', 'Turquie', '2', 'Attaquant de pointe', '42', 'Liverpool F.C.');

 -- Stade -- 
INSERT INTO stade VALUES ('Bob Center', 'Harmsby', '32000', 'Italie', '1883');

 -- Match -- 

INSERT INTO match_foot VALUES ('2002-05-31', 'Italie', 'Autriche', 'Ronde de 16', '3', '0', '2', 'Bob Center', 'Harmsby');

 -- Arbitre du Match -- 

INSERT INTO arbitre_match VALUES ('90', 'Italie', 'Autriche', 'Principal', '2002-05-31');
INSERT INTO arbitre_match VALUES ('130', 'Italie', 'Autriche', 'Assistant', '2002-05-31');

 -- Sanction du match -- 

INSERT INTO sanction (joueur_id, arbitre_id, nation_equipe_1, nation_equipe_2, match_date, couleur) VALUES ('11', '130', 'Italie', 'Autriche', '2002-05-31', 'Jaune');

 -- Sanction du match -- 

INSERT INTO sanction (joueur_id, arbitre_id, nation_equipe_1, nation_equipe_2, match_date, couleur) VALUES ('12', '130', 'Italie', 'Autriche', '2002-05-31', 'Rouge');
INSERT INTO arbitre_match VALUES ('170', 'Italie', 'Autriche', 'Assistant', '2002-05-31');
INSERT INTO arbitre_match VALUES ('210', 'Italie', 'Autriche', 'Assistant', '2002-05-31');

 -- Sanction du match -- 

INSERT INTO sanction (joueur_id, arbitre_id, nation_equipe_1, nation_equipe_2, match_date, couleur) VALUES ('12', '210', 'Italie', 'Autriche', '2002-05-31', 'Jaune');

 -- Match -- 

INSERT INTO match_foot VALUES ('2002-05-31', 'France', 'Yougoslavie', 'Match de 3e place', '3', '5', '2', 'Bob Center', 'Harmsby');

 -- Arbitre du Match -- 

INSERT INTO arbitre_match VALUES ('80', 'France', 'Yougoslavie', 'Principal', '2002-05-31');

 -- Sanction du match -- 

INSERT INTO sanction (joueur_id, arbitre_id, nation_equipe_1, nation_equipe_2, match_date, couleur) VALUES ('24', '80', 'France', 'Yougoslavie', '2002-05-31', 'Jaune');

 -- Sanction du match -- 

INSERT INTO sanction (joueur_id, arbitre_id, nation_equipe_1, nation_equipe_2, match_date, couleur) VALUES ('22', '80', 'France', 'Yougoslavie', '2002-05-31', 'Rouge');
INSERT INTO arbitre_match VALUES ('110', 'France', 'Yougoslavie', 'Assistant', '2002-05-31');

 -- Sanction du match -- 

INSERT INTO sanction (joueur_id, arbitre_id, nation_equipe_1, nation_equipe_2, match_date, couleur) VALUES ('26', '110', 'France', 'Yougoslavie', '2002-05-31', 'Rouge');
INSERT INTO arbitre_match VALUES ('170', 'France', 'Yougoslavie', 'Assistant', '2002-05-31');

 -- Sanction du match -- 

INSERT INTO sanction (joueur_id, arbitre_id, nation_equipe_1, nation_equipe_2, match_date, couleur) VALUES ('24', '170', 'France', 'Yougoslavie', '2002-05-31', 'Rouge');

 -- Sanction du match -- 

INSERT INTO sanction (joueur_id, arbitre_id, nation_equipe_1, nation_equipe_2, match_date, couleur) VALUES ('21', '170', 'France', 'Yougoslavie', '2002-05-31', 'Rouge');
INSERT INTO arbitre_match VALUES ('230', 'France', 'Yougoslavie', 'Assistant', '2002-05-31');

 -- Sanction du match -- 

INSERT INTO sanction (joueur_id, arbitre_id, nation_equipe_1, nation_equipe_2, match_date, couleur) VALUES ('23', '230', 'France', 'Yougoslavie', '2002-05-31', 'Rouge');

 -- Sanction du match -- 

INSERT INTO sanction (joueur_id, arbitre_id, nation_equipe_1, nation_equipe_2, match_date, couleur) VALUES ('23', '230', 'France', 'Yougoslavie', '2002-05-31', 'Jaune');

 -- Match -- 

INSERT INTO match_foot VALUES ('2002-05-31', 'Canada', 'Union sovietique', 'Match de 3e place', '3', '0', '2', 'Bob Center', 'Harmsby');

 -- Arbitre du Match -- 

INSERT INTO arbitre_match VALUES ('70', 'Canada', 'Union sovietique', 'Principal', '2002-05-31');

 -- Sanction du match -- 

INSERT INTO sanction (joueur_id, arbitre_id, nation_equipe_1, nation_equipe_2, match_date, couleur) VALUES ('36', '70', 'Canada', 'Union sovietique', '2002-05-31', 'Jaune');

 -- Sanction du match -- 

INSERT INTO sanction (joueur_id, arbitre_id, nation_equipe_1, nation_equipe_2, match_date, couleur) VALUES ('35', '70', 'Canada', 'Union sovietique', '2002-05-31', 'Jaune');
INSERT INTO arbitre_match VALUES ('150', 'Canada', 'Union sovietique', 'Assistant', '2002-05-31');
INSERT INTO arbitre_match VALUES ('170', 'Canada', 'Union sovietique', 'Assistant', '2002-05-31');

 -- Sanction du match -- 

INSERT INTO sanction (joueur_id, arbitre_id, nation_equipe_1, nation_equipe_2, match_date, couleur) VALUES ('34', '170', 'Canada', 'Union sovietique', '2002-05-31', 'Rouge');

 -- Sanction du match -- 

INSERT INTO sanction (joueur_id, arbitre_id, nation_equipe_1, nation_equipe_2, match_date, couleur) VALUES ('35', '170', 'Canada', 'Union sovietique', '2002-05-31', 'Rouge');
INSERT INTO arbitre_match VALUES ('250', 'Canada', 'Union sovietique', 'Assistant', '2002-05-31');

 -- Sanction du match -- 

INSERT INTO sanction (joueur_id, arbitre_id, nation_equipe_1, nation_equipe_2, match_date, couleur) VALUES ('32', '250', 'Canada', 'Union sovietique', '2002-05-31', 'Jaune');

 -- Match -- 

INSERT INTO match_foot VALUES ('2002-05-31', 'Bresil', 'Tchecoslovaquie', 'Finale', '1', '5', '2', 'Bob Center', 'Harmsby');

 -- Arbitre du Match -- 

INSERT INTO arbitre_match VALUES ('90', 'Bresil', 'Tchecoslovaquie', 'Principal', '2002-05-31');

 -- Sanction du match -- 

INSERT INTO sanction (joueur_id, arbitre_id, nation_equipe_1, nation_equipe_2, match_date, couleur) VALUES ('43', '90', 'Bresil', 'Tchecoslovaquie', '2002-05-31', 'Jaune');

 -- Sanction du match -- 

INSERT INTO sanction (joueur_id, arbitre_id, nation_equipe_1, nation_equipe_2, match_date, couleur) VALUES ('45', '90', 'Bresil', 'Tchecoslovaquie', '2002-05-31', 'Jaune');
INSERT INTO arbitre_match VALUES ('110', 'Bresil', 'Tchecoslovaquie', 'Assistant', '2002-05-31');

 -- Sanction du match -- 

INSERT INTO sanction (joueur_id, arbitre_id, nation_equipe_1, nation_equipe_2, match_date, couleur) VALUES ('43', '110', 'Bresil', 'Tchecoslovaquie', '2002-05-31', 'Jaune');
INSERT INTO arbitre_match VALUES ('170', 'Bresil', 'Tchecoslovaquie', 'Assistant', '2002-05-31');

 -- Sanction du match -- 

INSERT INTO sanction (joueur_id, arbitre_id, nation_equipe_1, nation_equipe_2, match_date, couleur) VALUES ('42', '170', 'Bresil', 'Tchecoslovaquie', '2002-05-31', 'Rouge');
INSERT INTO arbitre_match VALUES ('220', 'Bresil', 'Tchecoslovaquie', 'Assistant', '2002-05-31');

 -- Sanction du match -- 

INSERT INTO sanction (joueur_id, arbitre_id, nation_equipe_1, nation_equipe_2, match_date, couleur) VALUES ('44', '220', 'Bresil', 'Tchecoslovaquie', '2002-05-31', 'Jaune');

 -- Sanction du match -- 

INSERT INTO sanction (joueur_id, arbitre_id, nation_equipe_1, nation_equipe_2, match_date, couleur) VALUES ('41', '220', 'Bresil', 'Tchecoslovaquie', '2002-05-31', 'Rouge');

 -- Match -- 

INSERT INTO match_foot VALUES ('2002-05-31', 'Suisse', 'Pologne', 'Ronde de groupe', '4', '0', '2', 'Bob Center', 'Harmsby');

 -- Arbitre du Match -- 

INSERT INTO arbitre_match VALUES ('90', 'Suisse', 'Pologne', 'Principal', '2002-05-31');

 -- Sanction du match -- 

INSERT INTO sanction (joueur_id, arbitre_id, nation_equipe_1, nation_equipe_2, match_date, couleur) VALUES ('52', '90', 'Suisse', 'Pologne', '2002-05-31', 'Jaune');

 -- Sanction du match -- 

INSERT INTO sanction (joueur_id, arbitre_id, nation_equipe_1, nation_equipe_2, match_date, couleur) VALUES ('51', '90', 'Suisse', 'Pologne', '2002-05-31', 'Jaune');
INSERT INTO arbitre_match VALUES ('140', 'Suisse', 'Pologne', 'Assistant', '2002-05-31');

 -- Sanction du match -- 

INSERT INTO sanction (joueur_id, arbitre_id, nation_equipe_1, nation_equipe_2, match_date, couleur) VALUES ('55', '140', 'Suisse', 'Pologne', '2002-05-31', 'Rouge');

 -- Sanction du match -- 

INSERT INTO sanction (joueur_id, arbitre_id, nation_equipe_1, nation_equipe_2, match_date, couleur) VALUES ('53', '140', 'Suisse', 'Pologne', '2002-05-31', 'Rouge');
INSERT INTO arbitre_match VALUES ('170', 'Suisse', 'Pologne', 'Assistant', '2002-05-31');

 -- Sanction du match -- 

INSERT INTO sanction (joueur_id, arbitre_id, nation_equipe_1, nation_equipe_2, match_date, couleur) VALUES ('53', '170', 'Suisse', 'Pologne', '2002-05-31', 'Jaune');
INSERT INTO arbitre_match VALUES ('210', 'Suisse', 'Pologne', 'Assistant', '2002-05-31');

 -- Sanction du match -- 

INSERT INTO sanction (joueur_id, arbitre_id, nation_equipe_1, nation_equipe_2, match_date, couleur) VALUES ('52', '210', 'Suisse', 'Pologne', '2002-05-31', 'Jaune');

 -- Sanction du match -- 

INSERT INTO sanction (joueur_id, arbitre_id, nation_equipe_1, nation_equipe_2, match_date, couleur) VALUES ('53', '210', 'Suisse', 'Pologne', '2002-05-31', 'Jaune');

 -- Match -- 

INSERT INTO match_foot VALUES ('2002-05-31', 'Suede', 'Argentine', 'Semi-finale', '0', '3', '2', 'Bob Center', 'Harmsby');

 -- Arbitre du Match -- 

INSERT INTO arbitre_match VALUES ('100', 'Suede', 'Argentine', 'Principal', '2002-05-31');

 -- Sanction du match -- 

INSERT INTO sanction (joueur_id, arbitre_id, nation_equipe_1, nation_equipe_2, match_date, couleur) VALUES ('63', '100', 'Suede', 'Argentine', '2002-05-31', 'Rouge');
INSERT INTO arbitre_match VALUES ('120', 'Suede', 'Argentine', 'Assistant', '2002-05-31');
INSERT INTO arbitre_match VALUES ('190', 'Suede', 'Argentine', 'Assistant', '2002-05-31');

 -- Sanction du match -- 

INSERT INTO sanction (joueur_id, arbitre_id, nation_equipe_1, nation_equipe_2, match_date, couleur) VALUES ('66', '190', 'Suede', 'Argentine', '2002-05-31', 'Rouge');

 -- Sanction du match -- 

INSERT INTO sanction (joueur_id, arbitre_id, nation_equipe_1, nation_equipe_2, match_date, couleur) VALUES ('64', '190', 'Suede', 'Argentine', '2002-05-31', 'Jaune');
INSERT INTO arbitre_match VALUES ('210', 'Suede', 'Argentine', 'Assistant', '2002-05-31');

 -- Sanction du match -- 

INSERT INTO sanction (joueur_id, arbitre_id, nation_equipe_1, nation_equipe_2, match_date, couleur) VALUES ('62', '210', 'Suede', 'Argentine', '2002-05-31', 'Jaune');

 -- Sanction du match -- 

INSERT INTO sanction (joueur_id, arbitre_id, nation_equipe_1, nation_equipe_2, match_date, couleur) VALUES ('64', '210', 'Suede', 'Argentine', '2002-05-31', 'Rouge');

 -- Match -- 

INSERT INTO match_foot VALUES ('2002-05-31', 'Chili', 'Belgique', 'Ronde de 16', '0', '4', '2', 'Bob Center', 'Harmsby');

 -- Arbitre du Match -- 

INSERT INTO arbitre_match VALUES ('60', 'Chili', 'Belgique', 'Principal', '2002-05-31');

 -- Sanction du match -- 

INSERT INTO sanction (joueur_id, arbitre_id, nation_equipe_1, nation_equipe_2, match_date, couleur) VALUES ('76', '60', 'Chili', 'Belgique', '2002-05-31', 'Rouge');
INSERT INTO arbitre_match VALUES ('110', 'Chili', 'Belgique', 'Assistant', '2002-05-31');
INSERT INTO arbitre_match VALUES ('190', 'Chili', 'Belgique', 'Assistant', '2002-05-31');

 -- Sanction du match -- 

INSERT INTO sanction (joueur_id, arbitre_id, nation_equipe_1, nation_equipe_2, match_date, couleur) VALUES ('74', '190', 'Chili', 'Belgique', '2002-05-31', 'Jaune');
INSERT INTO arbitre_match VALUES ('250', 'Chili', 'Belgique', 'Assistant', '2002-05-31');

 -- Sanction du match -- 

INSERT INTO sanction (joueur_id, arbitre_id, nation_equipe_1, nation_equipe_2, match_date, couleur) VALUES ('74', '250', 'Chili', 'Belgique', '2002-05-31', 'Rouge');

 -- Match -- 

INSERT INTO match_foot VALUES ('2002-05-31', 'Angleterre', 'Croatie', 'Ronde de 16', '0', '4', '2', 'Bob Center', 'Harmsby');

 -- Arbitre du Match -- 

INSERT INTO arbitre_match VALUES ('70', 'Angleterre', 'Croatie', 'Principal', '2002-05-31');
INSERT INTO arbitre_match VALUES ('130', 'Angleterre', 'Croatie', 'Assistant', '2002-05-31');

 -- Sanction du match -- 

INSERT INTO sanction (joueur_id, arbitre_id, nation_equipe_1, nation_equipe_2, match_date, couleur) VALUES ('85', '130', 'Angleterre', 'Croatie', '2002-05-31', 'Jaune');
INSERT INTO arbitre_match VALUES ('190', 'Angleterre', 'Croatie', 'Assistant', '2002-05-31');

 -- Sanction du match -- 

INSERT INTO sanction (joueur_id, arbitre_id, nation_equipe_1, nation_equipe_2, match_date, couleur) VALUES ('86', '190', 'Angleterre', 'Croatie', '2002-05-31', 'Jaune');
INSERT INTO arbitre_match VALUES ('230', 'Angleterre', 'Croatie', 'Assistant', '2002-05-31');

 -- Match -- 

INSERT INTO match_foot VALUES ('2002-05-31', 'Mexique', 'Pays-Bas', 'Finale', '5', '4', '2', 'Bob Center', 'Harmsby');

 -- Arbitre du Match -- 

INSERT INTO arbitre_match VALUES ('90', 'Mexique', 'Pays-Bas', 'Principal', '2002-05-31');

 -- Sanction du match -- 

INSERT INTO sanction (joueur_id, arbitre_id, nation_equipe_1, nation_equipe_2, match_date, couleur) VALUES ('91', '90', 'Mexique', 'Pays-Bas', '2002-05-31', 'Rouge');
INSERT INTO arbitre_match VALUES ('120', 'Mexique', 'Pays-Bas', 'Assistant', '2002-05-31');

 -- Sanction du match -- 

INSERT INTO sanction (joueur_id, arbitre_id, nation_equipe_1, nation_equipe_2, match_date, couleur) VALUES ('91', '120', 'Mexique', 'Pays-Bas', '2002-05-31', 'Jaune');
INSERT INTO arbitre_match VALUES ('180', 'Mexique', 'Pays-Bas', 'Assistant', '2002-05-31');

 -- Sanction du match -- 

INSERT INTO sanction (joueur_id, arbitre_id, nation_equipe_1, nation_equipe_2, match_date, couleur) VALUES ('91', '180', 'Mexique', 'Pays-Bas', '2002-05-31', 'Jaune');

 -- Sanction du match -- 

INSERT INTO sanction (joueur_id, arbitre_id, nation_equipe_1, nation_equipe_2, match_date, couleur) VALUES ('93', '180', 'Mexique', 'Pays-Bas', '2002-05-31', 'Rouge');
INSERT INTO arbitre_match VALUES ('240', 'Mexique', 'Pays-Bas', 'Assistant', '2002-05-31');

 -- Sanction du match -- 

INSERT INTO sanction (joueur_id, arbitre_id, nation_equipe_1, nation_equipe_2, match_date, couleur) VALUES ('96', '240', 'Mexique', 'Pays-Bas', '2002-05-31', 'Rouge');

 -- Sanction du match -- 

INSERT INTO sanction (joueur_id, arbitre_id, nation_equipe_1, nation_equipe_2, match_date, couleur) VALUES ('95', '240', 'Mexique', 'Pays-Bas', '2002-05-31', 'Rouge');

 -- Match -- 

INSERT INTO match_foot VALUES ('2002-05-31', 'Allemagne', 'Coree du Sud', 'Finale', '3', '4', '2', 'Bob Center', 'Harmsby');

 -- Arbitre du Match -- 

INSERT INTO arbitre_match VALUES ('70', 'Allemagne', 'Coree du Sud', 'Principal', '2002-05-31');
INSERT INTO arbitre_match VALUES ('140', 'Allemagne', 'Coree du Sud', 'Assistant', '2002-05-31');

 -- Sanction du match -- 

INSERT INTO sanction (joueur_id, arbitre_id, nation_equipe_1, nation_equipe_2, match_date, couleur) VALUES ('101', '140', 'Allemagne', 'Coree du Sud', '2002-05-31', 'Rouge');
INSERT INTO arbitre_match VALUES ('200', 'Allemagne', 'Coree du Sud', 'Assistant', '2002-05-31');

 -- Sanction du match -- 

INSERT INTO sanction (joueur_id, arbitre_id, nation_equipe_1, nation_equipe_2, match_date, couleur) VALUES ('105', '200', 'Allemagne', 'Coree du Sud', '2002-05-31', 'Rouge');
INSERT INTO arbitre_match VALUES ('240', 'Allemagne', 'Coree du Sud', 'Assistant', '2002-05-31');

 -- Sanction du match -- 

INSERT INTO sanction (joueur_id, arbitre_id, nation_equipe_1, nation_equipe_2, match_date, couleur) VALUES ('103', '240', 'Allemagne', 'Coree du Sud', '2002-05-31', 'Jaune');

 -- Sanction du match -- 

INSERT INTO sanction (joueur_id, arbitre_id, nation_equipe_1, nation_equipe_2, match_date, couleur) VALUES ('102', '240', 'Allemagne', 'Coree du Sud', '2002-05-31', 'Jaune');


  -- Coupe Du Monde  --- 
INSERT INTO coupe_du_monde VALUES ('3', '2006-06-09', '2006-07-9');
INSERT INTO pays_coupe VALUES ('France', '3');


 -- EQUIPE  + Association-- 

INSERT INTO equipe_foot VALUES ('Uruguay', '3', '7', '8');
INSERT INTO collaborateur_equipe VALUES ('8', 'Uruguay', '3');
INSERT INTO collaborateur_equipe VALUES ('9', 'Uruguay', '3');
INSERT INTO joueur_equipe VALUES ('1', 'Uruguay', '3', 'Avant-centre', '0', 'France National');
INSERT INTO joueur_equipe VALUES ('2', 'Uruguay', '3', 'Arriere latéral', '9', 'FC Bayern');
INSERT INTO joueur_equipe VALUES ('3', 'Uruguay', '3', 'Millieu defensif', '21', 'Real Madrid');
INSERT INTO joueur_equipe VALUES ('4', 'Uruguay', '3', 'Millieu offensif', '21', 'Spain N.F.C.');
INSERT INTO joueur_equipe VALUES ('5', 'Uruguay', '3', 'Gardien de but', '25', 'Brazil nationnal');
INSERT INTO joueur_equipe VALUES ('6', 'Uruguay', '3', 'Attaquant de pointe', '35', 'AS Monaco');

 -- EQUIPE  + Association-- 

INSERT INTO equipe_foot VALUES ('Italie', '3', '17', '16');
INSERT INTO collaborateur_equipe VALUES ('18', 'Italie', '3');
INSERT INTO collaborateur_equipe VALUES ('19', 'Italie', '3');
INSERT INTO joueur_equipe VALUES ('11', 'Italie', '3', 'Avant-centre', '1', 'Liverpool F.C.');
INSERT INTO joueur_equipe VALUES ('12', 'Italie', '3', 'Arriere latéral', '8', 'FC Bayern');
INSERT INTO joueur_equipe VALUES ('13', 'Italie', '3', 'Millieu defensif', '19', 'Olympique Lyonnais');
INSERT INTO joueur_equipe VALUES ('14', 'Italie', '3', 'Millieu offensif', '28', 'Arsenal F.C.');
INSERT INTO joueur_equipe VALUES ('15', 'Italie', '3', 'Gardien de but', '31', 'Spain N.F.C.');
INSERT INTO joueur_equipe VALUES ('16', 'Italie', '3', 'Attaquant de pointe', '39', 'AS Monaco');

 -- EQUIPE  + Association-- 

INSERT INTO equipe_foot VALUES ('France', '3', '27', '9');
INSERT INTO collaborateur_equipe VALUES ('28', 'France', '3');
INSERT INTO collaborateur_equipe VALUES ('29', 'France', '3');
INSERT INTO joueur_equipe VALUES ('21', 'France', '3', 'Avant-centre', '1', 'Olympique Lyonnais');
INSERT INTO joueur_equipe VALUES ('22', 'France', '3', 'Arriere latéral', '9', 'France National');
INSERT INTO joueur_equipe VALUES ('23', 'France', '3', 'Millieu defensif', '14', 'Chelsea F.C.');
INSERT INTO joueur_equipe VALUES ('24', 'France', '3', 'Millieu offensif', '28', 'Brazil nationnal');
INSERT INTO joueur_equipe VALUES ('25', 'France', '3', 'Gardien de but', '37', 'FC Bayern');
INSERT INTO joueur_equipe VALUES ('26', 'France', '3', 'Attaquant de pointe', '36', 'Arsenal F.C.');

 -- EQUIPE  + Association-- 

INSERT INTO equipe_foot VALUES ('Canada', '3', '37', '13');
INSERT INTO collaborateur_equipe VALUES ('38', 'Canada', '3');
INSERT INTO collaborateur_equipe VALUES ('39', 'Canada', '3');
INSERT INTO joueur_equipe VALUES ('31', 'Canada', '3', 'Avant-centre', '1', 'Olympique Lyonnais');
INSERT INTO joueur_equipe VALUES ('32', 'Canada', '3', 'Arriere latéral', '8', 'Chelsea F.C.');
INSERT INTO joueur_equipe VALUES ('33', 'Canada', '3', 'Millieu defensif', '12', 'Chelsea F.C.');
INSERT INTO joueur_equipe VALUES ('34', 'Canada', '3', 'Millieu offensif', '19', 'Brazil nationnal');
INSERT INTO joueur_equipe VALUES ('35', 'Canada', '3', 'Gardien de but', '32', 'Manchester United F.C.');
INSERT INTO joueur_equipe VALUES ('36', 'Canada', '3', 'Attaquant de pointe', '31', 'Olympique Lyonnais');

 -- EQUIPE  + Association-- 

INSERT INTO equipe_foot VALUES ('Bresil', '3', '47', '1');
INSERT INTO collaborateur_equipe VALUES ('48', 'Bresil', '3');
INSERT INTO collaborateur_equipe VALUES ('49', 'Bresil', '3');
INSERT INTO joueur_equipe VALUES ('41', 'Bresil', '3', 'Avant-centre', '0', 'France National');
INSERT INTO joueur_equipe VALUES ('42', 'Bresil', '3', 'Arriere latéral', '6', 'F.C. Barcelona');
INSERT INTO joueur_equipe VALUES ('43', 'Bresil', '3', 'Millieu defensif', '15', 'Liverpool F.C.');
INSERT INTO joueur_equipe VALUES ('44', 'Bresil', '3', 'Millieu offensif', '21', 'Olympique Lyonnais');
INSERT INTO joueur_equipe VALUES ('45', 'Bresil', '3', 'Gardien de but', '40', 'F.C. Barcelona');
INSERT INTO joueur_equipe VALUES ('46', 'Bresil', '3', 'Attaquant de pointe', '37', 'F.C. Barcelona');

 -- EQUIPE  + Association-- 

INSERT INTO equipe_foot VALUES ('Suisse', '3', '57', '3');
INSERT INTO collaborateur_equipe VALUES ('58', 'Suisse', '3');
INSERT INTO collaborateur_equipe VALUES ('59', 'Suisse', '3');
INSERT INTO joueur_equipe VALUES ('51', 'Suisse', '3', 'Avant-centre', '0', 'FC Bayern');
INSERT INTO joueur_equipe VALUES ('52', 'Suisse', '3', 'Arriere latéral', '6', 'Brazil nationnal');
INSERT INTO joueur_equipe VALUES ('53', 'Suisse', '3', 'Millieu defensif', '18', 'Chelsea F.C.');
INSERT INTO joueur_equipe VALUES ('54', 'Suisse', '3', 'Millieu offensif', '25', 'Real Madrid');
INSERT INTO joueur_equipe VALUES ('55', 'Suisse', '3', 'Gardien de but', '38', 'Olympique Lyonnais');
INSERT INTO joueur_equipe VALUES ('56', 'Suisse', '3', 'Attaquant de pointe', '51', 'Chelsea F.C.');

 -- EQUIPE  + Association-- 

INSERT INTO equipe_foot VALUES ('Suede', '3', '67', '19');
INSERT INTO collaborateur_equipe VALUES ('68', 'Suede', '3');
INSERT INTO collaborateur_equipe VALUES ('69', 'Suede', '3');
INSERT INTO joueur_equipe VALUES ('61', 'Suede', '3', 'Avant-centre', '1', 'Real Madrid');
INSERT INTO joueur_equipe VALUES ('62', 'Suede', '3', 'Arriere latéral', '8', 'Arsenal F.C.');
INSERT INTO joueur_equipe VALUES ('63', 'Suede', '3', 'Millieu defensif', '14', 'Olympique Lyonnais');
INSERT INTO joueur_equipe VALUES ('64', 'Suede', '3', 'Millieu offensif', '26', 'Liverpool F.C.');
INSERT INTO joueur_equipe VALUES ('65', 'Suede', '3', 'Gardien de but', '38', 'Arsenal F.C.');
INSERT INTO joueur_equipe VALUES ('66', 'Suede', '3', 'Attaquant de pointe', '33', 'Olympique Lyonnais');

 -- EQUIPE  + Association-- 

INSERT INTO equipe_foot VALUES ('Chili', '3', '77', '4');
INSERT INTO collaborateur_equipe VALUES ('78', 'Chili', '3');
INSERT INTO collaborateur_equipe VALUES ('79', 'Chili', '3');
INSERT INTO joueur_equipe VALUES ('71', 'Chili', '3', 'Avant-centre', '0', 'Liverpool F.C.');
INSERT INTO joueur_equipe VALUES ('72', 'Chili', '3', 'Arriere latéral', '8', 'Brazil nationnal');
INSERT INTO joueur_equipe VALUES ('73', 'Chili', '3', 'Millieu defensif', '21', 'Liverpool F.C.');
INSERT INTO joueur_equipe VALUES ('74', 'Chili', '3', 'Millieu offensif', '23', 'FC Bayern');
INSERT INTO joueur_equipe VALUES ('75', 'Chili', '3', 'Gardien de but', '36', 'Chelsea F.C.');
INSERT INTO joueur_equipe VALUES ('76', 'Chili', '3', 'Attaquant de pointe', '35', 'France National');

 -- EQUIPE  + Association-- 

INSERT INTO equipe_foot VALUES ('Angleterre', '3', '87', '15');
INSERT INTO collaborateur_equipe VALUES ('88', 'Angleterre', '3');
INSERT INTO collaborateur_equipe VALUES ('89', 'Angleterre', '3');
INSERT INTO joueur_equipe VALUES ('81', 'Angleterre', '3', 'Avant-centre', '0', 'Spain N.F.C.');
INSERT INTO joueur_equipe VALUES ('82', 'Angleterre', '3', 'Arriere latéral', '10', 'Brazil nationnal');
INSERT INTO joueur_equipe VALUES ('83', 'Angleterre', '3', 'Millieu defensif', '18', 'Manchester United F.C.');
INSERT INTO joueur_equipe VALUES ('84', 'Angleterre', '3', 'Millieu offensif', '20', 'Manchester United F.C.');
INSERT INTO joueur_equipe VALUES ('85', 'Angleterre', '3', 'Gardien de but', '37', 'Brazil nationnal');
INSERT INTO joueur_equipe VALUES ('86', 'Angleterre', '3', 'Attaquant de pointe', '31', 'F.C. Barcelona');

 -- EQUIPE  + Association-- 

INSERT INTO equipe_foot VALUES ('Mexique', '3', '97', '23');
INSERT INTO collaborateur_equipe VALUES ('98', 'Mexique', '3');
INSERT INTO collaborateur_equipe VALUES ('99', 'Mexique', '3');
INSERT INTO joueur_equipe VALUES ('91', 'Mexique', '3', 'Avant-centre', '0', 'Olympique Lyonnais');
INSERT INTO joueur_equipe VALUES ('92', 'Mexique', '3', 'Arriere latéral', '11', 'Spain N.F.C.');
INSERT INTO joueur_equipe VALUES ('93', 'Mexique', '3', 'Millieu defensif', '15', 'Olympique Lyonnais');
INSERT INTO joueur_equipe VALUES ('94', 'Mexique', '3', 'Millieu offensif', '23', 'Manchester United F.C.');
INSERT INTO joueur_equipe VALUES ('95', 'Mexique', '3', 'Gardien de but', '40', 'Brazil nationnal');
INSERT INTO joueur_equipe VALUES ('96', 'Mexique', '3', 'Attaquant de pointe', '33', 'Arsenal F.C.');

 -- EQUIPE  + Association-- 

INSERT INTO equipe_foot VALUES ('Allemagne', '3', '107', '6');
INSERT INTO collaborateur_equipe VALUES ('108', 'Allemagne', '3');
INSERT INTO collaborateur_equipe VALUES ('109', 'Allemagne', '3');
INSERT INTO joueur_equipe VALUES ('101', 'Allemagne', '3', 'Avant-centre', '0', 'FC Bayern');
INSERT INTO joueur_equipe VALUES ('102', 'Allemagne', '3', 'Arriere latéral', '7', 'Chelsea F.C.');
INSERT INTO joueur_equipe VALUES ('103', 'Allemagne', '3', 'Millieu defensif', '19', 'Arsenal F.C.');
INSERT INTO joueur_equipe VALUES ('104', 'Allemagne', '3', 'Millieu offensif', '31', 'Manchester United F.C.');
INSERT INTO joueur_equipe VALUES ('105', 'Allemagne', '3', 'Gardien de but', '38', 'Liverpool F.C.');
INSERT INTO joueur_equipe VALUES ('106', 'Allemagne', '3', 'Attaquant de pointe', '34', 'Spain N.F.C.');

 -- EQUIPE  + Association-- 

INSERT INTO equipe_foot VALUES ('Portugal', '3', '117', '30');
INSERT INTO collaborateur_equipe VALUES ('118', 'Portugal', '3');
INSERT INTO collaborateur_equipe VALUES ('119', 'Portugal', '3');
INSERT INTO joueur_equipe VALUES ('111', 'Portugal', '3', 'Avant-centre', '0', 'F.C. Barcelona');
INSERT INTO joueur_equipe VALUES ('112', 'Portugal', '3', 'Arriere latéral', '11', 'Arsenal F.C.');
INSERT INTO joueur_equipe VALUES ('113', 'Portugal', '3', 'Millieu defensif', '15', 'France National');
INSERT INTO joueur_equipe VALUES ('114', 'Portugal', '3', 'Millieu offensif', '23', 'Spain N.F.C.');
INSERT INTO joueur_equipe VALUES ('115', 'Portugal', '3', 'Gardien de but', '38', 'F.C. Barcelona');
INSERT INTO joueur_equipe VALUES ('116', 'Portugal', '3', 'Attaquant de pointe', '43', 'Olympique Lyonnais');

 -- EQUIPE  + Association-- 

INSERT INTO equipe_foot VALUES ('Autriche', '3', '127', '27');
INSERT INTO collaborateur_equipe VALUES ('128', 'Autriche', '3');
INSERT INTO collaborateur_equipe VALUES ('129', 'Autriche', '3');
INSERT INTO joueur_equipe VALUES ('121', 'Autriche', '3', 'Avant-centre', '0', 'AS Monaco');
INSERT INTO joueur_equipe VALUES ('122', 'Autriche', '3', 'Arriere latéral', '10', 'Arsenal F.C.');
INSERT INTO joueur_equipe VALUES ('123', 'Autriche', '3', 'Millieu defensif', '12', 'France National');
INSERT INTO joueur_equipe VALUES ('124', 'Autriche', '3', 'Millieu offensif', '31', 'Manchester United F.C.');
INSERT INTO joueur_equipe VALUES ('125', 'Autriche', '3', 'Gardien de but', '27', 'France National');
INSERT INTO joueur_equipe VALUES ('126', 'Autriche', '3', 'Attaquant de pointe', '49', 'France National');

 -- EQUIPE  + Association-- 

INSERT INTO equipe_foot VALUES ('Yougoslavie', '3', '137', '22');
INSERT INTO collaborateur_equipe VALUES ('138', 'Yougoslavie', '3');
INSERT INTO collaborateur_equipe VALUES ('139', 'Yougoslavie', '3');
INSERT INTO joueur_equipe VALUES ('131', 'Yougoslavie', '3', 'Avant-centre', '0', 'Spain N.F.C.');
INSERT INTO joueur_equipe VALUES ('132', 'Yougoslavie', '3', 'Arriere latéral', '10', 'Chelsea F.C.');
INSERT INTO joueur_equipe VALUES ('133', 'Yougoslavie', '3', 'Millieu defensif', '20', 'F.C. Barcelona');
INSERT INTO joueur_equipe VALUES ('134', 'Yougoslavie', '3', 'Millieu offensif', '30', 'Chelsea F.C.');
INSERT INTO joueur_equipe VALUES ('135', 'Yougoslavie', '3', 'Gardien de but', '28', 'F.C. Barcelona');
INSERT INTO joueur_equipe VALUES ('136', 'Yougoslavie', '3', 'Attaquant de pointe', '51', 'Olympique Lyonnais');

 -- EQUIPE  + Association-- 

INSERT INTO equipe_foot VALUES ('Union sovietique', '3', '147', '17');
INSERT INTO collaborateur_equipe VALUES ('148', 'Union sovietique', '3');
INSERT INTO collaborateur_equipe VALUES ('149', 'Union sovietique', '3');
INSERT INTO joueur_equipe VALUES ('141', 'Union sovietique', '3', 'Avant-centre', '0', 'F.C. Barcelona');
INSERT INTO joueur_equipe VALUES ('142', 'Union sovietique', '3', 'Arriere latéral', '7', 'FC Bayern');
INSERT INTO joueur_equipe VALUES ('143', 'Union sovietique', '3', 'Millieu defensif', '17', 'Chelsea F.C.');
INSERT INTO joueur_equipe VALUES ('144', 'Union sovietique', '3', 'Millieu offensif', '26', 'Olympique Lyonnais');
INSERT INTO joueur_equipe VALUES ('145', 'Union sovietique', '3', 'Gardien de but', '32', 'FC Bayern');
INSERT INTO joueur_equipe VALUES ('146', 'Union sovietique', '3', 'Attaquant de pointe', '51', 'Arsenal F.C.');

 -- EQUIPE  + Association-- 

INSERT INTO equipe_foot VALUES ('Tchecoslovaquie', '3', '157', '25');
INSERT INTO collaborateur_equipe VALUES ('158', 'Tchecoslovaquie', '3');
INSERT INTO collaborateur_equipe VALUES ('159', 'Tchecoslovaquie', '3');
INSERT INTO joueur_equipe VALUES ('151', 'Tchecoslovaquie', '3', 'Avant-centre', '1', 'F.C. Barcelona');
INSERT INTO joueur_equipe VALUES ('152', 'Tchecoslovaquie', '3', 'Arriere latéral', '10', 'Chelsea F.C.');
INSERT INTO joueur_equipe VALUES ('153', 'Tchecoslovaquie', '3', 'Millieu defensif', '12', 'Real Madrid');
INSERT INTO joueur_equipe VALUES ('154', 'Tchecoslovaquie', '3', 'Millieu offensif', '25', 'Liverpool F.C.');
INSERT INTO joueur_equipe VALUES ('155', 'Tchecoslovaquie', '3', 'Gardien de but', '39', 'France National');
INSERT INTO joueur_equipe VALUES ('156', 'Tchecoslovaquie', '3', 'Attaquant de pointe', '47', 'Olympique Lyonnais');

 -- EQUIPE  + Association-- 

INSERT INTO equipe_foot VALUES ('Pologne', '3', '167', '5');
INSERT INTO collaborateur_equipe VALUES ('168', 'Pologne', '3');
INSERT INTO collaborateur_equipe VALUES ('169', 'Pologne', '3');
INSERT INTO joueur_equipe VALUES ('161', 'Pologne', '3', 'Avant-centre', '0', 'Manchester United F.C.');
INSERT INTO joueur_equipe VALUES ('162', 'Pologne', '3', 'Arriere latéral', '10', 'Chelsea F.C.');
INSERT INTO joueur_equipe VALUES ('163', 'Pologne', '3', 'Millieu defensif', '21', 'Brazil nationnal');
INSERT INTO joueur_equipe VALUES ('164', 'Pologne', '3', 'Millieu offensif', '21', 'Manchester United F.C.');
INSERT INTO joueur_equipe VALUES ('165', 'Pologne', '3', 'Gardien de but', '31', 'Brazil nationnal');
INSERT INTO joueur_equipe VALUES ('166', 'Pologne', '3', 'Attaquant de pointe', '33', 'FC Bayern');

 -- EQUIPE  + Association-- 

INSERT INTO equipe_foot VALUES ('Argentine', '3', '177', '12');
INSERT INTO collaborateur_equipe VALUES ('178', 'Argentine', '3');
INSERT INTO collaborateur_equipe VALUES ('179', 'Argentine', '3');
INSERT INTO joueur_equipe VALUES ('171', 'Argentine', '3', 'Avant-centre', '1', 'Arsenal F.C.');
INSERT INTO joueur_equipe VALUES ('172', 'Argentine', '3', 'Arriere latéral', '9', 'France National');
INSERT INTO joueur_equipe VALUES ('173', 'Argentine', '3', 'Millieu defensif', '12', 'FC Bayern');
INSERT INTO joueur_equipe VALUES ('174', 'Argentine', '3', 'Millieu offensif', '24', 'Olympique Lyonnais');
INSERT INTO joueur_equipe VALUES ('175', 'Argentine', '3', 'Gardien de but', '40', 'France National');
INSERT INTO joueur_equipe VALUES ('176', 'Argentine', '3', 'Attaquant de pointe', '32', 'AS Monaco');

 -- EQUIPE  + Association-- 

INSERT INTO equipe_foot VALUES ('Belgique', '3', '187', '14');
INSERT INTO collaborateur_equipe VALUES ('188', 'Belgique', '3');
INSERT INTO collaborateur_equipe VALUES ('189', 'Belgique', '3');
INSERT INTO joueur_equipe VALUES ('181', 'Belgique', '3', 'Avant-centre', '0', 'FC Bayern');
INSERT INTO joueur_equipe VALUES ('182', 'Belgique', '3', 'Arriere latéral', '7', 'Arsenal F.C.');
INSERT INTO joueur_equipe VALUES ('183', 'Belgique', '3', 'Millieu defensif', '21', 'AS Monaco');
INSERT INTO joueur_equipe VALUES ('184', 'Belgique', '3', 'Millieu offensif', '26', 'France National');
INSERT INTO joueur_equipe VALUES ('185', 'Belgique', '3', 'Gardien de but', '38', 'AS Monaco');
INSERT INTO joueur_equipe VALUES ('186', 'Belgique', '3', 'Attaquant de pointe', '49', 'F.C. Barcelona');

 -- EQUIPE  + Association-- 

INSERT INTO equipe_foot VALUES ('Croatie', '3', '197', '24');
INSERT INTO collaborateur_equipe VALUES ('198', 'Croatie', '3');
INSERT INTO collaborateur_equipe VALUES ('199', 'Croatie', '3');
INSERT INTO joueur_equipe VALUES ('191', 'Croatie', '3', 'Avant-centre', '0', 'F.C. Barcelona');
INSERT INTO joueur_equipe VALUES ('192', 'Croatie', '3', 'Arriere latéral', '6', 'Chelsea F.C.');
INSERT INTO joueur_equipe VALUES ('193', 'Croatie', '3', 'Millieu defensif', '16', 'Arsenal F.C.');
INSERT INTO joueur_equipe VALUES ('194', 'Croatie', '3', 'Millieu offensif', '25', 'Chelsea F.C.');
INSERT INTO joueur_equipe VALUES ('195', 'Croatie', '3', 'Gardien de but', '34', 'F.C. Barcelona');
INSERT INTO joueur_equipe VALUES ('196', 'Croatie', '3', 'Attaquant de pointe', '33', 'Arsenal F.C.');

 -- EQUIPE  + Association-- 

INSERT INTO equipe_foot VALUES ('Pays-Bas', '3', '207', '10');
INSERT INTO collaborateur_equipe VALUES ('208', 'Pays-Bas', '3');
INSERT INTO collaborateur_equipe VALUES ('209', 'Pays-Bas', '3');
INSERT INTO joueur_equipe VALUES ('201', 'Pays-Bas', '3', 'Avant-centre', '0', 'Manchester United F.C.');
INSERT INTO joueur_equipe VALUES ('202', 'Pays-Bas', '3', 'Arriere latéral', '11', 'France National');
INSERT INTO joueur_equipe VALUES ('203', 'Pays-Bas', '3', 'Millieu defensif', '16', 'Chelsea F.C.');
INSERT INTO joueur_equipe VALUES ('204', 'Pays-Bas', '3', 'Millieu offensif', '25', 'F.C. Barcelona');
INSERT INTO joueur_equipe VALUES ('205', 'Pays-Bas', '3', 'Gardien de but', '29', 'Liverpool F.C.');
INSERT INTO joueur_equipe VALUES ('206', 'Pays-Bas', '3', 'Attaquant de pointe', '50', 'Liverpool F.C.');

 -- EQUIPE  + Association-- 

INSERT INTO equipe_foot VALUES ('Coree du Sud', '3', '217', '7');
INSERT INTO collaborateur_equipe VALUES ('218', 'Coree du Sud', '3');
INSERT INTO collaborateur_equipe VALUES ('219', 'Coree du Sud', '3');
INSERT INTO joueur_equipe VALUES ('211', 'Coree du Sud', '3', 'Avant-centre', '0', 'FC Bayern');
INSERT INTO joueur_equipe VALUES ('212', 'Coree du Sud', '3', 'Arriere latéral', '6', 'Spain N.F.C.');
INSERT INTO joueur_equipe VALUES ('213', 'Coree du Sud', '3', 'Millieu defensif', '12', 'Brazil nationnal');
INSERT INTO joueur_equipe VALUES ('214', 'Coree du Sud', '3', 'Millieu offensif', '20', 'Chelsea F.C.');
INSERT INTO joueur_equipe VALUES ('215', 'Coree du Sud', '3', 'Gardien de but', '37', 'F.C. Barcelona');
INSERT INTO joueur_equipe VALUES ('216', 'Coree du Sud', '3', 'Attaquant de pointe', '44', 'Chelsea F.C.');

 -- EQUIPE  + Association-- 

INSERT INTO equipe_foot VALUES ('Japon', '3', '227', '21');
INSERT INTO collaborateur_equipe VALUES ('228', 'Japon', '3');
INSERT INTO collaborateur_equipe VALUES ('229', 'Japon', '3');
INSERT INTO joueur_equipe VALUES ('221', 'Japon', '3', 'Avant-centre', '1', 'Manchester United F.C.');
INSERT INTO joueur_equipe VALUES ('222', 'Japon', '3', 'Arriere latéral', '7', 'Real Madrid');
INSERT INTO joueur_equipe VALUES ('223', 'Japon', '3', 'Millieu defensif', '13', 'Spain N.F.C.');
INSERT INTO joueur_equipe VALUES ('224', 'Japon', '3', 'Millieu offensif', '23', 'France National');
INSERT INTO joueur_equipe VALUES ('225', 'Japon', '3', 'Gardien de but', '24', 'FC Bayern');
INSERT INTO joueur_equipe VALUES ('226', 'Japon', '3', 'Attaquant de pointe', '49', 'Olympique Lyonnais');

 -- EQUIPE  + Association-- 

INSERT INTO equipe_foot VALUES ('Russie', '3', '237', '2');
INSERT INTO collaborateur_equipe VALUES ('238', 'Russie', '3');
INSERT INTO collaborateur_equipe VALUES ('239', 'Russie', '3');
INSERT INTO joueur_equipe VALUES ('231', 'Russie', '3', 'Avant-centre', '0', 'Manchester United F.C.');
INSERT INTO joueur_equipe VALUES ('232', 'Russie', '3', 'Arriere latéral', '11', 'Real Madrid');
INSERT INTO joueur_equipe VALUES ('233', 'Russie', '3', 'Millieu defensif', '16', 'Arsenal F.C.');
INSERT INTO joueur_equipe VALUES ('234', 'Russie', '3', 'Millieu offensif', '20', 'Manchester United F.C.');
INSERT INTO joueur_equipe VALUES ('235', 'Russie', '3', 'Gardien de but', '33', 'Manchester United F.C.');
INSERT INTO joueur_equipe VALUES ('236', 'Russie', '3', 'Attaquant de pointe', '42', 'Manchester United F.C.');

 -- EQUIPE  + Association-- 

INSERT INTO equipe_foot VALUES ('Maroque', '3', '247', '28');
INSERT INTO collaborateur_equipe VALUES ('248', 'Maroque', '3');
INSERT INTO collaborateur_equipe VALUES ('249', 'Maroque', '3');
INSERT INTO joueur_equipe VALUES ('241', 'Maroque', '3', 'Avant-centre', '0', 'AS Monaco');
INSERT INTO joueur_equipe VALUES ('242', 'Maroque', '3', 'Arriere latéral', '9', 'Manchester United F.C.');
INSERT INTO joueur_equipe VALUES ('243', 'Maroque', '3', 'Millieu defensif', '19', 'AS Monaco');
INSERT INTO joueur_equipe VALUES ('244', 'Maroque', '3', 'Millieu offensif', '20', 'Chelsea F.C.');
INSERT INTO joueur_equipe VALUES ('245', 'Maroque', '3', 'Gardien de but', '25', 'Manchester United F.C.');
INSERT INTO joueur_equipe VALUES ('246', 'Maroque', '3', 'Attaquant de pointe', '37', 'AS Monaco');

 -- EQUIPE  + Association-- 

INSERT INTO equipe_foot VALUES ('Egypt', '3', '257', '18');
INSERT INTO collaborateur_equipe VALUES ('258', 'Egypt', '3');
INSERT INTO collaborateur_equipe VALUES ('259', 'Egypt', '3');
INSERT INTO joueur_equipe VALUES ('251', 'Egypt', '3', 'Avant-centre', '0', 'Olympique Lyonnais');
INSERT INTO joueur_equipe VALUES ('252', 'Egypt', '3', 'Arriere latéral', '6', 'FC Bayern');
INSERT INTO joueur_equipe VALUES ('253', 'Egypt', '3', 'Millieu defensif', '12', 'F.C. Barcelona');
INSERT INTO joueur_equipe VALUES ('254', 'Egypt', '3', 'Millieu offensif', '21', 'Arsenal F.C.');
INSERT INTO joueur_equipe VALUES ('255', 'Egypt', '3', 'Gardien de but', '29', 'Real Madrid');
INSERT INTO joueur_equipe VALUES ('256', 'Egypt', '3', 'Attaquant de pointe', '44', 'FC Bayern');

 -- EQUIPE  + Association-- 

INSERT INTO equipe_foot VALUES ('Grece', '3', '267', '20');
INSERT INTO collaborateur_equipe VALUES ('268', 'Grece', '3');
INSERT INTO collaborateur_equipe VALUES ('269', 'Grece', '3');
INSERT INTO joueur_equipe VALUES ('261', 'Grece', '3', 'Avant-centre', '0', 'F.C. Barcelona');
INSERT INTO joueur_equipe VALUES ('262', 'Grece', '3', 'Arriere latéral', '8', 'Liverpool F.C.');
INSERT INTO joueur_equipe VALUES ('263', 'Grece', '3', 'Millieu defensif', '18', 'AS Monaco');
INSERT INTO joueur_equipe VALUES ('264', 'Grece', '3', 'Millieu offensif', '31', 'AS Monaco');
INSERT INTO joueur_equipe VALUES ('265', 'Grece', '3', 'Gardien de but', '38', 'AS Monaco');
INSERT INTO joueur_equipe VALUES ('266', 'Grece', '3', 'Attaquant de pointe', '32', 'France National');

 -- EQUIPE  + Association-- 

INSERT INTO equipe_foot VALUES ('Qatar', '3', '277', '29');
INSERT INTO collaborateur_equipe VALUES ('278', 'Qatar', '3');
INSERT INTO collaborateur_equipe VALUES ('279', 'Qatar', '3');
INSERT INTO joueur_equipe VALUES ('271', 'Qatar', '3', 'Avant-centre', '1', 'Liverpool F.C.');
INSERT INTO joueur_equipe VALUES ('272', 'Qatar', '3', 'Arriere latéral', '6', 'France National');
INSERT INTO joueur_equipe VALUES ('273', 'Qatar', '3', 'Millieu defensif', '15', 'Chelsea F.C.');
INSERT INTO joueur_equipe VALUES ('274', 'Qatar', '3', 'Millieu offensif', '21', 'F.C. Barcelona');
INSERT INTO joueur_equipe VALUES ('275', 'Qatar', '3', 'Gardien de but', '26', 'Arsenal F.C.');
INSERT INTO joueur_equipe VALUES ('276', 'Qatar', '3', 'Attaquant de pointe', '31', 'Olympique Lyonnais');

 -- EQUIPE  + Association-- 

INSERT INTO equipe_foot VALUES ('Etats-Unis', '3', '287', '26');
INSERT INTO collaborateur_equipe VALUES ('288', 'Etats-Unis', '3');
INSERT INTO collaborateur_equipe VALUES ('289', 'Etats-Unis', '3');
INSERT INTO joueur_equipe VALUES ('281', 'Etats-Unis', '3', 'Avant-centre', '0', 'Liverpool F.C.');
INSERT INTO joueur_equipe VALUES ('282', 'Etats-Unis', '3', 'Arriere latéral', '11', 'Olympique Lyonnais');
INSERT INTO joueur_equipe VALUES ('283', 'Etats-Unis', '3', 'Millieu defensif', '17', 'Liverpool F.C.');
INSERT INTO joueur_equipe VALUES ('284', 'Etats-Unis', '3', 'Millieu offensif', '20', 'Real Madrid');
INSERT INTO joueur_equipe VALUES ('285', 'Etats-Unis', '3', 'Gardien de but', '24', 'France National');
INSERT INTO joueur_equipe VALUES ('286', 'Etats-Unis', '3', 'Attaquant de pointe', '37', 'Chelsea F.C.');

 -- EQUIPE  + Association-- 

INSERT INTO equipe_foot VALUES ('Turquie', '3', '297', '11');
INSERT INTO collaborateur_equipe VALUES ('298', 'Turquie', '3');
INSERT INTO collaborateur_equipe VALUES ('299', 'Turquie', '3');
INSERT INTO joueur_equipe VALUES ('291', 'Turquie', '3', 'Avant-centre', '0', 'AS Monaco');
INSERT INTO joueur_equipe VALUES ('292', 'Turquie', '3', 'Arriere latéral', '11', 'Chelsea F.C.');
INSERT INTO joueur_equipe VALUES ('293', 'Turquie', '3', 'Millieu defensif', '16', 'France National');
INSERT INTO joueur_equipe VALUES ('294', 'Turquie', '3', 'Millieu offensif', '19', 'Arsenal F.C.');
INSERT INTO joueur_equipe VALUES ('295', 'Turquie', '3', 'Gardien de but', '39', 'Manchester United F.C.');
INSERT INTO joueur_equipe VALUES ('296', 'Turquie', '3', 'Attaquant de pointe', '41', 'Arsenal F.C.');

 -- Stade -- 
INSERT INTO stade VALUES ('Super Field', 'Croma', '36000', 'France', '1810');

 -- Match -- 

INSERT INTO match_foot VALUES ('2006-06-09', 'France', 'Union sovietique', 'Quart de finale', '2', '3', '3', 'Super Field', 'Croma');

 -- Arbitre du Match -- 

INSERT INTO arbitre_match VALUES ('70', 'France', 'Union sovietique', 'Principal', '2006-06-09');
INSERT INTO arbitre_match VALUES ('130', 'France', 'Union sovietique', 'Assistant', '2006-06-09');

 -- Sanction du match -- 

INSERT INTO sanction (joueur_id, arbitre_id, nation_equipe_1, nation_equipe_2, match_date, couleur) VALUES ('11', '130', 'France', 'Union sovietique', '2006-06-09', 'Rouge');

 -- Sanction du match -- 

INSERT INTO sanction (joueur_id, arbitre_id, nation_equipe_1, nation_equipe_2, match_date, couleur) VALUES ('16', '130', 'France', 'Union sovietique', '2006-06-09', 'Jaune');
INSERT INTO arbitre_match VALUES ('200', 'France', 'Union sovietique', 'Assistant', '2006-06-09');

 -- Sanction du match -- 

INSERT INTO sanction (joueur_id, arbitre_id, nation_equipe_1, nation_equipe_2, match_date, couleur) VALUES ('16', '200', 'France', 'Union sovietique', '2006-06-09', 'Jaune');

 -- Sanction du match -- 

INSERT INTO sanction (joueur_id, arbitre_id, nation_equipe_1, nation_equipe_2, match_date, couleur) VALUES ('12', '200', 'France', 'Union sovietique', '2006-06-09', 'Rouge');
INSERT INTO arbitre_match VALUES ('230', 'France', 'Union sovietique', 'Assistant', '2006-06-09');

 -- Sanction du match -- 

INSERT INTO sanction (joueur_id, arbitre_id, nation_equipe_1, nation_equipe_2, match_date, couleur) VALUES ('13', '230', 'France', 'Union sovietique', '2006-06-09', 'Jaune');

 -- Sanction du match -- 

INSERT INTO sanction (joueur_id, arbitre_id, nation_equipe_1, nation_equipe_2, match_date, couleur) VALUES ('16', '230', 'France', 'Union sovietique', '2006-06-09', 'Jaune');

 -- Match -- 

INSERT INTO match_foot VALUES ('2006-06-09', 'Canada', 'Tchecoslovaquie', 'Finale', '3', '5', '3', 'Super Field', 'Croma');

 -- Arbitre du Match -- 

INSERT INTO arbitre_match VALUES ('60', 'Canada', 'Tchecoslovaquie', 'Principal', '2006-06-09');

 -- Sanction du match -- 

INSERT INTO sanction (joueur_id, arbitre_id, nation_equipe_1, nation_equipe_2, match_date, couleur) VALUES ('24', '60', 'Canada', 'Tchecoslovaquie', '2006-06-09', 'Rouge');
INSERT INTO arbitre_match VALUES ('110', 'Canada', 'Tchecoslovaquie', 'Assistant', '2006-06-09');

 -- Sanction du match -- 

INSERT INTO sanction (joueur_id, arbitre_id, nation_equipe_1, nation_equipe_2, match_date, couleur) VALUES ('22', '110', 'Canada', 'Tchecoslovaquie', '2006-06-09', 'Jaune');
INSERT INTO arbitre_match VALUES ('190', 'Canada', 'Tchecoslovaquie', 'Assistant', '2006-06-09');
INSERT INTO arbitre_match VALUES ('240', 'Canada', 'Tchecoslovaquie', 'Assistant', '2006-06-09');

 -- Sanction du match -- 

INSERT INTO sanction (joueur_id, arbitre_id, nation_equipe_1, nation_equipe_2, match_date, couleur) VALUES ('23', '240', 'Canada', 'Tchecoslovaquie', '2006-06-09', 'Jaune');

 -- Sanction du match -- 

INSERT INTO sanction (joueur_id, arbitre_id, nation_equipe_1, nation_equipe_2, match_date, couleur) VALUES ('24', '240', 'Canada', 'Tchecoslovaquie', '2006-06-09', 'Jaune');

 -- Match -- 

INSERT INTO match_foot VALUES ('2006-06-09', 'Bresil', 'Pologne', 'Ronde de groupe', '0', '1', '3', 'Super Field', 'Croma');

 -- Arbitre du Match -- 

INSERT INTO arbitre_match VALUES ('80', 'Bresil', 'Pologne', 'Principal', '2006-06-09');

 -- Sanction du match -- 

INSERT INTO sanction (joueur_id, arbitre_id, nation_equipe_1, nation_equipe_2, match_date, couleur) VALUES ('31', '80', 'Bresil', 'Pologne', '2006-06-09', 'Rouge');
INSERT INTO arbitre_match VALUES ('120', 'Bresil', 'Pologne', 'Assistant', '2006-06-09');

 -- Sanction du match -- 

INSERT INTO sanction (joueur_id, arbitre_id, nation_equipe_1, nation_equipe_2, match_date, couleur) VALUES ('36', '120', 'Bresil', 'Pologne', '2006-06-09', 'Jaune');

 -- Sanction du match -- 

INSERT INTO sanction (joueur_id, arbitre_id, nation_equipe_1, nation_equipe_2, match_date, couleur) VALUES ('31', '120', 'Bresil', 'Pologne', '2006-06-09', 'Rouge');
INSERT INTO arbitre_match VALUES ('160', 'Bresil', 'Pologne', 'Assistant', '2006-06-09');

 -- Sanction du match -- 

INSERT INTO sanction (joueur_id, arbitre_id, nation_equipe_1, nation_equipe_2, match_date, couleur) VALUES ('36', '160', 'Bresil', 'Pologne', '2006-06-09', 'Jaune');
INSERT INTO arbitre_match VALUES ('210', 'Bresil', 'Pologne', 'Assistant', '2006-06-09');

 -- Match -- 

INSERT INTO match_foot VALUES ('2006-06-09', 'Suisse', 'Argentine', 'Ronde de groupe', '0', '2', '3', 'Super Field', 'Croma');

 -- Arbitre du Match -- 

INSERT INTO arbitre_match VALUES ('70', 'Suisse', 'Argentine', 'Principal', '2006-06-09');

 -- Sanction du match -- 

INSERT INTO sanction (joueur_id, arbitre_id, nation_equipe_1, nation_equipe_2, match_date, couleur) VALUES ('42', '70', 'Suisse', 'Argentine', '2006-06-09', 'Rouge');

 -- Sanction du match -- 

INSERT INTO sanction (joueur_id, arbitre_id, nation_equipe_1, nation_equipe_2, match_date, couleur) VALUES ('42', '70', 'Suisse', 'Argentine', '2006-06-09', 'Jaune');
INSERT INTO arbitre_match VALUES ('140', 'Suisse', 'Argentine', 'Assistant', '2006-06-09');

 -- Sanction du match -- 

INSERT INTO sanction (joueur_id, arbitre_id, nation_equipe_1, nation_equipe_2, match_date, couleur) VALUES ('45', '140', 'Suisse', 'Argentine', '2006-06-09', 'Rouge');
INSERT INTO arbitre_match VALUES ('190', 'Suisse', 'Argentine', 'Assistant', '2006-06-09');

 -- Sanction du match -- 

INSERT INTO sanction (joueur_id, arbitre_id, nation_equipe_1, nation_equipe_2, match_date, couleur) VALUES ('42', '190', 'Suisse', 'Argentine', '2006-06-09', 'Rouge');

 -- Sanction du match -- 

INSERT INTO sanction (joueur_id, arbitre_id, nation_equipe_1, nation_equipe_2, match_date, couleur) VALUES ('46', '190', 'Suisse', 'Argentine', '2006-06-09', 'Jaune');
INSERT INTO arbitre_match VALUES ('210', 'Suisse', 'Argentine', 'Assistant', '2006-06-09');

 -- Sanction du match -- 

INSERT INTO sanction (joueur_id, arbitre_id, nation_equipe_1, nation_equipe_2, match_date, couleur) VALUES ('41', '210', 'Suisse', 'Argentine', '2006-06-09', 'Rouge');

 -- Match -- 

INSERT INTO match_foot VALUES ('2006-06-09', 'Suede', 'Belgique', 'Match de 3e place', '3', '5', '3', 'Super Field', 'Croma');

 -- Arbitre du Match -- 

INSERT INTO arbitre_match VALUES ('80', 'Suede', 'Belgique', 'Principal', '2006-06-09');

 -- Sanction du match -- 

INSERT INTO sanction (joueur_id, arbitre_id, nation_equipe_1, nation_equipe_2, match_date, couleur) VALUES ('51', '80', 'Suede', 'Belgique', '2006-06-09', 'Jaune');

 -- Sanction du match -- 

INSERT INTO sanction (joueur_id, arbitre_id, nation_equipe_1, nation_equipe_2, match_date, couleur) VALUES ('56', '80', 'Suede', 'Belgique', '2006-06-09', 'Rouge');
INSERT INTO arbitre_match VALUES ('140', 'Suede', 'Belgique', 'Assistant', '2006-06-09');

 -- Sanction du match -- 

INSERT INTO sanction (joueur_id, arbitre_id, nation_equipe_1, nation_equipe_2, match_date, couleur) VALUES ('53', '140', 'Suede', 'Belgique', '2006-06-09', 'Rouge');
INSERT INTO arbitre_match VALUES ('190', 'Suede', 'Belgique', 'Assistant', '2006-06-09');
INSERT INTO arbitre_match VALUES ('230', 'Suede', 'Belgique', 'Assistant', '2006-06-09');

 -- Sanction du match -- 

INSERT INTO sanction (joueur_id, arbitre_id, nation_equipe_1, nation_equipe_2, match_date, couleur) VALUES ('51', '230', 'Suede', 'Belgique', '2006-06-09', 'Jaune');

 -- Match -- 

INSERT INTO match_foot VALUES ('2006-06-09', 'Chili', 'Croatie', 'Finale', '4', '1', '3', 'Super Field', 'Croma');

 -- Arbitre du Match -- 

INSERT INTO arbitre_match VALUES ('60', 'Chili', 'Croatie', 'Principal', '2006-06-09');
INSERT INTO arbitre_match VALUES ('110', 'Chili', 'Croatie', 'Assistant', '2006-06-09');

 -- Sanction du match -- 

INSERT INTO sanction (joueur_id, arbitre_id, nation_equipe_1, nation_equipe_2, match_date, couleur) VALUES ('61', '110', 'Chili', 'Croatie', '2006-06-09', 'Rouge');
INSERT INTO arbitre_match VALUES ('190', 'Chili', 'Croatie', 'Assistant', '2006-06-09');
INSERT INTO arbitre_match VALUES ('220', 'Chili', 'Croatie', 'Assistant', '2006-06-09');

 -- Match -- 

INSERT INTO match_foot VALUES ('2006-06-09', 'Angleterre', 'Pays-Bas', 'Semi-finale', '1', '4', '3', 'Super Field', 'Croma');

 -- Arbitre du Match -- 

INSERT INTO arbitre_match VALUES ('90', 'Angleterre', 'Pays-Bas', 'Principal', '2006-06-09');
INSERT INTO arbitre_match VALUES ('120', 'Angleterre', 'Pays-Bas', 'Assistant', '2006-06-09');

 -- Sanction du match -- 

INSERT INTO sanction (joueur_id, arbitre_id, nation_equipe_1, nation_equipe_2, match_date, couleur) VALUES ('72', '120', 'Angleterre', 'Pays-Bas', '2006-06-09', 'Rouge');

 -- Sanction du match -- 

INSERT INTO sanction (joueur_id, arbitre_id, nation_equipe_1, nation_equipe_2, match_date, couleur) VALUES ('76', '120', 'Angleterre', 'Pays-Bas', '2006-06-09', 'Rouge');
INSERT INTO arbitre_match VALUES ('170', 'Angleterre', 'Pays-Bas', 'Assistant', '2006-06-09');

 -- Sanction du match -- 

INSERT INTO sanction (joueur_id, arbitre_id, nation_equipe_1, nation_equipe_2, match_date, couleur) VALUES ('74', '170', 'Angleterre', 'Pays-Bas', '2006-06-09', 'Jaune');

 -- Sanction du match -- 

INSERT INTO sanction (joueur_id, arbitre_id, nation_equipe_1, nation_equipe_2, match_date, couleur) VALUES ('76', '170', 'Angleterre', 'Pays-Bas', '2006-06-09', 'Rouge');
INSERT INTO arbitre_match VALUES ('240', 'Angleterre', 'Pays-Bas', 'Assistant', '2006-06-09');

 -- Sanction du match -- 

INSERT INTO sanction (joueur_id, arbitre_id, nation_equipe_1, nation_equipe_2, match_date, couleur) VALUES ('73', '240', 'Angleterre', 'Pays-Bas', '2006-06-09', 'Jaune');

 -- Match -- 

INSERT INTO match_foot VALUES ('2006-06-09', 'Mexique', 'Coree du Sud', 'Semi-finale', '3', '4', '3', 'Super Field', 'Croma');

 -- Arbitre du Match -- 

INSERT INTO arbitre_match VALUES ('60', 'Mexique', 'Coree du Sud', 'Principal', '2006-06-09');
INSERT INTO arbitre_match VALUES ('130', 'Mexique', 'Coree du Sud', 'Assistant', '2006-06-09');

 -- Sanction du match -- 

INSERT INTO sanction (joueur_id, arbitre_id, nation_equipe_1, nation_equipe_2, match_date, couleur) VALUES ('83', '130', 'Mexique', 'Coree du Sud', '2006-06-09', 'Rouge');
INSERT INTO arbitre_match VALUES ('200', 'Mexique', 'Coree du Sud', 'Assistant', '2006-06-09');

 -- Sanction du match -- 

INSERT INTO sanction (joueur_id, arbitre_id, nation_equipe_1, nation_equipe_2, match_date, couleur) VALUES ('86', '200', 'Mexique', 'Coree du Sud', '2006-06-09', 'Jaune');
INSERT INTO arbitre_match VALUES ('240', 'Mexique', 'Coree du Sud', 'Assistant', '2006-06-09');

 -- Sanction du match -- 

INSERT INTO sanction (joueur_id, arbitre_id, nation_equipe_1, nation_equipe_2, match_date, couleur) VALUES ('85', '240', 'Mexique', 'Coree du Sud', '2006-06-09', 'Rouge');

 -- Match -- 

INSERT INTO match_foot VALUES ('2006-06-09', 'Allemagne', 'Japon', 'Match de 3e place', '2', '3', '3', 'Super Field', 'Croma');

 -- Arbitre du Match -- 

INSERT INTO arbitre_match VALUES ('90', 'Allemagne', 'Japon', 'Principal', '2006-06-09');

 -- Sanction du match -- 

INSERT INTO sanction (joueur_id, arbitre_id, nation_equipe_1, nation_equipe_2, match_date, couleur) VALUES ('93', '90', 'Allemagne', 'Japon', '2006-06-09', 'Jaune');
INSERT INTO arbitre_match VALUES ('130', 'Allemagne', 'Japon', 'Assistant', '2006-06-09');

 -- Sanction du match -- 

INSERT INTO sanction (joueur_id, arbitre_id, nation_equipe_1, nation_equipe_2, match_date, couleur) VALUES ('95', '130', 'Allemagne', 'Japon', '2006-06-09', 'Rouge');
INSERT INTO arbitre_match VALUES ('170', 'Allemagne', 'Japon', 'Assistant', '2006-06-09');
INSERT INTO arbitre_match VALUES ('230', 'Allemagne', 'Japon', 'Assistant', '2006-06-09');

 -- Match -- 

INSERT INTO match_foot VALUES ('2006-06-09', 'Portugal', 'Russie', 'Ronde de groupe', '1', '0', '3', 'Super Field', 'Croma');

 -- Arbitre du Match -- 

INSERT INTO arbitre_match VALUES ('90', 'Portugal', 'Russie', 'Principal', '2006-06-09');
INSERT INTO arbitre_match VALUES ('140', 'Portugal', 'Russie', 'Assistant', '2006-06-09');

 -- Sanction du match -- 

INSERT INTO sanction (joueur_id, arbitre_id, nation_equipe_1, nation_equipe_2, match_date, couleur) VALUES ('103', '140', 'Portugal', 'Russie', '2006-06-09', 'Jaune');

 -- Sanction du match -- 

INSERT INTO sanction (joueur_id, arbitre_id, nation_equipe_1, nation_equipe_2, match_date, couleur) VALUES ('105', '140', 'Portugal', 'Russie', '2006-06-09', 'Jaune');
INSERT INTO arbitre_match VALUES ('180', 'Portugal', 'Russie', 'Assistant', '2006-06-09');
INSERT INTO arbitre_match VALUES ('240', 'Portugal', 'Russie', 'Assistant', '2006-06-09');


  -- Coupe Du Monde  --- 
INSERT INTO coupe_du_monde VALUES ('4', '2010-06-11', '2010-07-11');
INSERT INTO pays_coupe VALUES ('Canada', '4');


 -- EQUIPE  + Association-- 

INSERT INTO equipe_foot VALUES ('Uruguay', '4', '7', '9');
INSERT INTO collaborateur_equipe VALUES ('8', 'Uruguay', '4');
INSERT INTO collaborateur_equipe VALUES ('9', 'Uruguay', '4');
INSERT INTO joueur_equipe VALUES ('1', 'Uruguay', '4', 'Avant-centre', '0', 'FC Bayern');
INSERT INTO joueur_equipe VALUES ('2', 'Uruguay', '4', 'Arriere latéral', '6', 'Olympique Lyonnais');
INSERT INTO joueur_equipe VALUES ('3', 'Uruguay', '4', 'Millieu defensif', '19', 'FC Bayern');
INSERT INTO joueur_equipe VALUES ('4', 'Uruguay', '4', 'Millieu offensif', '19', 'AS Monaco');
INSERT INTO joueur_equipe VALUES ('5', 'Uruguay', '4', 'Gardien de but', '32', 'FC Bayern');
INSERT INTO joueur_equipe VALUES ('6', 'Uruguay', '4', 'Attaquant de pointe', '44', 'FC Bayern');

 -- EQUIPE  + Association-- 

INSERT INTO equipe_foot VALUES ('Italie', '4', '17', '4');
INSERT INTO collaborateur_equipe VALUES ('18', 'Italie', '4');
INSERT INTO collaborateur_equipe VALUES ('19', 'Italie', '4');
INSERT INTO joueur_equipe VALUES ('11', 'Italie', '4', 'Avant-centre', '1', 'F.C. Barcelona');
INSERT INTO joueur_equipe VALUES ('12', 'Italie', '4', 'Arriere latéral', '9', 'F.C. Barcelona');
INSERT INTO joueur_equipe VALUES ('13', 'Italie', '4', 'Millieu defensif', '14', 'Olympique Lyonnais');
INSERT INTO joueur_equipe VALUES ('14', 'Italie', '4', 'Millieu offensif', '22', 'France National');
INSERT INTO joueur_equipe VALUES ('15', 'Italie', '4', 'Gardien de but', '37', 'Manchester United F.C.');
INSERT INTO joueur_equipe VALUES ('16', 'Italie', '4', 'Attaquant de pointe', '30', 'Real Madrid');

 -- EQUIPE  + Association-- 

INSERT INTO equipe_foot VALUES ('France', '4', '27', '26');
INSERT INTO collaborateur_equipe VALUES ('28', 'France', '4');
INSERT INTO collaborateur_equipe VALUES ('29', 'France', '4');
INSERT INTO joueur_equipe VALUES ('21', 'France', '4', 'Avant-centre', '1', 'Brazil nationnal');
INSERT INTO joueur_equipe VALUES ('22', 'France', '4', 'Arriere latéral', '6', 'Arsenal F.C.');
INSERT INTO joueur_equipe VALUES ('23', 'France', '4', 'Millieu defensif', '14', 'Real Madrid');
INSERT INTO joueur_equipe VALUES ('24', 'France', '4', 'Millieu offensif', '29', 'FC Bayern');
INSERT INTO joueur_equipe VALUES ('25', 'France', '4', 'Gardien de but', '24', 'Spain N.F.C.');
INSERT INTO joueur_equipe VALUES ('26', 'France', '4', 'Attaquant de pointe', '50', 'Arsenal F.C.');

 -- EQUIPE  + Association-- 

INSERT INTO equipe_foot VALUES ('Canada', '4', '37', '21');
INSERT INTO collaborateur_equipe VALUES ('38', 'Canada', '4');
INSERT INTO collaborateur_equipe VALUES ('39', 'Canada', '4');
INSERT INTO joueur_equipe VALUES ('31', 'Canada', '4', 'Avant-centre', '1', 'Liverpool F.C.');
INSERT INTO joueur_equipe VALUES ('32', 'Canada', '4', 'Arriere latéral', '8', 'Liverpool F.C.');
INSERT INTO joueur_equipe VALUES ('33', 'Canada', '4', 'Millieu defensif', '15', 'Manchester United F.C.');
INSERT INTO joueur_equipe VALUES ('34', 'Canada', '4', 'Millieu offensif', '29', 'Spain N.F.C.');
INSERT INTO joueur_equipe VALUES ('35', 'Canada', '4', 'Gardien de but', '33', 'Arsenal F.C.');
INSERT INTO joueur_equipe VALUES ('36', 'Canada', '4', 'Attaquant de pointe', '30', 'Real Madrid');

 -- EQUIPE  + Association-- 

INSERT INTO equipe_foot VALUES ('Bresil', '4', '47', '20');
INSERT INTO collaborateur_equipe VALUES ('48', 'Bresil', '4');
INSERT INTO collaborateur_equipe VALUES ('49', 'Bresil', '4');
INSERT INTO joueur_equipe VALUES ('41', 'Bresil', '4', 'Avant-centre', '0', 'Olympique Lyonnais');
INSERT INTO joueur_equipe VALUES ('42', 'Bresil', '4', 'Arriere latéral', '10', 'Liverpool F.C.');
INSERT INTO joueur_equipe VALUES ('43', 'Bresil', '4', 'Millieu defensif', '14', 'Manchester United F.C.');
INSERT INTO joueur_equipe VALUES ('44', 'Bresil', '4', 'Millieu offensif', '29', 'Manchester United F.C.');
INSERT INTO joueur_equipe VALUES ('45', 'Bresil', '4', 'Gardien de but', '27', 'Arsenal F.C.');
INSERT INTO joueur_equipe VALUES ('46', 'Bresil', '4', 'Attaquant de pointe', '38', 'Brazil nationnal');

 -- EQUIPE  + Association-- 

INSERT INTO equipe_foot VALUES ('Suisse', '4', '57', '13');
INSERT INTO collaborateur_equipe VALUES ('58', 'Suisse', '4');
INSERT INTO collaborateur_equipe VALUES ('59', 'Suisse', '4');
INSERT INTO joueur_equipe VALUES ('51', 'Suisse', '4', 'Avant-centre', '1', 'Olympique Lyonnais');
INSERT INTO joueur_equipe VALUES ('52', 'Suisse', '4', 'Arriere latéral', '7', 'Real Madrid');
INSERT INTO joueur_equipe VALUES ('53', 'Suisse', '4', 'Millieu defensif', '19', 'Real Madrid');
INSERT INTO joueur_equipe VALUES ('54', 'Suisse', '4', 'Millieu offensif', '24', 'Olympique Lyonnais');
INSERT INTO joueur_equipe VALUES ('55', 'Suisse', '4', 'Gardien de but', '37', 'Real Madrid');
INSERT INTO joueur_equipe VALUES ('56', 'Suisse', '4', 'Attaquant de pointe', '43', 'Brazil nationnal');

 -- EQUIPE  + Association-- 

INSERT INTO equipe_foot VALUES ('Suede', '4', '67', '6');
INSERT INTO collaborateur_equipe VALUES ('68', 'Suede', '4');
INSERT INTO collaborateur_equipe VALUES ('69', 'Suede', '4');
INSERT INTO joueur_equipe VALUES ('61', 'Suede', '4', 'Avant-centre', '0', 'F.C. Barcelona');
INSERT INTO joueur_equipe VALUES ('62', 'Suede', '4', 'Arriere latéral', '6', 'Arsenal F.C.');
INSERT INTO joueur_equipe VALUES ('63', 'Suede', '4', 'Millieu defensif', '18', 'Real Madrid');
INSERT INTO joueur_equipe VALUES ('64', 'Suede', '4', 'Millieu offensif', '28', 'Arsenal F.C.');
INSERT INTO joueur_equipe VALUES ('65', 'Suede', '4', 'Gardien de but', '33', 'Chelsea F.C.');
INSERT INTO joueur_equipe VALUES ('66', 'Suede', '4', 'Attaquant de pointe', '44', 'FC Bayern');

 -- EQUIPE  + Association-- 

INSERT INTO equipe_foot VALUES ('Chili', '4', '77', '23');
INSERT INTO collaborateur_equipe VALUES ('78', 'Chili', '4');
INSERT INTO collaborateur_equipe VALUES ('79', 'Chili', '4');
INSERT INTO joueur_equipe VALUES ('71', 'Chili', '4', 'Avant-centre', '1', 'Liverpool F.C.');
INSERT INTO joueur_equipe VALUES ('72', 'Chili', '4', 'Arriere latéral', '9', 'Arsenal F.C.');
INSERT INTO joueur_equipe VALUES ('73', 'Chili', '4', 'Millieu defensif', '16', 'Brazil nationnal');
INSERT INTO joueur_equipe VALUES ('74', 'Chili', '4', 'Millieu offensif', '23', 'Brazil nationnal');
INSERT INTO joueur_equipe VALUES ('75', 'Chili', '4', 'Gardien de but', '34', 'FC Bayern');
INSERT INTO joueur_equipe VALUES ('76', 'Chili', '4', 'Attaquant de pointe', '37', 'Olympique Lyonnais');

 -- EQUIPE  + Association-- 

INSERT INTO equipe_foot VALUES ('Angleterre', '4', '87', '12');
INSERT INTO collaborateur_equipe VALUES ('88', 'Angleterre', '4');
INSERT INTO collaborateur_equipe VALUES ('89', 'Angleterre', '4');
INSERT INTO joueur_equipe VALUES ('81', 'Angleterre', '4', 'Avant-centre', '0', 'AS Monaco');
INSERT INTO joueur_equipe VALUES ('82', 'Angleterre', '4', 'Arriere latéral', '7', 'FC Bayern');
INSERT INTO joueur_equipe VALUES ('83', 'Angleterre', '4', 'Millieu defensif', '15', 'Chelsea F.C.');
INSERT INTO joueur_equipe VALUES ('84', 'Angleterre', '4', 'Millieu offensif', '23', 'Real Madrid');
INSERT INTO joueur_equipe VALUES ('85', 'Angleterre', '4', 'Gardien de but', '33', 'AS Monaco');
INSERT INTO joueur_equipe VALUES ('86', 'Angleterre', '4', 'Attaquant de pointe', '45', 'France National');

 -- EQUIPE  + Association-- 

INSERT INTO equipe_foot VALUES ('Mexique', '4', '97', '25');
INSERT INTO collaborateur_equipe VALUES ('98', 'Mexique', '4');
INSERT INTO collaborateur_equipe VALUES ('99', 'Mexique', '4');
INSERT INTO joueur_equipe VALUES ('91', 'Mexique', '4', 'Avant-centre', '0', 'Arsenal F.C.');
INSERT INTO joueur_equipe VALUES ('92', 'Mexique', '4', 'Arriere latéral', '10', 'Arsenal F.C.');
INSERT INTO joueur_equipe VALUES ('93', 'Mexique', '4', 'Millieu defensif', '13', 'Real Madrid');
INSERT INTO joueur_equipe VALUES ('94', 'Mexique', '4', 'Millieu offensif', '30', 'AS Monaco');
INSERT INTO joueur_equipe VALUES ('95', 'Mexique', '4', 'Gardien de but', '37', 'France National');
INSERT INTO joueur_equipe VALUES ('96', 'Mexique', '4', 'Attaquant de pointe', '38', 'AS Monaco');

 -- EQUIPE  + Association-- 

INSERT INTO equipe_foot VALUES ('Allemagne', '4', '107', '29');
INSERT INTO collaborateur_equipe VALUES ('108', 'Allemagne', '4');
INSERT INTO collaborateur_equipe VALUES ('109', 'Allemagne', '4');
INSERT INTO joueur_equipe VALUES ('101', 'Allemagne', '4', 'Avant-centre', '1', 'Chelsea F.C.');
INSERT INTO joueur_equipe VALUES ('102', 'Allemagne', '4', 'Arriere latéral', '10', 'Olympique Lyonnais');
INSERT INTO joueur_equipe VALUES ('103', 'Allemagne', '4', 'Millieu defensif', '15', 'Brazil nationnal');
INSERT INTO joueur_equipe VALUES ('104', 'Allemagne', '4', 'Millieu offensif', '18', 'Liverpool F.C.');
INSERT INTO joueur_equipe VALUES ('105', 'Allemagne', '4', 'Gardien de but', '33', 'Liverpool F.C.');
INSERT INTO joueur_equipe VALUES ('106', 'Allemagne', '4', 'Attaquant de pointe', '48', 'Arsenal F.C.');

 -- EQUIPE  + Association-- 

INSERT INTO equipe_foot VALUES ('Portugal', '4', '117', '27');
INSERT INTO collaborateur_equipe VALUES ('118', 'Portugal', '4');
INSERT INTO collaborateur_equipe VALUES ('119', 'Portugal', '4');
INSERT INTO joueur_equipe VALUES ('111', 'Portugal', '4', 'Avant-centre', '1', 'Liverpool F.C.');
INSERT INTO joueur_equipe VALUES ('112', 'Portugal', '4', 'Arriere latéral', '8', 'Chelsea F.C.');
INSERT INTO joueur_equipe VALUES ('113', 'Portugal', '4', 'Millieu defensif', '19', 'Olympique Lyonnais');
INSERT INTO joueur_equipe VALUES ('114', 'Portugal', '4', 'Millieu offensif', '19', 'Manchester United F.C.');
INSERT INTO joueur_equipe VALUES ('115', 'Portugal', '4', 'Gardien de but', '38', 'FC Bayern');
INSERT INTO joueur_equipe VALUES ('116', 'Portugal', '4', 'Attaquant de pointe', '39', 'Olympique Lyonnais');

 -- EQUIPE  + Association-- 

INSERT INTO equipe_foot VALUES ('Autriche', '4', '127', '14');
INSERT INTO collaborateur_equipe VALUES ('128', 'Autriche', '4');
INSERT INTO collaborateur_equipe VALUES ('129', 'Autriche', '4');
INSERT INTO joueur_equipe VALUES ('121', 'Autriche', '4', 'Avant-centre', '0', 'Spain N.F.C.');
INSERT INTO joueur_equipe VALUES ('122', 'Autriche', '4', 'Arriere latéral', '8', 'F.C. Barcelona');
INSERT INTO joueur_equipe VALUES ('123', 'Autriche', '4', 'Millieu defensif', '18', 'Manchester United F.C.');
INSERT INTO joueur_equipe VALUES ('124', 'Autriche', '4', 'Millieu offensif', '29', 'Brazil nationnal');
INSERT INTO joueur_equipe VALUES ('125', 'Autriche', '4', 'Gardien de but', '24', 'Chelsea F.C.');
INSERT INTO joueur_equipe VALUES ('126', 'Autriche', '4', 'Attaquant de pointe', '48', 'Real Madrid');

 -- EQUIPE  + Association-- 

INSERT INTO equipe_foot VALUES ('Yougoslavie', '4', '137', '2');
INSERT INTO collaborateur_equipe VALUES ('138', 'Yougoslavie', '4');
INSERT INTO collaborateur_equipe VALUES ('139', 'Yougoslavie', '4');
INSERT INTO joueur_equipe VALUES ('131', 'Yougoslavie', '4', 'Avant-centre', '1', 'Real Madrid');
INSERT INTO joueur_equipe VALUES ('132', 'Yougoslavie', '4', 'Arriere latéral', '7', 'Spain N.F.C.');
INSERT INTO joueur_equipe VALUES ('133', 'Yougoslavie', '4', 'Millieu defensif', '19', 'France National');
INSERT INTO joueur_equipe VALUES ('134', 'Yougoslavie', '4', 'Millieu offensif', '29', 'FC Bayern');
INSERT INTO joueur_equipe VALUES ('135', 'Yougoslavie', '4', 'Gardien de but', '26', 'Chelsea F.C.');
INSERT INTO joueur_equipe VALUES ('136', 'Yougoslavie', '4', 'Attaquant de pointe', '33', 'Arsenal F.C.');

 -- EQUIPE  + Association-- 

INSERT INTO equipe_foot VALUES ('Union sovietique', '4', '147', '5');
INSERT INTO collaborateur_equipe VALUES ('148', 'Union sovietique', '4');
INSERT INTO collaborateur_equipe VALUES ('149', 'Union sovietique', '4');
INSERT INTO joueur_equipe VALUES ('141', 'Union sovietique', '4', 'Avant-centre', '0', 'F.C. Barcelona');
INSERT INTO joueur_equipe VALUES ('142', 'Union sovietique', '4', 'Arriere latéral', '7', 'France National');
INSERT INTO joueur_equipe VALUES ('143', 'Union sovietique', '4', 'Millieu defensif', '20', 'Manchester United F.C.');
INSERT INTO joueur_equipe VALUES ('144', 'Union sovietique', '4', 'Millieu offensif', '18', 'F.C. Barcelona');
INSERT INTO joueur_equipe VALUES ('145', 'Union sovietique', '4', 'Gardien de but', '36', 'Real Madrid');
INSERT INTO joueur_equipe VALUES ('146', 'Union sovietique', '4', 'Attaquant de pointe', '36', 'Spain N.F.C.');

 -- EQUIPE  + Association-- 

INSERT INTO equipe_foot VALUES ('Tchecoslovaquie', '4', '157', '17');
INSERT INTO collaborateur_equipe VALUES ('158', 'Tchecoslovaquie', '4');
INSERT INTO collaborateur_equipe VALUES ('159', 'Tchecoslovaquie', '4');
INSERT INTO joueur_equipe VALUES ('151', 'Tchecoslovaquie', '4', 'Avant-centre', '0', 'Brazil nationnal');
INSERT INTO joueur_equipe VALUES ('152', 'Tchecoslovaquie', '4', 'Arriere latéral', '8', 'France National');
INSERT INTO joueur_equipe VALUES ('153', 'Tchecoslovaquie', '4', 'Millieu defensif', '19', 'Manchester United F.C.');
INSERT INTO joueur_equipe VALUES ('154', 'Tchecoslovaquie', '4', 'Millieu offensif', '28', 'Manchester United F.C.');
INSERT INTO joueur_equipe VALUES ('155', 'Tchecoslovaquie', '4', 'Gardien de but', '30', 'Spain N.F.C.');
INSERT INTO joueur_equipe VALUES ('156', 'Tchecoslovaquie', '4', 'Attaquant de pointe', '40', 'Olympique Lyonnais');

 -- EQUIPE  + Association-- 

INSERT INTO equipe_foot VALUES ('Pologne', '4', '167', '18');
INSERT INTO collaborateur_equipe VALUES ('168', 'Pologne', '4');
INSERT INTO collaborateur_equipe VALUES ('169', 'Pologne', '4');
INSERT INTO joueur_equipe VALUES ('161', 'Pologne', '4', 'Avant-centre', '1', 'France National');
INSERT INTO joueur_equipe VALUES ('162', 'Pologne', '4', 'Arriere latéral', '7', 'France National');
INSERT INTO joueur_equipe VALUES ('163', 'Pologne', '4', 'Millieu defensif', '17', 'France National');
INSERT INTO joueur_equipe VALUES ('164', 'Pologne', '4', 'Millieu offensif', '28', 'Spain N.F.C.');
INSERT INTO joueur_equipe VALUES ('165', 'Pologne', '4', 'Gardien de but', '35', 'Real Madrid');
INSERT INTO joueur_equipe VALUES ('166', 'Pologne', '4', 'Attaquant de pointe', '39', 'F.C. Barcelona');

 -- EQUIPE  + Association-- 

INSERT INTO equipe_foot VALUES ('Argentine', '4', '177', '22');
INSERT INTO collaborateur_equipe VALUES ('178', 'Argentine', '4');
INSERT INTO collaborateur_equipe VALUES ('179', 'Argentine', '4');
INSERT INTO joueur_equipe VALUES ('171', 'Argentine', '4', 'Avant-centre', '0', 'AS Monaco');
INSERT INTO joueur_equipe VALUES ('172', 'Argentine', '4', 'Arriere latéral', '11', 'Spain N.F.C.');
INSERT INTO joueur_equipe VALUES ('173', 'Argentine', '4', 'Millieu defensif', '19', 'Spain N.F.C.');
INSERT INTO joueur_equipe VALUES ('174', 'Argentine', '4', 'Millieu offensif', '28', 'Arsenal F.C.');
INSERT INTO joueur_equipe VALUES ('175', 'Argentine', '4', 'Gardien de but', '26', 'Real Madrid');
INSERT INTO joueur_equipe VALUES ('176', 'Argentine', '4', 'Attaquant de pointe', '47', 'Arsenal F.C.');

 -- EQUIPE  + Association-- 

INSERT INTO equipe_foot VALUES ('Belgique', '4', '187', '8');
INSERT INTO collaborateur_equipe VALUES ('188', 'Belgique', '4');
INSERT INTO collaborateur_equipe VALUES ('189', 'Belgique', '4');
INSERT INTO joueur_equipe VALUES ('181', 'Belgique', '4', 'Avant-centre', '1', 'Real Madrid');
INSERT INTO joueur_equipe VALUES ('182', 'Belgique', '4', 'Arriere latéral', '6', 'Chelsea F.C.');
INSERT INTO joueur_equipe VALUES ('183', 'Belgique', '4', 'Millieu defensif', '12', 'Chelsea F.C.');
INSERT INTO joueur_equipe VALUES ('184', 'Belgique', '4', 'Millieu offensif', '29', 'FC Bayern');
INSERT INTO joueur_equipe VALUES ('185', 'Belgique', '4', 'Gardien de but', '40', 'Arsenal F.C.');
INSERT INTO joueur_equipe VALUES ('186', 'Belgique', '4', 'Attaquant de pointe', '31', 'Real Madrid');

 -- EQUIPE  + Association-- 

INSERT INTO equipe_foot VALUES ('Croatie', '4', '197', '30');
INSERT INTO collaborateur_equipe VALUES ('198', 'Croatie', '4');
INSERT INTO collaborateur_equipe VALUES ('199', 'Croatie', '4');
INSERT INTO joueur_equipe VALUES ('191', 'Croatie', '4', 'Avant-centre', '0', 'Liverpool F.C.');
INSERT INTO joueur_equipe VALUES ('192', 'Croatie', '4', 'Arriere latéral', '9', 'AS Monaco');
INSERT INTO joueur_equipe VALUES ('193', 'Croatie', '4', 'Millieu defensif', '18', 'AS Monaco');
INSERT INTO joueur_equipe VALUES ('194', 'Croatie', '4', 'Millieu offensif', '24', 'France National');
INSERT INTO joueur_equipe VALUES ('195', 'Croatie', '4', 'Gardien de but', '35', 'Arsenal F.C.');
INSERT INTO joueur_equipe VALUES ('196', 'Croatie', '4', 'Attaquant de pointe', '32', 'Arsenal F.C.');

 -- EQUIPE  + Association-- 

INSERT INTO equipe_foot VALUES ('Pays-Bas', '4', '207', '16');
INSERT INTO collaborateur_equipe VALUES ('208', 'Pays-Bas', '4');
INSERT INTO collaborateur_equipe VALUES ('209', 'Pays-Bas', '4');
INSERT INTO joueur_equipe VALUES ('201', 'Pays-Bas', '4', 'Avant-centre', '1', 'Real Madrid');
INSERT INTO joueur_equipe VALUES ('202', 'Pays-Bas', '4', 'Arriere latéral', '10', 'Olympique Lyonnais');
INSERT INTO joueur_equipe VALUES ('203', 'Pays-Bas', '4', 'Millieu defensif', '15', 'Arsenal F.C.');
INSERT INTO joueur_equipe VALUES ('204', 'Pays-Bas', '4', 'Millieu offensif', '31', 'Real Madrid');
INSERT INTO joueur_equipe VALUES ('205', 'Pays-Bas', '4', 'Gardien de but', '35', 'FC Bayern');
INSERT INTO joueur_equipe VALUES ('206', 'Pays-Bas', '4', 'Attaquant de pointe', '50', 'Spain N.F.C.');

 -- EQUIPE  + Association-- 

INSERT INTO equipe_foot VALUES ('Coree du Sud', '4', '217', '19');
INSERT INTO collaborateur_equipe VALUES ('218', 'Coree du Sud', '4');
INSERT INTO collaborateur_equipe VALUES ('219', 'Coree du Sud', '4');
INSERT INTO joueur_equipe VALUES ('211', 'Coree du Sud', '4', 'Avant-centre', '1', 'Arsenal F.C.');
INSERT INTO joueur_equipe VALUES ('212', 'Coree du Sud', '4', 'Arriere latéral', '11', 'Liverpool F.C.');
INSERT INTO joueur_equipe VALUES ('213', 'Coree du Sud', '4', 'Millieu defensif', '15', 'France National');
INSERT INTO joueur_equipe VALUES ('214', 'Coree du Sud', '4', 'Millieu offensif', '27', 'FC Bayern');
INSERT INTO joueur_equipe VALUES ('215', 'Coree du Sud', '4', 'Gardien de but', '41', 'France National');
INSERT INTO joueur_equipe VALUES ('216', 'Coree du Sud', '4', 'Attaquant de pointe', '30', 'Chelsea F.C.');

 -- EQUIPE  + Association-- 

INSERT INTO equipe_foot VALUES ('Japon', '4', '227', '24');
INSERT INTO collaborateur_equipe VALUES ('228', 'Japon', '4');
INSERT INTO collaborateur_equipe VALUES ('229', 'Japon', '4');
INSERT INTO joueur_equipe VALUES ('221', 'Japon', '4', 'Avant-centre', '1', 'Manchester United F.C.');
INSERT INTO joueur_equipe VALUES ('222', 'Japon', '4', 'Arriere latéral', '11', 'Spain N.F.C.');
INSERT INTO joueur_equipe VALUES ('223', 'Japon', '4', 'Millieu defensif', '18', 'AS Monaco');
INSERT INTO joueur_equipe VALUES ('224', 'Japon', '4', 'Millieu offensif', '24', 'FC Bayern');
INSERT INTO joueur_equipe VALUES ('225', 'Japon', '4', 'Gardien de but', '26', 'Manchester United F.C.');
INSERT INTO joueur_equipe VALUES ('226', 'Japon', '4', 'Attaquant de pointe', '44', 'France National');

 -- EQUIPE  + Association-- 

INSERT INTO equipe_foot VALUES ('Russie', '4', '237', '1');
INSERT INTO collaborateur_equipe VALUES ('238', 'Russie', '4');
INSERT INTO collaborateur_equipe VALUES ('239', 'Russie', '4');
INSERT INTO joueur_equipe VALUES ('231', 'Russie', '4', 'Avant-centre', '1', 'Real Madrid');
INSERT INTO joueur_equipe VALUES ('232', 'Russie', '4', 'Arriere latéral', '7', 'Spain N.F.C.');
INSERT INTO joueur_equipe VALUES ('233', 'Russie', '4', 'Millieu defensif', '15', 'Liverpool F.C.');
INSERT INTO joueur_equipe VALUES ('234', 'Russie', '4', 'Millieu offensif', '24', 'Brazil nationnal');
INSERT INTO joueur_equipe VALUES ('235', 'Russie', '4', 'Gardien de but', '28', 'Real Madrid');
INSERT INTO joueur_equipe VALUES ('236', 'Russie', '4', 'Attaquant de pointe', '34', 'France National');

 -- EQUIPE  + Association-- 

INSERT INTO equipe_foot VALUES ('Maroque', '4', '247', '7');
INSERT INTO collaborateur_equipe VALUES ('248', 'Maroque', '4');
INSERT INTO collaborateur_equipe VALUES ('249', 'Maroque', '4');
INSERT INTO joueur_equipe VALUES ('241', 'Maroque', '4', 'Avant-centre', '1', 'AS Monaco');
INSERT INTO joueur_equipe VALUES ('242', 'Maroque', '4', 'Arriere latéral', '8', 'F.C. Barcelona');
INSERT INTO joueur_equipe VALUES ('243', 'Maroque', '4', 'Millieu defensif', '14', 'France National');
INSERT INTO joueur_equipe VALUES ('244', 'Maroque', '4', 'Millieu offensif', '28', 'F.C. Barcelona');
INSERT INTO joueur_equipe VALUES ('245', 'Maroque', '4', 'Gardien de but', '38', 'Olympique Lyonnais');
INSERT INTO joueur_equipe VALUES ('246', 'Maroque', '4', 'Attaquant de pointe', '47', 'Spain N.F.C.');

 -- EQUIPE  + Association-- 

INSERT INTO equipe_foot VALUES ('Egypt', '4', '257', '10');
INSERT INTO collaborateur_equipe VALUES ('258', 'Egypt', '4');
INSERT INTO collaborateur_equipe VALUES ('259', 'Egypt', '4');
INSERT INTO joueur_equipe VALUES ('251', 'Egypt', '4', 'Avant-centre', '0', 'Arsenal F.C.');
INSERT INTO joueur_equipe VALUES ('252', 'Egypt', '4', 'Arriere latéral', '8', 'Chelsea F.C.');
INSERT INTO joueur_equipe VALUES ('253', 'Egypt', '4', 'Millieu defensif', '15', 'Brazil nationnal');
INSERT INTO joueur_equipe VALUES ('254', 'Egypt', '4', 'Millieu offensif', '31', 'Chelsea F.C.');
INSERT INTO joueur_equipe VALUES ('255', 'Egypt', '4', 'Gardien de but', '39', 'Real Madrid');
INSERT INTO joueur_equipe VALUES ('256', 'Egypt', '4', 'Attaquant de pointe', '33', 'Manchester United F.C.');

 -- EQUIPE  + Association-- 

INSERT INTO equipe_foot VALUES ('Grece', '4', '267', '28');
INSERT INTO collaborateur_equipe VALUES ('268', 'Grece', '4');
INSERT INTO collaborateur_equipe VALUES ('269', 'Grece', '4');
INSERT INTO joueur_equipe VALUES ('261', 'Grece', '4', 'Avant-centre', '0', 'Olympique Lyonnais');
INSERT INTO joueur_equipe VALUES ('262', 'Grece', '4', 'Arriere latéral', '11', 'AS Monaco');
INSERT INTO joueur_equipe VALUES ('263', 'Grece', '4', 'Millieu defensif', '15', 'Manchester United F.C.');
INSERT INTO joueur_equipe VALUES ('264', 'Grece', '4', 'Millieu offensif', '22', 'AS Monaco');
INSERT INTO joueur_equipe VALUES ('265', 'Grece', '4', 'Gardien de but', '37', 'Real Madrid');
INSERT INTO joueur_equipe VALUES ('266', 'Grece', '4', 'Attaquant de pointe', '49', 'France National');

 -- EQUIPE  + Association-- 

INSERT INTO equipe_foot VALUES ('Qatar', '4', '277', '15');
INSERT INTO collaborateur_equipe VALUES ('278', 'Qatar', '4');
INSERT INTO collaborateur_equipe VALUES ('279', 'Qatar', '4');
INSERT INTO joueur_equipe VALUES ('271', 'Qatar', '4', 'Avant-centre', '0', 'Chelsea F.C.');
INSERT INTO joueur_equipe VALUES ('272', 'Qatar', '4', 'Arriere latéral', '6', 'Spain N.F.C.');
INSERT INTO joueur_equipe VALUES ('273', 'Qatar', '4', 'Millieu defensif', '17', 'Arsenal F.C.');
INSERT INTO joueur_equipe VALUES ('274', 'Qatar', '4', 'Millieu offensif', '22', 'Liverpool F.C.');
INSERT INTO joueur_equipe VALUES ('275', 'Qatar', '4', 'Gardien de but', '28', 'Brazil nationnal');
INSERT INTO joueur_equipe VALUES ('276', 'Qatar', '4', 'Attaquant de pointe', '49', 'Olympique Lyonnais');

 -- EQUIPE  + Association-- 

INSERT INTO equipe_foot VALUES ('Etats-Unis', '4', '287', '3');
INSERT INTO collaborateur_equipe VALUES ('288', 'Etats-Unis', '4');
INSERT INTO collaborateur_equipe VALUES ('289', 'Etats-Unis', '4');
INSERT INTO joueur_equipe VALUES ('281', 'Etats-Unis', '4', 'Avant-centre', '1', 'Olympique Lyonnais');
INSERT INTO joueur_equipe VALUES ('282', 'Etats-Unis', '4', 'Arriere latéral', '11', 'Real Madrid');
INSERT INTO joueur_equipe VALUES ('283', 'Etats-Unis', '4', 'Millieu defensif', '12', 'Liverpool F.C.');
INSERT INTO joueur_equipe VALUES ('284', 'Etats-Unis', '4', 'Millieu offensif', '25', 'France National');
INSERT INTO joueur_equipe VALUES ('285', 'Etats-Unis', '4', 'Gardien de but', '31', 'Brazil nationnal');
INSERT INTO joueur_equipe VALUES ('286', 'Etats-Unis', '4', 'Attaquant de pointe', '49', 'FC Bayern');

 -- EQUIPE  + Association-- 

INSERT INTO equipe_foot VALUES ('Turquie', '4', '297', '11');
INSERT INTO collaborateur_equipe VALUES ('298', 'Turquie', '4');
INSERT INTO collaborateur_equipe VALUES ('299', 'Turquie', '4');
INSERT INTO joueur_equipe VALUES ('291', 'Turquie', '4', 'Avant-centre', '0', 'Brazil nationnal');
INSERT INTO joueur_equipe VALUES ('292', 'Turquie', '4', 'Arriere latéral', '9', 'FC Bayern');
INSERT INTO joueur_equipe VALUES ('293', 'Turquie', '4', 'Millieu defensif', '19', 'Spain N.F.C.');
INSERT INTO joueur_equipe VALUES ('294', 'Turquie', '4', 'Millieu offensif', '20', 'F.C. Barcelona');
INSERT INTO joueur_equipe VALUES ('295', 'Turquie', '4', 'Gardien de but', '32', 'Liverpool F.C.');
INSERT INTO joueur_equipe VALUES ('296', 'Turquie', '4', 'Attaquant de pointe', '47', 'FC Bayern');

 -- Stade -- 
INSERT INTO stade VALUES ('Fern field', 'Bobski', '44000', 'Canada', '1514');

 -- Match -- 

INSERT INTO match_foot VALUES ('2010-06-11', 'Canada', 'Pologne', 'Match de 3e place', '0', '1', '4', 'Fern field', 'Bobski');

 -- Arbitre du Match -- 

INSERT INTO arbitre_match VALUES ('70', 'Canada', 'Pologne', 'Principal', '2010-06-11');

 -- Sanction du match -- 

INSERT INTO sanction (joueur_id, arbitre_id, nation_equipe_1, nation_equipe_2, match_date, couleur) VALUES ('12', '70', 'Canada', 'Pologne', '2010-06-11', 'Rouge');

 -- Sanction du match -- 

INSERT INTO sanction (joueur_id, arbitre_id, nation_equipe_1, nation_equipe_2, match_date, couleur) VALUES ('11', '70', 'Canada', 'Pologne', '2010-06-11', 'Rouge');
INSERT INTO arbitre_match VALUES ('150', 'Canada', 'Pologne', 'Assistant', '2010-06-11');
INSERT INTO arbitre_match VALUES ('180', 'Canada', 'Pologne', 'Assistant', '2010-06-11');

 -- Sanction du match -- 

INSERT INTO sanction (joueur_id, arbitre_id, nation_equipe_1, nation_equipe_2, match_date, couleur) VALUES ('11', '180', 'Canada', 'Pologne', '2010-06-11', 'Jaune');
INSERT INTO arbitre_match VALUES ('250', 'Canada', 'Pologne', 'Assistant', '2010-06-11');

 -- Sanction du match -- 

INSERT INTO sanction (joueur_id, arbitre_id, nation_equipe_1, nation_equipe_2, match_date, couleur) VALUES ('12', '250', 'Canada', 'Pologne', '2010-06-11', 'Jaune');

 -- Match -- 

INSERT INTO match_foot VALUES ('2010-06-11', 'Bresil', 'Argentine', 'Ronde de groupe', '4', '3', '4', 'Fern field', 'Bobski');

 -- Arbitre du Match -- 

INSERT INTO arbitre_match VALUES ('100', 'Bresil', 'Argentine', 'Principal', '2010-06-11');
INSERT INTO arbitre_match VALUES ('130', 'Bresil', 'Argentine', 'Assistant', '2010-06-11');

 -- Sanction du match -- 

INSERT INTO sanction (joueur_id, arbitre_id, nation_equipe_1, nation_equipe_2, match_date, couleur) VALUES ('23', '130', 'Bresil', 'Argentine', '2010-06-11', 'Rouge');
INSERT INTO arbitre_match VALUES ('190', 'Bresil', 'Argentine', 'Assistant', '2010-06-11');
INSERT INTO arbitre_match VALUES ('230', 'Bresil', 'Argentine', 'Assistant', '2010-06-11');

 -- Match -- 

INSERT INTO match_foot VALUES ('2010-06-11', 'Suisse', 'Belgique', 'Ronde de 16', '2', '0', '4', 'Fern field', 'Bobski');

 -- Arbitre du Match -- 

INSERT INTO arbitre_match VALUES ('70', 'Suisse', 'Belgique', 'Principal', '2010-06-11');
INSERT INTO arbitre_match VALUES ('150', 'Suisse', 'Belgique', 'Assistant', '2010-06-11');

 -- Sanction du match -- 

INSERT INTO sanction (joueur_id, arbitre_id, nation_equipe_1, nation_equipe_2, match_date, couleur) VALUES ('35', '150', 'Suisse', 'Belgique', '2010-06-11', 'Jaune');
INSERT INTO arbitre_match VALUES ('180', 'Suisse', 'Belgique', 'Assistant', '2010-06-11');

 -- Sanction du match -- 

INSERT INTO sanction (joueur_id, arbitre_id, nation_equipe_1, nation_equipe_2, match_date, couleur) VALUES ('31', '180', 'Suisse', 'Belgique', '2010-06-11', 'Rouge');
INSERT INTO arbitre_match VALUES ('210', 'Suisse', 'Belgique', 'Assistant', '2010-06-11');

 -- Match -- 

INSERT INTO match_foot VALUES ('2010-06-11', 'Suede', 'Croatie', 'Semi-finale', '5', '2', '4', 'Fern field', 'Bobski');

 -- Arbitre du Match -- 

INSERT INTO arbitre_match VALUES ('80', 'Suede', 'Croatie', 'Principal', '2010-06-11');

 -- Sanction du match -- 

INSERT INTO sanction (joueur_id, arbitre_id, nation_equipe_1, nation_equipe_2, match_date, couleur) VALUES ('46', '80', 'Suede', 'Croatie', '2010-06-11', 'Jaune');
INSERT INTO arbitre_match VALUES ('140', 'Suede', 'Croatie', 'Assistant', '2010-06-11');

 -- Sanction du match -- 

INSERT INTO sanction (joueur_id, arbitre_id, nation_equipe_1, nation_equipe_2, match_date, couleur) VALUES ('46', '140', 'Suede', 'Croatie', '2010-06-11', 'Jaune');

 -- Sanction du match -- 

INSERT INTO sanction (joueur_id, arbitre_id, nation_equipe_1, nation_equipe_2, match_date, couleur) VALUES ('45', '140', 'Suede', 'Croatie', '2010-06-11', 'Rouge');
INSERT INTO arbitre_match VALUES ('200', 'Suede', 'Croatie', 'Assistant', '2010-06-11');

 -- Sanction du match -- 

INSERT INTO sanction (joueur_id, arbitre_id, nation_equipe_1, nation_equipe_2, match_date, couleur) VALUES ('46', '200', 'Suede', 'Croatie', '2010-06-11', 'Jaune');
INSERT INTO arbitre_match VALUES ('230', 'Suede', 'Croatie', 'Assistant', '2010-06-11');

 -- Sanction du match -- 

INSERT INTO sanction (joueur_id, arbitre_id, nation_equipe_1, nation_equipe_2, match_date, couleur) VALUES ('43', '230', 'Suede', 'Croatie', '2010-06-11', 'Jaune');

 -- Sanction du match -- 

INSERT INTO sanction (joueur_id, arbitre_id, nation_equipe_1, nation_equipe_2, match_date, couleur) VALUES ('42', '230', 'Suede', 'Croatie', '2010-06-11', 'Rouge');

 -- Match -- 

INSERT INTO match_foot VALUES ('2010-06-11', 'Chili', 'Pays-Bas', 'Ronde de 16', '2', '0', '4', 'Fern field', 'Bobski');

 -- Arbitre du Match -- 

INSERT INTO arbitre_match VALUES ('80', 'Chili', 'Pays-Bas', 'Principal', '2010-06-11');

 -- Sanction du match -- 

INSERT INTO sanction (joueur_id, arbitre_id, nation_equipe_1, nation_equipe_2, match_date, couleur) VALUES ('56', '80', 'Chili', 'Pays-Bas', '2010-06-11', 'Rouge');
INSERT INTO arbitre_match VALUES ('120', 'Chili', 'Pays-Bas', 'Assistant', '2010-06-11');
INSERT INTO arbitre_match VALUES ('180', 'Chili', 'Pays-Bas', 'Assistant', '2010-06-11');
INSERT INTO arbitre_match VALUES ('210', 'Chili', 'Pays-Bas', 'Assistant', '2010-06-11');

 -- Match -- 

INSERT INTO match_foot VALUES ('2010-06-11', 'Angleterre', 'Coree du Sud', 'Ronde de 16', '5', '3', '4', 'Fern field', 'Bobski');

 -- Arbitre du Match -- 

INSERT INTO arbitre_match VALUES ('70', 'Angleterre', 'Coree du Sud', 'Principal', '2010-06-11');

 -- Sanction du match -- 

INSERT INTO sanction (joueur_id, arbitre_id, nation_equipe_1, nation_equipe_2, match_date, couleur) VALUES ('66', '70', 'Angleterre', 'Coree du Sud', '2010-06-11', 'Jaune');

 -- Sanction du match -- 

INSERT INTO sanction (joueur_id, arbitre_id, nation_equipe_1, nation_equipe_2, match_date, couleur) VALUES ('66', '70', 'Angleterre', 'Coree du Sud', '2010-06-11', 'Rouge');
INSERT INTO arbitre_match VALUES ('150', 'Angleterre', 'Coree du Sud', 'Assistant', '2010-06-11');
INSERT INTO arbitre_match VALUES ('190', 'Angleterre', 'Coree du Sud', 'Assistant', '2010-06-11');

 -- Sanction du match -- 

INSERT INTO sanction (joueur_id, arbitre_id, nation_equipe_1, nation_equipe_2, match_date, couleur) VALUES ('63', '190', 'Angleterre', 'Coree du Sud', '2010-06-11', 'Jaune');
INSERT INTO arbitre_match VALUES ('230', 'Angleterre', 'Coree du Sud', 'Assistant', '2010-06-11');

 -- Sanction du match -- 

INSERT INTO sanction (joueur_id, arbitre_id, nation_equipe_1, nation_equipe_2, match_date, couleur) VALUES ('62', '230', 'Angleterre', 'Coree du Sud', '2010-06-11', 'Jaune');

 -- Sanction du match -- 

INSERT INTO sanction (joueur_id, arbitre_id, nation_equipe_1, nation_equipe_2, match_date, couleur) VALUES ('64', '230', 'Angleterre', 'Coree du Sud', '2010-06-11', 'Jaune');

 -- Match -- 

INSERT INTO match_foot VALUES ('2010-06-11', 'Mexique', 'Japon', 'Ronde de groupe', '1', '0', '4', 'Fern field', 'Bobski');

 -- Arbitre du Match -- 

INSERT INTO arbitre_match VALUES ('90', 'Mexique', 'Japon', 'Principal', '2010-06-11');

 -- Sanction du match -- 

INSERT INTO sanction (joueur_id, arbitre_id, nation_equipe_1, nation_equipe_2, match_date, couleur) VALUES ('75', '90', 'Mexique', 'Japon', '2010-06-11', 'Jaune');

 -- Sanction du match -- 

INSERT INTO sanction (joueur_id, arbitre_id, nation_equipe_1, nation_equipe_2, match_date, couleur) VALUES ('75', '90', 'Mexique', 'Japon', '2010-06-11', 'Rouge');
INSERT INTO arbitre_match VALUES ('150', 'Mexique', 'Japon', 'Assistant', '2010-06-11');
INSERT INTO arbitre_match VALUES ('160', 'Mexique', 'Japon', 'Assistant', '2010-06-11');
INSERT INTO arbitre_match VALUES ('220', 'Mexique', 'Japon', 'Assistant', '2010-06-11');

 -- Match -- 

INSERT INTO match_foot VALUES ('2010-06-11', 'Allemagne', 'Russie', 'Ronde de 16', '0', '1', '4', 'Fern field', 'Bobski');

 -- Arbitre du Match -- 

INSERT INTO arbitre_match VALUES ('80', 'Allemagne', 'Russie', 'Principal', '2010-06-11');

 -- Sanction du match -- 

INSERT INTO sanction (joueur_id, arbitre_id, nation_equipe_1, nation_equipe_2, match_date, couleur) VALUES ('82', '80', 'Allemagne', 'Russie', '2010-06-11', 'Jaune');
INSERT INTO arbitre_match VALUES ('120', 'Allemagne', 'Russie', 'Assistant', '2010-06-11');
INSERT INTO arbitre_match VALUES ('190', 'Allemagne', 'Russie', 'Assistant', '2010-06-11');

 -- Sanction du match -- 

INSERT INTO sanction (joueur_id, arbitre_id, nation_equipe_1, nation_equipe_2, match_date, couleur) VALUES ('83', '190', 'Allemagne', 'Russie', '2010-06-11', 'Rouge');

 -- Sanction du match -- 

INSERT INTO sanction (joueur_id, arbitre_id, nation_equipe_1, nation_equipe_2, match_date, couleur) VALUES ('84', '190', 'Allemagne', 'Russie', '2010-06-11', 'Rouge');
INSERT INTO arbitre_match VALUES ('250', 'Allemagne', 'Russie', 'Assistant', '2010-06-11');

 -- Sanction du match -- 

INSERT INTO sanction (joueur_id, arbitre_id, nation_equipe_1, nation_equipe_2, match_date, couleur) VALUES ('81', '250', 'Allemagne', 'Russie', '2010-06-11', 'Jaune');

 -- Sanction du match -- 

INSERT INTO sanction (joueur_id, arbitre_id, nation_equipe_1, nation_equipe_2, match_date, couleur) VALUES ('84', '250', 'Allemagne', 'Russie', '2010-06-11', 'Jaune');

 -- Match -- 

INSERT INTO match_foot VALUES ('2010-06-11', 'Portugal', 'Maroque', 'Semi-finale', '0', '3', '4', 'Fern field', 'Bobski');

 -- Arbitre du Match -- 

INSERT INTO arbitre_match VALUES ('60', 'Portugal', 'Maroque', 'Principal', '2010-06-11');
INSERT INTO arbitre_match VALUES ('130', 'Portugal', 'Maroque', 'Assistant', '2010-06-11');

 -- Sanction du match -- 

INSERT INTO sanction (joueur_id, arbitre_id, nation_equipe_1, nation_equipe_2, match_date, couleur) VALUES ('94', '130', 'Portugal', 'Maroque', '2010-06-11', 'Jaune');

 -- Sanction du match -- 

INSERT INTO sanction (joueur_id, arbitre_id, nation_equipe_1, nation_equipe_2, match_date, couleur) VALUES ('95', '130', 'Portugal', 'Maroque', '2010-06-11', 'Rouge');
INSERT INTO arbitre_match VALUES ('180', 'Portugal', 'Maroque', 'Assistant', '2010-06-11');
INSERT INTO arbitre_match VALUES ('240', 'Portugal', 'Maroque', 'Assistant', '2010-06-11');

 -- Match -- 

INSERT INTO match_foot VALUES ('2010-06-11', 'Autriche', 'Egypt', 'Finale', '5', '4', '4', 'Fern field', 'Bobski');

 -- Arbitre du Match -- 

INSERT INTO arbitre_match VALUES ('70', 'Autriche', 'Egypt', 'Principal', '2010-06-11');

 -- Sanction du match -- 

INSERT INTO sanction (joueur_id, arbitre_id, nation_equipe_1, nation_equipe_2, match_date, couleur) VALUES ('104', '70', 'Autriche', 'Egypt', '2010-06-11', 'Rouge');
INSERT INTO arbitre_match VALUES ('150', 'Autriche', 'Egypt', 'Assistant', '2010-06-11');
INSERT INTO arbitre_match VALUES ('170', 'Autriche', 'Egypt', 'Assistant', '2010-06-11');

 -- Sanction du match -- 

INSERT INTO sanction (joueur_id, arbitre_id, nation_equipe_1, nation_equipe_2, match_date, couleur) VALUES ('101', '170', 'Autriche', 'Egypt', '2010-06-11', 'Rouge');

 -- Sanction du match -- 

INSERT INTO sanction (joueur_id, arbitre_id, nation_equipe_1, nation_equipe_2, match_date, couleur) VALUES ('104', '170', 'Autriche', 'Egypt', '2010-06-11', 'Jaune');
INSERT INTO arbitre_match VALUES ('240', 'Autriche', 'Egypt', 'Assistant', '2010-06-11');


  -- Coupe Du Monde  --- 
INSERT INTO coupe_du_monde VALUES ('5', '2014-06-12', '2014-07-13');
INSERT INTO pays_coupe VALUES ('Bresil', '5');


 -- EQUIPE  + Association-- 

INSERT INTO equipe_foot VALUES ('Uruguay', '5', '7', '4');
INSERT INTO collaborateur_equipe VALUES ('8', 'Uruguay', '5');
INSERT INTO collaborateur_equipe VALUES ('9', 'Uruguay', '5');
INSERT INTO joueur_equipe VALUES ('1', 'Uruguay', '5', 'Avant-centre', '0', 'Brazil nationnal');
INSERT INTO joueur_equipe VALUES ('2', 'Uruguay', '5', 'Arriere latéral', '9', 'AS Monaco');
INSERT INTO joueur_equipe VALUES ('3', 'Uruguay', '5', 'Millieu defensif', '16', 'Chelsea F.C.');
INSERT INTO joueur_equipe VALUES ('4', 'Uruguay', '5', 'Millieu offensif', '31', 'FC Bayern');
INSERT INTO joueur_equipe VALUES ('5', 'Uruguay', '5', 'Gardien de but', '27', 'Chelsea F.C.');
INSERT INTO joueur_equipe VALUES ('6', 'Uruguay', '5', 'Attaquant de pointe', '32', 'France National');

 -- EQUIPE  + Association-- 

INSERT INTO equipe_foot VALUES ('Italie', '5', '17', '7');
INSERT INTO collaborateur_equipe VALUES ('18', 'Italie', '5');
INSERT INTO collaborateur_equipe VALUES ('19', 'Italie', '5');
INSERT INTO joueur_equipe VALUES ('11', 'Italie', '5', 'Avant-centre', '0', 'F.C. Barcelona');
INSERT INTO joueur_equipe VALUES ('12', 'Italie', '5', 'Arriere latéral', '9', 'Real Madrid');
INSERT INTO joueur_equipe VALUES ('13', 'Italie', '5', 'Millieu defensif', '18', 'Manchester United F.C.');
INSERT INTO joueur_equipe VALUES ('14', 'Italie', '5', 'Millieu offensif', '21', 'Arsenal F.C.');
INSERT INTO joueur_equipe VALUES ('15', 'Italie', '5', 'Gardien de but', '32', 'Chelsea F.C.');
INSERT INTO joueur_equipe VALUES ('16', 'Italie', '5', 'Attaquant de pointe', '44', 'Manchester United F.C.');

 -- EQUIPE  + Association-- 

INSERT INTO equipe_foot VALUES ('France', '5', '27', '10');
INSERT INTO collaborateur_equipe VALUES ('28', 'France', '5');
INSERT INTO collaborateur_equipe VALUES ('29', 'France', '5');
INSERT INTO joueur_equipe VALUES ('21', 'France', '5', 'Avant-centre', '0', 'Real Madrid');
INSERT INTO joueur_equipe VALUES ('22', 'France', '5', 'Arriere latéral', '8', 'France National');
INSERT INTO joueur_equipe VALUES ('23', 'France', '5', 'Millieu defensif', '12', 'Chelsea F.C.');
INSERT INTO joueur_equipe VALUES ('24', 'France', '5', 'Millieu offensif', '22', 'Manchester United F.C.');
INSERT INTO joueur_equipe VALUES ('25', 'France', '5', 'Gardien de but', '25', 'Olympique Lyonnais');
INSERT INTO joueur_equipe VALUES ('26', 'France', '5', 'Attaquant de pointe', '46', 'France National');

 -- EQUIPE  + Association-- 

INSERT INTO equipe_foot VALUES ('Canada', '5', '37', '12');
INSERT INTO collaborateur_equipe VALUES ('38', 'Canada', '5');
INSERT INTO collaborateur_equipe VALUES ('39', 'Canada', '5');
INSERT INTO joueur_equipe VALUES ('31', 'Canada', '5', 'Avant-centre', '1', 'FC Bayern');
INSERT INTO joueur_equipe VALUES ('32', 'Canada', '5', 'Arriere latéral', '10', 'FC Bayern');
INSERT INTO joueur_equipe VALUES ('33', 'Canada', '5', 'Millieu defensif', '19', 'Olympique Lyonnais');
INSERT INTO joueur_equipe VALUES ('34', 'Canada', '5', 'Millieu offensif', '29', 'France National');
INSERT INTO joueur_equipe VALUES ('35', 'Canada', '5', 'Gardien de but', '30', 'Brazil nationnal');
INSERT INTO joueur_equipe VALUES ('36', 'Canada', '5', 'Attaquant de pointe', '35', 'Chelsea F.C.');

 -- EQUIPE  + Association-- 

INSERT INTO equipe_foot VALUES ('Bresil', '5', '47', '14');
INSERT INTO collaborateur_equipe VALUES ('48', 'Bresil', '5');
INSERT INTO collaborateur_equipe VALUES ('49', 'Bresil', '5');
INSERT INTO joueur_equipe VALUES ('41', 'Bresil', '5', 'Avant-centre', '1', 'F.C. Barcelona');
INSERT INTO joueur_equipe VALUES ('42', 'Bresil', '5', 'Arriere latéral', '6', 'FC Bayern');
INSERT INTO joueur_equipe VALUES ('43', 'Bresil', '5', 'Millieu defensif', '20', 'Spain N.F.C.');
INSERT INTO joueur_equipe VALUES ('44', 'Bresil', '5', 'Millieu offensif', '30', 'Arsenal F.C.');
INSERT INTO joueur_equipe VALUES ('45', 'Bresil', '5', 'Gardien de but', '41', 'FC Bayern');
INSERT INTO joueur_equipe VALUES ('46', 'Bresil', '5', 'Attaquant de pointe', '38', 'F.C. Barcelona');

 -- EQUIPE  + Association-- 

INSERT INTO equipe_foot VALUES ('Suisse', '5', '57', '16');
INSERT INTO collaborateur_equipe VALUES ('58', 'Suisse', '5');
INSERT INTO collaborateur_equipe VALUES ('59', 'Suisse', '5');
INSERT INTO joueur_equipe VALUES ('51', 'Suisse', '5', 'Avant-centre', '0', 'Brazil nationnal');
INSERT INTO joueur_equipe VALUES ('52', 'Suisse', '5', 'Arriere latéral', '10', 'Chelsea F.C.');
INSERT INTO joueur_equipe VALUES ('53', 'Suisse', '5', 'Millieu defensif', '18', 'Liverpool F.C.');
INSERT INTO joueur_equipe VALUES ('54', 'Suisse', '5', 'Millieu offensif', '22', 'AS Monaco');
INSERT INTO joueur_equipe VALUES ('55', 'Suisse', '5', 'Gardien de but', '29', 'Chelsea F.C.');
INSERT INTO joueur_equipe VALUES ('56', 'Suisse', '5', 'Attaquant de pointe', '40', 'Arsenal F.C.');

 -- EQUIPE  + Association-- 

INSERT INTO equipe_foot VALUES ('Suede', '5', '67', '11');
INSERT INTO collaborateur_equipe VALUES ('68', 'Suede', '5');
INSERT INTO collaborateur_equipe VALUES ('69', 'Suede', '5');
INSERT INTO joueur_equipe VALUES ('61', 'Suede', '5', 'Avant-centre', '0', 'F.C. Barcelona');
INSERT INTO joueur_equipe VALUES ('62', 'Suede', '5', 'Arriere latéral', '9', 'Olympique Lyonnais');
INSERT INTO joueur_equipe VALUES ('63', 'Suede', '5', 'Millieu defensif', '14', 'F.C. Barcelona');
INSERT INTO joueur_equipe VALUES ('64', 'Suede', '5', 'Millieu offensif', '19', 'Real Madrid');
INSERT INTO joueur_equipe VALUES ('65', 'Suede', '5', 'Gardien de but', '25', 'Spain N.F.C.');
INSERT INTO joueur_equipe VALUES ('66', 'Suede', '5', 'Attaquant de pointe', '33', 'Brazil nationnal');

 -- EQUIPE  + Association-- 

INSERT INTO equipe_foot VALUES ('Chili', '5', '77', '26');
INSERT INTO collaborateur_equipe VALUES ('78', 'Chili', '5');
INSERT INTO collaborateur_equipe VALUES ('79', 'Chili', '5');
INSERT INTO joueur_equipe VALUES ('71', 'Chili', '5', 'Avant-centre', '1', 'Real Madrid');
INSERT INTO joueur_equipe VALUES ('72', 'Chili', '5', 'Arriere latéral', '10', 'Arsenal F.C.');
INSERT INTO joueur_equipe VALUES ('73', 'Chili', '5', 'Millieu defensif', '15', 'Olympique Lyonnais');
INSERT INTO joueur_equipe VALUES ('74', 'Chili', '5', 'Millieu offensif', '23', 'Real Madrid');
INSERT INTO joueur_equipe VALUES ('75', 'Chili', '5', 'Gardien de but', '31', 'Liverpool F.C.');
INSERT INTO joueur_equipe VALUES ('76', 'Chili', '5', 'Attaquant de pointe', '36', 'Olympique Lyonnais');

 -- EQUIPE  + Association-- 

INSERT INTO equipe_foot VALUES ('Angleterre', '5', '87', '18');
INSERT INTO collaborateur_equipe VALUES ('88', 'Angleterre', '5');
INSERT INTO collaborateur_equipe VALUES ('89', 'Angleterre', '5');
INSERT INTO joueur_equipe VALUES ('81', 'Angleterre', '5', 'Avant-centre', '0', 'Arsenal F.C.');
INSERT INTO joueur_equipe VALUES ('82', 'Angleterre', '5', 'Arriere latéral', '7', 'Spain N.F.C.');
INSERT INTO joueur_equipe VALUES ('83', 'Angleterre', '5', 'Millieu defensif', '13', 'Chelsea F.C.');
INSERT INTO joueur_equipe VALUES ('84', 'Angleterre', '5', 'Millieu offensif', '27', 'Arsenal F.C.');
INSERT INTO joueur_equipe VALUES ('85', 'Angleterre', '5', 'Gardien de but', '32', 'Manchester United F.C.');
INSERT INTO joueur_equipe VALUES ('86', 'Angleterre', '5', 'Attaquant de pointe', '30', 'Brazil nationnal');

 -- EQUIPE  + Association-- 

INSERT INTO equipe_foot VALUES ('Mexique', '5', '97', '29');
INSERT INTO collaborateur_equipe VALUES ('98', 'Mexique', '5');
INSERT INTO collaborateur_equipe VALUES ('99', 'Mexique', '5');
INSERT INTO joueur_equipe VALUES ('91', 'Mexique', '5', 'Avant-centre', '1', 'Real Madrid');
INSERT INTO joueur_equipe VALUES ('92', 'Mexique', '5', 'Arriere latéral', '11', 'Brazil nationnal');
INSERT INTO joueur_equipe VALUES ('93', 'Mexique', '5', 'Millieu defensif', '13', 'Olympique Lyonnais');
INSERT INTO joueur_equipe VALUES ('94', 'Mexique', '5', 'Millieu offensif', '24', 'FC Bayern');
INSERT INTO joueur_equipe VALUES ('95', 'Mexique', '5', 'Gardien de but', '36', 'F.C. Barcelona');
INSERT INTO joueur_equipe VALUES ('96', 'Mexique', '5', 'Attaquant de pointe', '48', 'France National');

 -- EQUIPE  + Association-- 

INSERT INTO equipe_foot VALUES ('Allemagne', '5', '107', '28');
INSERT INTO collaborateur_equipe VALUES ('108', 'Allemagne', '5');
INSERT INTO collaborateur_equipe VALUES ('109', 'Allemagne', '5');
INSERT INTO joueur_equipe VALUES ('101', 'Allemagne', '5', 'Avant-centre', '0', 'France National');
INSERT INTO joueur_equipe VALUES ('102', 'Allemagne', '5', 'Arriere latéral', '6', 'Manchester United F.C.');
INSERT INTO joueur_equipe VALUES ('103', 'Allemagne', '5', 'Millieu defensif', '15', 'Arsenal F.C.');
INSERT INTO joueur_equipe VALUES ('104', 'Allemagne', '5', 'Millieu offensif', '19', 'France National');
INSERT INTO joueur_equipe VALUES ('105', 'Allemagne', '5', 'Gardien de but', '37', 'Manchester United F.C.');
INSERT INTO joueur_equipe VALUES ('106', 'Allemagne', '5', 'Attaquant de pointe', '42', 'Liverpool F.C.');

 -- EQUIPE  + Association-- 

INSERT INTO equipe_foot VALUES ('Portugal', '5', '117', '6');
INSERT INTO collaborateur_equipe VALUES ('118', 'Portugal', '5');
INSERT INTO collaborateur_equipe VALUES ('119', 'Portugal', '5');
INSERT INTO joueur_equipe VALUES ('111', 'Portugal', '5', 'Avant-centre', '1', 'Chelsea F.C.');
INSERT INTO joueur_equipe VALUES ('112', 'Portugal', '5', 'Arriere latéral', '8', 'FC Bayern');
INSERT INTO joueur_equipe VALUES ('113', 'Portugal', '5', 'Millieu defensif', '21', 'Arsenal F.C.');
INSERT INTO joueur_equipe VALUES ('114', 'Portugal', '5', 'Millieu offensif', '28', 'Olympique Lyonnais');
INSERT INTO joueur_equipe VALUES ('115', 'Portugal', '5', 'Gardien de but', '35', 'Manchester United F.C.');
INSERT INTO joueur_equipe VALUES ('116', 'Portugal', '5', 'Attaquant de pointe', '32', 'F.C. Barcelona');

 -- EQUIPE  + Association-- 

INSERT INTO equipe_foot VALUES ('Autriche', '5', '127', '21');
INSERT INTO collaborateur_equipe VALUES ('128', 'Autriche', '5');
INSERT INTO collaborateur_equipe VALUES ('129', 'Autriche', '5');
INSERT INTO joueur_equipe VALUES ('121', 'Autriche', '5', 'Avant-centre', '1', 'Chelsea F.C.');
INSERT INTO joueur_equipe VALUES ('122', 'Autriche', '5', 'Arriere latéral', '10', 'Olympique Lyonnais');
INSERT INTO joueur_equipe VALUES ('123', 'Autriche', '5', 'Millieu defensif', '20', 'Olympique Lyonnais');
INSERT INTO joueur_equipe VALUES ('124', 'Autriche', '5', 'Millieu offensif', '18', 'Brazil nationnal');
INSERT INTO joueur_equipe VALUES ('125', 'Autriche', '5', 'Gardien de but', '25', 'Olympique Lyonnais');
INSERT INTO joueur_equipe VALUES ('126', 'Autriche', '5', 'Attaquant de pointe', '32', 'Liverpool F.C.');

 -- EQUIPE  + Association-- 

INSERT INTO equipe_foot VALUES ('Yougoslavie', '5', '137', '22');
INSERT INTO collaborateur_equipe VALUES ('138', 'Yougoslavie', '5');
INSERT INTO collaborateur_equipe VALUES ('139', 'Yougoslavie', '5');
INSERT INTO joueur_equipe VALUES ('131', 'Yougoslavie', '5', 'Avant-centre', '1', 'Manchester United F.C.');
INSERT INTO joueur_equipe VALUES ('132', 'Yougoslavie', '5', 'Arriere latéral', '6', 'Liverpool F.C.');
INSERT INTO joueur_equipe VALUES ('133', 'Yougoslavie', '5', 'Millieu defensif', '18', 'Spain N.F.C.');
INSERT INTO joueur_equipe VALUES ('134', 'Yougoslavie', '5', 'Millieu offensif', '29', 'Spain N.F.C.');
INSERT INTO joueur_equipe VALUES ('135', 'Yougoslavie', '5', 'Gardien de but', '41', 'Chelsea F.C.');
INSERT INTO joueur_equipe VALUES ('136', 'Yougoslavie', '5', 'Attaquant de pointe', '30', 'FC Bayern');

 -- EQUIPE  + Association-- 

INSERT INTO equipe_foot VALUES ('Union sovietique', '5', '147', '23');
INSERT INTO collaborateur_equipe VALUES ('148', 'Union sovietique', '5');
INSERT INTO collaborateur_equipe VALUES ('149', 'Union sovietique', '5');
INSERT INTO joueur_equipe VALUES ('141', 'Union sovietique', '5', 'Avant-centre', '1', 'F.C. Barcelona');
INSERT INTO joueur_equipe VALUES ('142', 'Union sovietique', '5', 'Arriere latéral', '11', 'France National');
INSERT INTO joueur_equipe VALUES ('143', 'Union sovietique', '5', 'Millieu defensif', '19', 'F.C. Barcelona');
INSERT INTO joueur_equipe VALUES ('144', 'Union sovietique', '5', 'Millieu offensif', '29', 'F.C. Barcelona');
INSERT INTO joueur_equipe VALUES ('145', 'Union sovietique', '5', 'Gardien de but', '40', 'AS Monaco');
INSERT INTO joueur_equipe VALUES ('146', 'Union sovietique', '5', 'Attaquant de pointe', '44', 'France National');

 -- EQUIPE  + Association-- 

INSERT INTO equipe_foot VALUES ('Tchecoslovaquie', '5', '157', '20');
INSERT INTO collaborateur_equipe VALUES ('158', 'Tchecoslovaquie', '5');
INSERT INTO collaborateur_equipe VALUES ('159', 'Tchecoslovaquie', '5');
INSERT INTO joueur_equipe VALUES ('151', 'Tchecoslovaquie', '5', 'Avant-centre', '0', 'France National');
INSERT INTO joueur_equipe VALUES ('152', 'Tchecoslovaquie', '5', 'Arriere latéral', '10', 'FC Bayern');
INSERT INTO joueur_equipe VALUES ('153', 'Tchecoslovaquie', '5', 'Millieu defensif', '18', 'Chelsea F.C.');
INSERT INTO joueur_equipe VALUES ('154', 'Tchecoslovaquie', '5', 'Millieu offensif', '25', 'FC Bayern');
INSERT INTO joueur_equipe VALUES ('155', 'Tchecoslovaquie', '5', 'Gardien de but', '24', 'Spain N.F.C.');
INSERT INTO joueur_equipe VALUES ('156', 'Tchecoslovaquie', '5', 'Attaquant de pointe', '38', 'Chelsea F.C.');

 -- EQUIPE  + Association-- 

INSERT INTO equipe_foot VALUES ('Pologne', '5', '167', '17');
INSERT INTO collaborateur_equipe VALUES ('168', 'Pologne', '5');
INSERT INTO collaborateur_equipe VALUES ('169', 'Pologne', '5');
INSERT INTO joueur_equipe VALUES ('161', 'Pologne', '5', 'Avant-centre', '1', 'France National');
INSERT INTO joueur_equipe VALUES ('162', 'Pologne', '5', 'Arriere latéral', '8', 'Arsenal F.C.');
INSERT INTO joueur_equipe VALUES ('163', 'Pologne', '5', 'Millieu defensif', '14', 'Olympique Lyonnais');
INSERT INTO joueur_equipe VALUES ('164', 'Pologne', '5', 'Millieu offensif', '26', 'FC Bayern');
INSERT INTO joueur_equipe VALUES ('165', 'Pologne', '5', 'Gardien de but', '28', 'Real Madrid');
INSERT INTO joueur_equipe VALUES ('166', 'Pologne', '5', 'Attaquant de pointe', '31', 'Liverpool F.C.');

 -- EQUIPE  + Association-- 

INSERT INTO equipe_foot VALUES ('Argentine', '5', '177', '25');
INSERT INTO collaborateur_equipe VALUES ('178', 'Argentine', '5');
INSERT INTO collaborateur_equipe VALUES ('179', 'Argentine', '5');
INSERT INTO joueur_equipe VALUES ('171', 'Argentine', '5', 'Avant-centre', '1', 'France National');
INSERT INTO joueur_equipe VALUES ('172', 'Argentine', '5', 'Arriere latéral', '9', 'AS Monaco');
INSERT INTO joueur_equipe VALUES ('173', 'Argentine', '5', 'Millieu defensif', '14', 'Chelsea F.C.');
INSERT INTO joueur_equipe VALUES ('174', 'Argentine', '5', 'Millieu offensif', '27', 'Spain N.F.C.');
INSERT INTO joueur_equipe VALUES ('175', 'Argentine', '5', 'Gardien de but', '32', 'Spain N.F.C.');
INSERT INTO joueur_equipe VALUES ('176', 'Argentine', '5', 'Attaquant de pointe', '48', 'Brazil nationnal');

 -- EQUIPE  + Association-- 

INSERT INTO equipe_foot VALUES ('Belgique', '5', '187', '2');
INSERT INTO collaborateur_equipe VALUES ('188', 'Belgique', '5');
INSERT INTO collaborateur_equipe VALUES ('189', 'Belgique', '5');
INSERT INTO joueur_equipe VALUES ('181', 'Belgique', '5', 'Avant-centre', '0', 'Chelsea F.C.');
INSERT INTO joueur_equipe VALUES ('182', 'Belgique', '5', 'Arriere latéral', '8', 'Brazil nationnal');
INSERT INTO joueur_equipe VALUES ('183', 'Belgique', '5', 'Millieu defensif', '12', 'FC Bayern');
INSERT INTO joueur_equipe VALUES ('184', 'Belgique', '5', 'Millieu offensif', '22', 'Spain N.F.C.');
INSERT INTO joueur_equipe VALUES ('185', 'Belgique', '5', 'Gardien de but', '37', 'Arsenal F.C.');
INSERT INTO joueur_equipe VALUES ('186', 'Belgique', '5', 'Attaquant de pointe', '49', 'Chelsea F.C.');

 -- EQUIPE  + Association-- 

INSERT INTO equipe_foot VALUES ('Croatie', '5', '197', '1');
INSERT INTO collaborateur_equipe VALUES ('198', 'Croatie', '5');
INSERT INTO collaborateur_equipe VALUES ('199', 'Croatie', '5');
INSERT INTO joueur_equipe VALUES ('191', 'Croatie', '5', 'Avant-centre', '0', 'Manchester United F.C.');
INSERT INTO joueur_equipe VALUES ('192', 'Croatie', '5', 'Arriere latéral', '9', 'Arsenal F.C.');
INSERT INTO joueur_equipe VALUES ('193', 'Croatie', '5', 'Millieu defensif', '13', 'F.C. Barcelona');
INSERT INTO joueur_equipe VALUES ('194', 'Croatie', '5', 'Millieu offensif', '26', 'Liverpool F.C.');
INSERT INTO joueur_equipe VALUES ('195', 'Croatie', '5', 'Gardien de but', '32', 'Manchester United F.C.');
INSERT INTO joueur_equipe VALUES ('196', 'Croatie', '5', 'Attaquant de pointe', '51', 'AS Monaco');

 -- EQUIPE  + Association-- 

INSERT INTO equipe_foot VALUES ('Pays-Bas', '5', '207', '5');
INSERT INTO collaborateur_equipe VALUES ('208', 'Pays-Bas', '5');
INSERT INTO collaborateur_equipe VALUES ('209', 'Pays-Bas', '5');
INSERT INTO joueur_equipe VALUES ('201', 'Pays-Bas', '5', 'Avant-centre', '1', 'Chelsea F.C.');
INSERT INTO joueur_equipe VALUES ('202', 'Pays-Bas', '5', 'Arriere latéral', '6', 'Spain N.F.C.');
INSERT INTO joueur_equipe VALUES ('203', 'Pays-Bas', '5', 'Millieu defensif', '20', 'Liverpool F.C.');
INSERT INTO joueur_equipe VALUES ('204', 'Pays-Bas', '5', 'Millieu offensif', '20', 'Real Madrid');
INSERT INTO joueur_equipe VALUES ('205', 'Pays-Bas', '5', 'Gardien de but', '39', 'F.C. Barcelona');
INSERT INTO joueur_equipe VALUES ('206', 'Pays-Bas', '5', 'Attaquant de pointe', '33', 'FC Bayern');

 -- EQUIPE  + Association-- 

INSERT INTO equipe_foot VALUES ('Coree du Sud', '5', '217', '9');
INSERT INTO collaborateur_equipe VALUES ('218', 'Coree du Sud', '5');
INSERT INTO collaborateur_equipe VALUES ('219', 'Coree du Sud', '5');
INSERT INTO joueur_equipe VALUES ('211', 'Coree du Sud', '5', 'Avant-centre', '1', 'AS Monaco');
INSERT INTO joueur_equipe VALUES ('212', 'Coree du Sud', '5', 'Arriere latéral', '6', 'Brazil nationnal');
INSERT INTO joueur_equipe VALUES ('213', 'Coree du Sud', '5', 'Millieu defensif', '19', 'Chelsea F.C.');
INSERT INTO joueur_equipe VALUES ('214', 'Coree du Sud', '5', 'Millieu offensif', '20', 'Chelsea F.C.');
INSERT INTO joueur_equipe VALUES ('215', 'Coree du Sud', '5', 'Gardien de but', '41', 'Manchester United F.C.');
INSERT INTO joueur_equipe VALUES ('216', 'Coree du Sud', '5', 'Attaquant de pointe', '38', 'Liverpool F.C.');

 -- EQUIPE  + Association-- 

INSERT INTO equipe_foot VALUES ('Japon', '5', '227', '30');
INSERT INTO collaborateur_equipe VALUES ('228', 'Japon', '5');
INSERT INTO collaborateur_equipe VALUES ('229', 'Japon', '5');
INSERT INTO joueur_equipe VALUES ('221', 'Japon', '5', 'Avant-centre', '0', 'F.C. Barcelona');
INSERT INTO joueur_equipe VALUES ('222', 'Japon', '5', 'Arriere latéral', '10', 'Chelsea F.C.');
INSERT INTO joueur_equipe VALUES ('223', 'Japon', '5', 'Millieu defensif', '12', 'Brazil nationnal');
INSERT INTO joueur_equipe VALUES ('224', 'Japon', '5', 'Millieu offensif', '26', 'FC Bayern');
INSERT INTO joueur_equipe VALUES ('225', 'Japon', '5', 'Gardien de but', '34', 'Olympique Lyonnais');
INSERT INTO joueur_equipe VALUES ('226', 'Japon', '5', 'Attaquant de pointe', '36', 'Arsenal F.C.');

 -- EQUIPE  + Association-- 

INSERT INTO equipe_foot VALUES ('Russie', '5', '237', '24');
INSERT INTO collaborateur_equipe VALUES ('238', 'Russie', '5');
INSERT INTO collaborateur_equipe VALUES ('239', 'Russie', '5');
INSERT INTO joueur_equipe VALUES ('231', 'Russie', '5', 'Avant-centre', '1', 'Spain N.F.C.');
INSERT INTO joueur_equipe VALUES ('232', 'Russie', '5', 'Arriere latéral', '7', 'Arsenal F.C.');
INSERT INTO joueur_equipe VALUES ('233', 'Russie', '5', 'Millieu defensif', '12', 'Arsenal F.C.');
INSERT INTO joueur_equipe VALUES ('234', 'Russie', '5', 'Millieu offensif', '22', 'FC Bayern');
INSERT INTO joueur_equipe VALUES ('235', 'Russie', '5', 'Gardien de but', '35', 'France National');
INSERT INTO joueur_equipe VALUES ('236', 'Russie', '5', 'Attaquant de pointe', '42', 'Liverpool F.C.');

 -- EQUIPE  + Association-- 

INSERT INTO equipe_foot VALUES ('Maroque', '5', '247', '3');
INSERT INTO collaborateur_equipe VALUES ('248', 'Maroque', '5');
INSERT INTO collaborateur_equipe VALUES ('249', 'Maroque', '5');
INSERT INTO joueur_equipe VALUES ('241', 'Maroque', '5', 'Avant-centre', '1', 'F.C. Barcelona');
INSERT INTO joueur_equipe VALUES ('242', 'Maroque', '5', 'Arriere latéral', '10', 'Spain N.F.C.');
INSERT INTO joueur_equipe VALUES ('243', 'Maroque', '5', 'Millieu defensif', '19', 'Arsenal F.C.');
INSERT INTO joueur_equipe VALUES ('244', 'Maroque', '5', 'Millieu offensif', '23', 'Manchester United F.C.');
INSERT INTO joueur_equipe VALUES ('245', 'Maroque', '5', 'Gardien de but', '26', 'Arsenal F.C.');
INSERT INTO joueur_equipe VALUES ('246', 'Maroque', '5', 'Attaquant de pointe', '36', 'France National');

 -- EQUIPE  + Association-- 

INSERT INTO equipe_foot VALUES ('Egypt', '5', '257', '13');
INSERT INTO collaborateur_equipe VALUES ('258', 'Egypt', '5');
INSERT INTO collaborateur_equipe VALUES ('259', 'Egypt', '5');
INSERT INTO joueur_equipe VALUES ('251', 'Egypt', '5', 'Avant-centre', '1', 'France National');
INSERT INTO joueur_equipe VALUES ('252', 'Egypt', '5', 'Arriere latéral', '8', 'FC Bayern');
INSERT INTO joueur_equipe VALUES ('253', 'Egypt', '5', 'Millieu defensif', '21', 'France National');
INSERT INTO joueur_equipe VALUES ('254', 'Egypt', '5', 'Millieu offensif', '24', 'Brazil nationnal');
INSERT INTO joueur_equipe VALUES ('255', 'Egypt', '5', 'Gardien de but', '30', 'Spain N.F.C.');
INSERT INTO joueur_equipe VALUES ('256', 'Egypt', '5', 'Attaquant de pointe', '38', 'Olympique Lyonnais');

 -- EQUIPE  + Association-- 

INSERT INTO equipe_foot VALUES ('Grece', '5', '267', '27');
INSERT INTO collaborateur_equipe VALUES ('268', 'Grece', '5');
INSERT INTO collaborateur_equipe VALUES ('269', 'Grece', '5');
INSERT INTO joueur_equipe VALUES ('261', 'Grece', '5', 'Avant-centre', '1', 'FC Bayern');
INSERT INTO joueur_equipe VALUES ('262', 'Grece', '5', 'Arriere latéral', '6', 'Spain N.F.C.');
INSERT INTO joueur_equipe VALUES ('263', 'Grece', '5', 'Millieu defensif', '19', 'France National');
INSERT INTO joueur_equipe VALUES ('264', 'Grece', '5', 'Millieu offensif', '28', 'Olympique Lyonnais');
INSERT INTO joueur_equipe VALUES ('265', 'Grece', '5', 'Gardien de but', '26', 'F.C. Barcelona');
INSERT INTO joueur_equipe VALUES ('266', 'Grece', '5', 'Attaquant de pointe', '30', 'Chelsea F.C.');

 -- EQUIPE  + Association-- 

INSERT INTO equipe_foot VALUES ('Qatar', '5', '277', '15');
INSERT INTO collaborateur_equipe VALUES ('278', 'Qatar', '5');
INSERT INTO collaborateur_equipe VALUES ('279', 'Qatar', '5');
INSERT INTO joueur_equipe VALUES ('271', 'Qatar', '5', 'Avant-centre', '0', 'AS Monaco');
INSERT INTO joueur_equipe VALUES ('272', 'Qatar', '5', 'Arriere latéral', '7', 'Olympique Lyonnais');
INSERT INTO joueur_equipe VALUES ('273', 'Qatar', '5', 'Millieu defensif', '21', 'Chelsea F.C.');
INSERT INTO joueur_equipe VALUES ('274', 'Qatar', '5', 'Millieu offensif', '24', 'Spain N.F.C.');
INSERT INTO joueur_equipe VALUES ('275', 'Qatar', '5', 'Gardien de but', '39', 'Arsenal F.C.');
INSERT INTO joueur_equipe VALUES ('276', 'Qatar', '5', 'Attaquant de pointe', '35', 'AS Monaco');

 -- EQUIPE  + Association-- 

INSERT INTO equipe_foot VALUES ('Etats-Unis', '5', '287', '8');
INSERT INTO collaborateur_equipe VALUES ('288', 'Etats-Unis', '5');
INSERT INTO collaborateur_equipe VALUES ('289', 'Etats-Unis', '5');
INSERT INTO joueur_equipe VALUES ('281', 'Etats-Unis', '5', 'Avant-centre', '0', 'Olympique Lyonnais');
INSERT INTO joueur_equipe VALUES ('282', 'Etats-Unis', '5', 'Arriere latéral', '10', 'Real Madrid');
INSERT INTO joueur_equipe VALUES ('283', 'Etats-Unis', '5', 'Millieu defensif', '19', 'Chelsea F.C.');
INSERT INTO joueur_equipe VALUES ('284', 'Etats-Unis', '5', 'Millieu offensif', '22', 'AS Monaco');
INSERT INTO joueur_equipe VALUES ('285', 'Etats-Unis', '5', 'Gardien de but', '25', 'Spain N.F.C.');
INSERT INTO joueur_equipe VALUES ('286', 'Etats-Unis', '5', 'Attaquant de pointe', '43', 'AS Monaco');

 -- EQUIPE  + Association-- 

INSERT INTO equipe_foot VALUES ('Turquie', '5', '297', '19');
INSERT INTO collaborateur_equipe VALUES ('298', 'Turquie', '5');
INSERT INTO collaborateur_equipe VALUES ('299', 'Turquie', '5');
INSERT INTO joueur_equipe VALUES ('291', 'Turquie', '5', 'Avant-centre', '0', 'Real Madrid');
INSERT INTO joueur_equipe VALUES ('292', 'Turquie', '5', 'Arriere latéral', '11', 'Real Madrid');
INSERT INTO joueur_equipe VALUES ('293', 'Turquie', '5', 'Millieu defensif', '15', 'Real Madrid');
INSERT INTO joueur_equipe VALUES ('294', 'Turquie', '5', 'Millieu offensif', '26', 'Chelsea F.C.');
INSERT INTO joueur_equipe VALUES ('295', 'Turquie', '5', 'Gardien de but', '26', 'FC Bayern');
INSERT INTO joueur_equipe VALUES ('296', 'Turquie', '5', 'Attaquant de pointe', '34', 'Spain N.F.C.');

 -- Stade -- 
INSERT INTO stade VALUES ('Grandios Stadium', 'Hadderfoo', '30000', 'Bresil', '1879');

 -- Match -- 

INSERT INTO match_foot VALUES ('2014-06-12', 'Bresil', 'Belgique', 'Ronde de groupe', '5', '0', '5', 'Grandios Stadium', 'Hadderfoo');

 -- Arbitre du Match -- 

INSERT INTO arbitre_match VALUES ('100', 'Bresil', 'Belgique', 'Principal', '2014-06-12');

 -- Sanction du match -- 

INSERT INTO sanction (joueur_id, arbitre_id, nation_equipe_1, nation_equipe_2, match_date, couleur) VALUES ('12', '100', 'Bresil', 'Belgique', '2014-06-12', 'Rouge');

 -- Sanction du match -- 

INSERT INTO sanction (joueur_id, arbitre_id, nation_equipe_1, nation_equipe_2, match_date, couleur) VALUES ('15', '100', 'Bresil', 'Belgique', '2014-06-12', 'Jaune');
INSERT INTO arbitre_match VALUES ('150', 'Bresil', 'Belgique', 'Assistant', '2014-06-12');

 -- Sanction du match -- 

INSERT INTO sanction (joueur_id, arbitre_id, nation_equipe_1, nation_equipe_2, match_date, couleur) VALUES ('12', '150', 'Bresil', 'Belgique', '2014-06-12', 'Jaune');
INSERT INTO arbitre_match VALUES ('170', 'Bresil', 'Belgique', 'Assistant', '2014-06-12');
INSERT INTO arbitre_match VALUES ('220', 'Bresil', 'Belgique', 'Assistant', '2014-06-12');

 -- Sanction du match -- 

INSERT INTO sanction (joueur_id, arbitre_id, nation_equipe_1, nation_equipe_2, match_date, couleur) VALUES ('16', '220', 'Bresil', 'Belgique', '2014-06-12', 'Jaune');

 -- Sanction du match -- 

INSERT INTO sanction (joueur_id, arbitre_id, nation_equipe_1, nation_equipe_2, match_date, couleur) VALUES ('13', '220', 'Bresil', 'Belgique', '2014-06-12', 'Rouge');

 -- Match -- 

INSERT INTO match_foot VALUES ('2014-06-12', 'Suisse', 'Croatie', 'Ronde de 16', '2', '3', '5', 'Grandios Stadium', 'Hadderfoo');

 -- Arbitre du Match -- 

INSERT INTO arbitre_match VALUES ('60', 'Suisse', 'Croatie', 'Principal', '2014-06-12');

 -- Sanction du match -- 

INSERT INTO sanction (joueur_id, arbitre_id, nation_equipe_1, nation_equipe_2, match_date, couleur) VALUES ('21', '60', 'Suisse', 'Croatie', '2014-06-12', 'Rouge');
INSERT INTO arbitre_match VALUES ('140', 'Suisse', 'Croatie', 'Assistant', '2014-06-12');

 -- Sanction du match -- 

INSERT INTO sanction (joueur_id, arbitre_id, nation_equipe_1, nation_equipe_2, match_date, couleur) VALUES ('26', '140', 'Suisse', 'Croatie', '2014-06-12', 'Jaune');
INSERT INTO arbitre_match VALUES ('180', 'Suisse', 'Croatie', 'Assistant', '2014-06-12');

 -- Sanction du match -- 

INSERT INTO sanction (joueur_id, arbitre_id, nation_equipe_1, nation_equipe_2, match_date, couleur) VALUES ('25', '180', 'Suisse', 'Croatie', '2014-06-12', 'Jaune');
INSERT INTO arbitre_match VALUES ('220', 'Suisse', 'Croatie', 'Assistant', '2014-06-12');

 -- Sanction du match -- 

INSERT INTO sanction (joueur_id, arbitre_id, nation_equipe_1, nation_equipe_2, match_date, couleur) VALUES ('24', '220', 'Suisse', 'Croatie', '2014-06-12', 'Jaune');

 -- Sanction du match -- 

INSERT INTO sanction (joueur_id, arbitre_id, nation_equipe_1, nation_equipe_2, match_date, couleur) VALUES ('24', '220', 'Suisse', 'Croatie', '2014-06-12', 'Jaune');

 -- Match -- 

INSERT INTO match_foot VALUES ('2014-06-12', 'Suede', 'Pays-Bas', 'Quart de finale', '5', '2', '5', 'Grandios Stadium', 'Hadderfoo');

 -- Arbitre du Match -- 

INSERT INTO arbitre_match VALUES ('70', 'Suede', 'Pays-Bas', 'Principal', '2014-06-12');

 -- Sanction du match -- 

INSERT INTO sanction (joueur_id, arbitre_id, nation_equipe_1, nation_equipe_2, match_date, couleur) VALUES ('31', '70', 'Suede', 'Pays-Bas', '2014-06-12', 'Jaune');

 -- Sanction du match -- 

INSERT INTO sanction (joueur_id, arbitre_id, nation_equipe_1, nation_equipe_2, match_date, couleur) VALUES ('34', '70', 'Suede', 'Pays-Bas', '2014-06-12', 'Jaune');
INSERT INTO arbitre_match VALUES ('140', 'Suede', 'Pays-Bas', 'Assistant', '2014-06-12');

 -- Sanction du match -- 

INSERT INTO sanction (joueur_id, arbitre_id, nation_equipe_1, nation_equipe_2, match_date, couleur) VALUES ('33', '140', 'Suede', 'Pays-Bas', '2014-06-12', 'Jaune');

 -- Sanction du match -- 

INSERT INTO sanction (joueur_id, arbitre_id, nation_equipe_1, nation_equipe_2, match_date, couleur) VALUES ('31', '140', 'Suede', 'Pays-Bas', '2014-06-12', 'Rouge');
INSERT INTO arbitre_match VALUES ('170', 'Suede', 'Pays-Bas', 'Assistant', '2014-06-12');
INSERT INTO arbitre_match VALUES ('210', 'Suede', 'Pays-Bas', 'Assistant', '2014-06-12');

 -- Sanction du match -- 

INSERT INTO sanction (joueur_id, arbitre_id, nation_equipe_1, nation_equipe_2, match_date, couleur) VALUES ('34', '210', 'Suede', 'Pays-Bas', '2014-06-12', 'Jaune');

 -- Match -- 

INSERT INTO match_foot VALUES ('2014-06-12', 'Chili', 'Coree du Sud', 'Finale', '3', '4', '5', 'Grandios Stadium', 'Hadderfoo');

 -- Arbitre du Match -- 

INSERT INTO arbitre_match VALUES ('80', 'Chili', 'Coree du Sud', 'Principal', '2014-06-12');

 -- Sanction du match -- 

INSERT INTO sanction (joueur_id, arbitre_id, nation_equipe_1, nation_equipe_2, match_date, couleur) VALUES ('43', '80', 'Chili', 'Coree du Sud', '2014-06-12', 'Jaune');
INSERT INTO arbitre_match VALUES ('110', 'Chili', 'Coree du Sud', 'Assistant', '2014-06-12');
INSERT INTO arbitre_match VALUES ('160', 'Chili', 'Coree du Sud', 'Assistant', '2014-06-12');
INSERT INTO arbitre_match VALUES ('210', 'Chili', 'Coree du Sud', 'Assistant', '2014-06-12');

 -- Match -- 

INSERT INTO match_foot VALUES ('2014-06-12', 'Angleterre', 'Japon', 'Quart de finale', '1', '5', '5', 'Grandios Stadium', 'Hadderfoo');

 -- Arbitre du Match -- 

INSERT INTO arbitre_match VALUES ('60', 'Angleterre', 'Japon', 'Principal', '2014-06-12');
INSERT INTO arbitre_match VALUES ('110', 'Angleterre', 'Japon', 'Assistant', '2014-06-12');

 -- Sanction du match -- 

INSERT INTO sanction (joueur_id, arbitre_id, nation_equipe_1, nation_equipe_2, match_date, couleur) VALUES ('54', '110', 'Angleterre', 'Japon', '2014-06-12', 'Rouge');
INSERT INTO arbitre_match VALUES ('190', 'Angleterre', 'Japon', 'Assistant', '2014-06-12');
INSERT INTO arbitre_match VALUES ('250', 'Angleterre', 'Japon', 'Assistant', '2014-06-12');

 -- Sanction du match -- 

INSERT INTO sanction (joueur_id, arbitre_id, nation_equipe_1, nation_equipe_2, match_date, couleur) VALUES ('54', '250', 'Angleterre', 'Japon', '2014-06-12', 'Rouge');

 -- Sanction du match -- 

INSERT INTO sanction (joueur_id, arbitre_id, nation_equipe_1, nation_equipe_2, match_date, couleur) VALUES ('54', '250', 'Angleterre', 'Japon', '2014-06-12', 'Jaune');

 -- Match -- 

INSERT INTO match_foot VALUES ('2014-06-12', 'Mexique', 'Russie', 'Quart de finale', '4', '3', '5', 'Grandios Stadium', 'Hadderfoo');

 -- Arbitre du Match -- 

INSERT INTO arbitre_match VALUES ('60', 'Mexique', 'Russie', 'Principal', '2014-06-12');

 -- Sanction du match -- 

INSERT INTO sanction (joueur_id, arbitre_id, nation_equipe_1, nation_equipe_2, match_date, couleur) VALUES ('62', '60', 'Mexique', 'Russie', '2014-06-12', 'Jaune');
INSERT INTO arbitre_match VALUES ('140', 'Mexique', 'Russie', 'Assistant', '2014-06-12');
INSERT INTO arbitre_match VALUES ('160', 'Mexique', 'Russie', 'Assistant', '2014-06-12');
INSERT INTO arbitre_match VALUES ('220', 'Mexique', 'Russie', 'Assistant', '2014-06-12');

 -- Match -- 

INSERT INTO match_foot VALUES ('2014-06-12', 'Allemagne', 'Maroque', 'Ronde de groupe', '1', '2', '5', 'Grandios Stadium', 'Hadderfoo');

 -- Arbitre du Match -- 

INSERT INTO arbitre_match VALUES ('90', 'Allemagne', 'Maroque', 'Principal', '2014-06-12');

 -- Sanction du match -- 

INSERT INTO sanction (joueur_id, arbitre_id, nation_equipe_1, nation_equipe_2, match_date, couleur) VALUES ('71', '90', 'Allemagne', 'Maroque', '2014-06-12', 'Rouge');
INSERT INTO arbitre_match VALUES ('140', 'Allemagne', 'Maroque', 'Assistant', '2014-06-12');

 -- Sanction du match -- 

INSERT INTO sanction (joueur_id, arbitre_id, nation_equipe_1, nation_equipe_2, match_date, couleur) VALUES ('72', '140', 'Allemagne', 'Maroque', '2014-06-12', 'Jaune');

 -- Sanction du match -- 

INSERT INTO sanction (joueur_id, arbitre_id, nation_equipe_1, nation_equipe_2, match_date, couleur) VALUES ('73', '140', 'Allemagne', 'Maroque', '2014-06-12', 'Rouge');
INSERT INTO arbitre_match VALUES ('160', 'Allemagne', 'Maroque', 'Assistant', '2014-06-12');

 -- Sanction du match -- 

INSERT INTO sanction (joueur_id, arbitre_id, nation_equipe_1, nation_equipe_2, match_date, couleur) VALUES ('75', '160', 'Allemagne', 'Maroque', '2014-06-12', 'Rouge');

 -- Sanction du match -- 

INSERT INTO sanction (joueur_id, arbitre_id, nation_equipe_1, nation_equipe_2, match_date, couleur) VALUES ('73', '160', 'Allemagne', 'Maroque', '2014-06-12', 'Jaune');
INSERT INTO arbitre_match VALUES ('230', 'Allemagne', 'Maroque', 'Assistant', '2014-06-12');

 -- Sanction du match -- 

INSERT INTO sanction (joueur_id, arbitre_id, nation_equipe_1, nation_equipe_2, match_date, couleur) VALUES ('72', '230', 'Allemagne', 'Maroque', '2014-06-12', 'Rouge');

 -- Match -- 

INSERT INTO match_foot VALUES ('2014-06-12', 'Portugal', 'Egypt', 'Semi-finale', '1', '4', '5', 'Grandios Stadium', 'Hadderfoo');

 -- Arbitre du Match -- 

INSERT INTO arbitre_match VALUES ('80', 'Portugal', 'Egypt', 'Principal', '2014-06-12');

 -- Sanction du match -- 

INSERT INTO sanction (joueur_id, arbitre_id, nation_equipe_1, nation_equipe_2, match_date, couleur) VALUES ('84', '80', 'Portugal', 'Egypt', '2014-06-12', 'Jaune');
INSERT INTO arbitre_match VALUES ('150', 'Portugal', 'Egypt', 'Assistant', '2014-06-12');
INSERT INTO arbitre_match VALUES ('190', 'Portugal', 'Egypt', 'Assistant', '2014-06-12');
INSERT INTO arbitre_match VALUES ('220', 'Portugal', 'Egypt', 'Assistant', '2014-06-12');

 -- Match -- 

INSERT INTO match_foot VALUES ('2014-06-12', 'Autriche', 'Grece', 'Semi-finale', '3', '0', '5', 'Grandios Stadium', 'Hadderfoo');

 -- Arbitre du Match -- 

INSERT INTO arbitre_match VALUES ('70', 'Autriche', 'Grece', 'Principal', '2014-06-12');
INSERT INTO arbitre_match VALUES ('140', 'Autriche', 'Grece', 'Assistant', '2014-06-12');

 -- Sanction du match -- 

INSERT INTO sanction (joueur_id, arbitre_id, nation_equipe_1, nation_equipe_2, match_date, couleur) VALUES ('93', '140', 'Autriche', 'Grece', '2014-06-12', 'Rouge');
INSERT INTO arbitre_match VALUES ('160', 'Autriche', 'Grece', 'Assistant', '2014-06-12');

 -- Sanction du match -- 

INSERT INTO sanction (joueur_id, arbitre_id, nation_equipe_1, nation_equipe_2, match_date, couleur) VALUES ('92', '160', 'Autriche', 'Grece', '2014-06-12', 'Jaune');
INSERT INTO arbitre_match VALUES ('230', 'Autriche', 'Grece', 'Assistant', '2014-06-12');

 -- Match -- 

INSERT INTO match_foot VALUES ('2014-06-12', 'Yougoslavie', 'Qatar', 'Ronde de 16', '2', '3', '5', 'Grandios Stadium', 'Hadderfoo');

 -- Arbitre du Match -- 

INSERT INTO arbitre_match VALUES ('80', 'Yougoslavie', 'Qatar', 'Principal', '2014-06-12');
INSERT INTO arbitre_match VALUES ('120', 'Yougoslavie', 'Qatar', 'Assistant', '2014-06-12');
INSERT INTO arbitre_match VALUES ('160', 'Yougoslavie', 'Qatar', 'Assistant', '2014-06-12');

 -- Sanction du match -- 

INSERT INTO sanction (joueur_id, arbitre_id, nation_equipe_1, nation_equipe_2, match_date, couleur) VALUES ('104', '160', 'Yougoslavie', 'Qatar', '2014-06-12', 'Jaune');

 -- Sanction du match -- 

INSERT INTO sanction (joueur_id, arbitre_id, nation_equipe_1, nation_equipe_2, match_date, couleur) VALUES ('106', '160', 'Yougoslavie', 'Qatar', '2014-06-12', 'Rouge');
INSERT INTO arbitre_match VALUES ('230', 'Yougoslavie', 'Qatar', 'Assistant', '2014-06-12');


  -- Coupe Du Monde  --- 
INSERT INTO coupe_du_monde VALUES ('6', '2018-06-14', '2018-07-15');
INSERT INTO pays_coupe VALUES ('Suisse', '6');


 -- EQUIPE  + Association-- 

INSERT INTO equipe_foot VALUES ('Uruguay', '6', '7', '29');
INSERT INTO collaborateur_equipe VALUES ('8', 'Uruguay', '6');
INSERT INTO collaborateur_equipe VALUES ('9', 'Uruguay', '6');
INSERT INTO joueur_equipe VALUES ('1', 'Uruguay', '6', 'Avant-centre', '1', 'Manchester United F.C.');
INSERT INTO joueur_equipe VALUES ('2', 'Uruguay', '6', 'Arriere latéral', '8', 'Brazil nationnal');
INSERT INTO joueur_equipe VALUES ('3', 'Uruguay', '6', 'Millieu defensif', '18', 'FC Bayern');
INSERT INTO joueur_equipe VALUES ('4', 'Uruguay', '6', 'Millieu offensif', '29', 'Chelsea F.C.');
INSERT INTO joueur_equipe VALUES ('5', 'Uruguay', '6', 'Gardien de but', '29', 'Arsenal F.C.');
INSERT INTO joueur_equipe VALUES ('6', 'Uruguay', '6', 'Attaquant de pointe', '33', 'F.C. Barcelona');

 -- EQUIPE  + Association-- 

INSERT INTO equipe_foot VALUES ('Italie', '6', '17', '30');
INSERT INTO collaborateur_equipe VALUES ('18', 'Italie', '6');
INSERT INTO collaborateur_equipe VALUES ('19', 'Italie', '6');
INSERT INTO joueur_equipe VALUES ('11', 'Italie', '6', 'Avant-centre', '1', 'Brazil nationnal');
INSERT INTO joueur_equipe VALUES ('12', 'Italie', '6', 'Arriere latéral', '10', 'F.C. Barcelona');
INSERT INTO joueur_equipe VALUES ('13', 'Italie', '6', 'Millieu defensif', '20', 'F.C. Barcelona');
INSERT INTO joueur_equipe VALUES ('14', 'Italie', '6', 'Millieu offensif', '21', 'FC Bayern');
INSERT INTO joueur_equipe VALUES ('15', 'Italie', '6', 'Gardien de but', '40', 'Manchester United F.C.');
INSERT INTO joueur_equipe VALUES ('16', 'Italie', '6', 'Attaquant de pointe', '31', 'Arsenal F.C.');

 -- EQUIPE  + Association-- 

INSERT INTO equipe_foot VALUES ('France', '6', '27', '25');
INSERT INTO collaborateur_equipe VALUES ('28', 'France', '6');
INSERT INTO collaborateur_equipe VALUES ('29', 'France', '6');
INSERT INTO joueur_equipe VALUES ('21', 'France', '6', 'Avant-centre', '0', 'Olympique Lyonnais');
INSERT INTO joueur_equipe VALUES ('22', 'France', '6', 'Arriere latéral', '10', 'Manchester United F.C.');
INSERT INTO joueur_equipe VALUES ('23', 'France', '6', 'Millieu defensif', '17', 'Olympique Lyonnais');
INSERT INTO joueur_equipe VALUES ('24', 'France', '6', 'Millieu offensif', '27', 'FC Bayern');
INSERT INTO joueur_equipe VALUES ('25', 'France', '6', 'Gardien de but', '28', 'France National');
INSERT INTO joueur_equipe VALUES ('26', 'France', '6', 'Attaquant de pointe', '39', 'Real Madrid');

 -- EQUIPE  + Association-- 

INSERT INTO equipe_foot VALUES ('Canada', '6', '37', '6');
INSERT INTO collaborateur_equipe VALUES ('38', 'Canada', '6');
INSERT INTO collaborateur_equipe VALUES ('39', 'Canada', '6');
INSERT INTO joueur_equipe VALUES ('31', 'Canada', '6', 'Avant-centre', '1', 'France National');
INSERT INTO joueur_equipe VALUES ('32', 'Canada', '6', 'Arriere latéral', '6', 'Brazil nationnal');
INSERT INTO joueur_equipe VALUES ('33', 'Canada', '6', 'Millieu defensif', '14', 'F.C. Barcelona');
INSERT INTO joueur_equipe VALUES ('34', 'Canada', '6', 'Millieu offensif', '29', 'Chelsea F.C.');
INSERT INTO joueur_equipe VALUES ('35', 'Canada', '6', 'Gardien de but', '32', 'FC Bayern');
INSERT INTO joueur_equipe VALUES ('36', 'Canada', '6', 'Attaquant de pointe', '36', 'Spain N.F.C.');

 -- EQUIPE  + Association-- 

INSERT INTO equipe_foot VALUES ('Bresil', '6', '47', '13');
INSERT INTO collaborateur_equipe VALUES ('48', 'Bresil', '6');
INSERT INTO collaborateur_equipe VALUES ('49', 'Bresil', '6');
INSERT INTO joueur_equipe VALUES ('41', 'Bresil', '6', 'Avant-centre', '0', 'FC Bayern');
INSERT INTO joueur_equipe VALUES ('42', 'Bresil', '6', 'Arriere latéral', '11', 'AS Monaco');
INSERT INTO joueur_equipe VALUES ('43', 'Bresil', '6', 'Millieu defensif', '14', 'AS Monaco');
INSERT INTO joueur_equipe VALUES ('44', 'Bresil', '6', 'Millieu offensif', '24', 'Real Madrid');
INSERT INTO joueur_equipe VALUES ('45', 'Bresil', '6', 'Gardien de but', '31', 'FC Bayern');
INSERT INTO joueur_equipe VALUES ('46', 'Bresil', '6', 'Attaquant de pointe', '50', 'Manchester United F.C.');

 -- EQUIPE  + Association-- 

INSERT INTO equipe_foot VALUES ('Suisse', '6', '57', '2');
INSERT INTO collaborateur_equipe VALUES ('58', 'Suisse', '6');
INSERT INTO collaborateur_equipe VALUES ('59', 'Suisse', '6');
INSERT INTO joueur_equipe VALUES ('51', 'Suisse', '6', 'Avant-centre', '1', 'Olympique Lyonnais');
INSERT INTO joueur_equipe VALUES ('52', 'Suisse', '6', 'Arriere latéral', '10', 'Real Madrid');
INSERT INTO joueur_equipe VALUES ('53', 'Suisse', '6', 'Millieu defensif', '13', 'Spain N.F.C.');
INSERT INTO joueur_equipe VALUES ('54', 'Suisse', '6', 'Millieu offensif', '29', 'Spain N.F.C.');
INSERT INTO joueur_equipe VALUES ('55', 'Suisse', '6', 'Gardien de but', '35', 'AS Monaco');
INSERT INTO joueur_equipe VALUES ('56', 'Suisse', '6', 'Attaquant de pointe', '50', 'Brazil nationnal');

 -- EQUIPE  + Association-- 

INSERT INTO equipe_foot VALUES ('Suede', '6', '67', '19');
INSERT INTO collaborateur_equipe VALUES ('68', 'Suede', '6');
INSERT INTO collaborateur_equipe VALUES ('69', 'Suede', '6');
INSERT INTO joueur_equipe VALUES ('61', 'Suede', '6', 'Avant-centre', '0', 'AS Monaco');
INSERT INTO joueur_equipe VALUES ('62', 'Suede', '6', 'Arriere latéral', '8', 'Real Madrid');
INSERT INTO joueur_equipe VALUES ('63', 'Suede', '6', 'Millieu defensif', '19', 'Liverpool F.C.');
INSERT INTO joueur_equipe VALUES ('64', 'Suede', '6', 'Millieu offensif', '26', 'Chelsea F.C.');
INSERT INTO joueur_equipe VALUES ('65', 'Suede', '6', 'Gardien de but', '32', 'Olympique Lyonnais');
INSERT INTO joueur_equipe VALUES ('66', 'Suede', '6', 'Attaquant de pointe', '40', 'France National');

 -- EQUIPE  + Association-- 

INSERT INTO equipe_foot VALUES ('Chili', '6', '77', '3');
INSERT INTO collaborateur_equipe VALUES ('78', 'Chili', '6');
INSERT INTO collaborateur_equipe VALUES ('79', 'Chili', '6');
INSERT INTO joueur_equipe VALUES ('71', 'Chili', '6', 'Avant-centre', '1', 'F.C. Barcelona');
INSERT INTO joueur_equipe VALUES ('72', 'Chili', '6', 'Arriere latéral', '10', 'Liverpool F.C.');
INSERT INTO joueur_equipe VALUES ('73', 'Chili', '6', 'Millieu defensif', '20', 'Manchester United F.C.');
INSERT INTO joueur_equipe VALUES ('74', 'Chili', '6', 'Millieu offensif', '25', 'Spain N.F.C.');
INSERT INTO joueur_equipe VALUES ('75', 'Chili', '6', 'Gardien de but', '26', 'France National');
INSERT INTO joueur_equipe VALUES ('76', 'Chili', '6', 'Attaquant de pointe', '34', 'Chelsea F.C.');

 -- EQUIPE  + Association-- 

INSERT INTO equipe_foot VALUES ('Angleterre', '6', '87', '10');
INSERT INTO collaborateur_equipe VALUES ('88', 'Angleterre', '6');
INSERT INTO collaborateur_equipe VALUES ('89', 'Angleterre', '6');
INSERT INTO joueur_equipe VALUES ('81', 'Angleterre', '6', 'Avant-centre', '0', 'Real Madrid');
INSERT INTO joueur_equipe VALUES ('82', 'Angleterre', '6', 'Arriere latéral', '10', 'Real Madrid');
INSERT INTO joueur_equipe VALUES ('83', 'Angleterre', '6', 'Millieu defensif', '14', 'Spain N.F.C.');
INSERT INTO joueur_equipe VALUES ('84', 'Angleterre', '6', 'Millieu offensif', '27', 'FC Bayern');
INSERT INTO joueur_equipe VALUES ('85', 'Angleterre', '6', 'Gardien de but', '24', 'Liverpool F.C.');
INSERT INTO joueur_equipe VALUES ('86', 'Angleterre', '6', 'Attaquant de pointe', '44', 'Manchester United F.C.');

 -- EQUIPE  + Association-- 

INSERT INTO equipe_foot VALUES ('Mexique', '6', '97', '28');
INSERT INTO collaborateur_equipe VALUES ('98', 'Mexique', '6');
INSERT INTO collaborateur_equipe VALUES ('99', 'Mexique', '6');
INSERT INTO joueur_equipe VALUES ('91', 'Mexique', '6', 'Avant-centre', '0', 'Chelsea F.C.');
INSERT INTO joueur_equipe VALUES ('92', 'Mexique', '6', 'Arriere latéral', '6', 'Olympique Lyonnais');
INSERT INTO joueur_equipe VALUES ('93', 'Mexique', '6', 'Millieu defensif', '12', 'Real Madrid');
INSERT INTO joueur_equipe VALUES ('94', 'Mexique', '6', 'Millieu offensif', '19', 'F.C. Barcelona');
INSERT INTO joueur_equipe VALUES ('95', 'Mexique', '6', 'Gardien de but', '31', 'AS Monaco');
INSERT INTO joueur_equipe VALUES ('96', 'Mexique', '6', 'Attaquant de pointe', '43', 'AS Monaco');

 -- EQUIPE  + Association-- 

INSERT INTO equipe_foot VALUES ('Allemagne', '6', '107', '14');
INSERT INTO collaborateur_equipe VALUES ('108', 'Allemagne', '6');
INSERT INTO collaborateur_equipe VALUES ('109', 'Allemagne', '6');
INSERT INTO joueur_equipe VALUES ('101', 'Allemagne', '6', 'Avant-centre', '0', 'France National');
INSERT INTO joueur_equipe VALUES ('102', 'Allemagne', '6', 'Arriere latéral', '11', 'France National');
INSERT INTO joueur_equipe VALUES ('103', 'Allemagne', '6', 'Millieu defensif', '16', 'Arsenal F.C.');
INSERT INTO joueur_equipe VALUES ('104', 'Allemagne', '6', 'Millieu offensif', '25', 'Manchester United F.C.');
INSERT INTO joueur_equipe VALUES ('105', 'Allemagne', '6', 'Gardien de but', '34', 'Arsenal F.C.');
INSERT INTO joueur_equipe VALUES ('106', 'Allemagne', '6', 'Attaquant de pointe', '41', 'FC Bayern');

 -- EQUIPE  + Association-- 

INSERT INTO equipe_foot VALUES ('Portugal', '6', '117', '8');
INSERT INTO collaborateur_equipe VALUES ('118', 'Portugal', '6');
INSERT INTO collaborateur_equipe VALUES ('119', 'Portugal', '6');
INSERT INTO joueur_equipe VALUES ('111', 'Portugal', '6', 'Avant-centre', '0', 'Spain N.F.C.');
INSERT INTO joueur_equipe VALUES ('112', 'Portugal', '6', 'Arriere latéral', '11', 'Chelsea F.C.');
INSERT INTO joueur_equipe VALUES ('113', 'Portugal', '6', 'Millieu defensif', '21', 'AS Monaco');
INSERT INTO joueur_equipe VALUES ('114', 'Portugal', '6', 'Millieu offensif', '30', 'Real Madrid');
INSERT INTO joueur_equipe VALUES ('115', 'Portugal', '6', 'Gardien de but', '30', 'F.C. Barcelona');
INSERT INTO joueur_equipe VALUES ('116', 'Portugal', '6', 'Attaquant de pointe', '48', 'Chelsea F.C.');

 -- EQUIPE  + Association-- 

INSERT INTO equipe_foot VALUES ('Autriche', '6', '127', '21');
INSERT INTO collaborateur_equipe VALUES ('128', 'Autriche', '6');
INSERT INTO collaborateur_equipe VALUES ('129', 'Autriche', '6');
INSERT INTO joueur_equipe VALUES ('121', 'Autriche', '6', 'Avant-centre', '1', 'AS Monaco');
INSERT INTO joueur_equipe VALUES ('122', 'Autriche', '6', 'Arriere latéral', '11', 'Chelsea F.C.');
INSERT INTO joueur_equipe VALUES ('123', 'Autriche', '6', 'Millieu defensif', '14', 'FC Bayern');
INSERT INTO joueur_equipe VALUES ('124', 'Autriche', '6', 'Millieu offensif', '18', 'Spain N.F.C.');
INSERT INTO joueur_equipe VALUES ('125', 'Autriche', '6', 'Gardien de but', '39', 'Real Madrid');
INSERT INTO joueur_equipe VALUES ('126', 'Autriche', '6', 'Attaquant de pointe', '38', 'Arsenal F.C.');

 -- EQUIPE  + Association-- 

INSERT INTO equipe_foot VALUES ('Yougoslavie', '6', '137', '22');
INSERT INTO collaborateur_equipe VALUES ('138', 'Yougoslavie', '6');
INSERT INTO collaborateur_equipe VALUES ('139', 'Yougoslavie', '6');
INSERT INTO joueur_equipe VALUES ('131', 'Yougoslavie', '6', 'Avant-centre', '1', 'Arsenal F.C.');
INSERT INTO joueur_equipe VALUES ('132', 'Yougoslavie', '6', 'Arriere latéral', '8', 'Arsenal F.C.');
INSERT INTO joueur_equipe VALUES ('133', 'Yougoslavie', '6', 'Millieu defensif', '15', 'Spain N.F.C.');
INSERT INTO joueur_equipe VALUES ('134', 'Yougoslavie', '6', 'Millieu offensif', '20', 'Liverpool F.C.');
INSERT INTO joueur_equipe VALUES ('135', 'Yougoslavie', '6', 'Gardien de but', '38', 'FC Bayern');
INSERT INTO joueur_equipe VALUES ('136', 'Yougoslavie', '6', 'Attaquant de pointe', '41', 'Spain N.F.C.');

 -- EQUIPE  + Association-- 

INSERT INTO equipe_foot VALUES ('Union sovietique', '6', '147', '7');
INSERT INTO collaborateur_equipe VALUES ('148', 'Union sovietique', '6');
INSERT INTO collaborateur_equipe VALUES ('149', 'Union sovietique', '6');
INSERT INTO joueur_equipe VALUES ('141', 'Union sovietique', '6', 'Avant-centre', '0', 'Liverpool F.C.');
INSERT INTO joueur_equipe VALUES ('142', 'Union sovietique', '6', 'Arriere latéral', '7', 'Olympique Lyonnais');
INSERT INTO joueur_equipe VALUES ('143', 'Union sovietique', '6', 'Millieu defensif', '17', 'F.C. Barcelona');
INSERT INTO joueur_equipe VALUES ('144', 'Union sovietique', '6', 'Millieu offensif', '24', 'Spain N.F.C.');
INSERT INTO joueur_equipe VALUES ('145', 'Union sovietique', '6', 'Gardien de but', '34', 'Brazil nationnal');
INSERT INTO joueur_equipe VALUES ('146', 'Union sovietique', '6', 'Attaquant de pointe', '44', 'Real Madrid');

 -- EQUIPE  + Association-- 

INSERT INTO equipe_foot VALUES ('Tchecoslovaquie', '6', '157', '17');
INSERT INTO collaborateur_equipe VALUES ('158', 'Tchecoslovaquie', '6');
INSERT INTO collaborateur_equipe VALUES ('159', 'Tchecoslovaquie', '6');
INSERT INTO joueur_equipe VALUES ('151', 'Tchecoslovaquie', '6', 'Avant-centre', '0', 'Brazil nationnal');
INSERT INTO joueur_equipe VALUES ('152', 'Tchecoslovaquie', '6', 'Arriere latéral', '9', 'AS Monaco');
INSERT INTO joueur_equipe VALUES ('153', 'Tchecoslovaquie', '6', 'Millieu defensif', '14', 'AS Monaco');
INSERT INTO joueur_equipe VALUES ('154', 'Tchecoslovaquie', '6', 'Millieu offensif', '30', 'Chelsea F.C.');
INSERT INTO joueur_equipe VALUES ('155', 'Tchecoslovaquie', '6', 'Gardien de but', '38', 'France National');
INSERT INTO joueur_equipe VALUES ('156', 'Tchecoslovaquie', '6', 'Attaquant de pointe', '35', 'FC Bayern');

 -- EQUIPE  + Association-- 

INSERT INTO equipe_foot VALUES ('Pologne', '6', '167', '16');
INSERT INTO collaborateur_equipe VALUES ('168', 'Pologne', '6');
INSERT INTO collaborateur_equipe VALUES ('169', 'Pologne', '6');
INSERT INTO joueur_equipe VALUES ('161', 'Pologne', '6', 'Avant-centre', '0', 'Arsenal F.C.');
INSERT INTO joueur_equipe VALUES ('162', 'Pologne', '6', 'Arriere latéral', '8', 'F.C. Barcelona');
INSERT INTO joueur_equipe VALUES ('163', 'Pologne', '6', 'Millieu defensif', '19', 'Olympique Lyonnais');
INSERT INTO joueur_equipe VALUES ('164', 'Pologne', '6', 'Millieu offensif', '22', 'Brazil nationnal');
INSERT INTO joueur_equipe VALUES ('165', 'Pologne', '6', 'Gardien de but', '32', 'Real Madrid');
INSERT INTO joueur_equipe VALUES ('166', 'Pologne', '6', 'Attaquant de pointe', '47', 'Arsenal F.C.');

 -- EQUIPE  + Association-- 

INSERT INTO equipe_foot VALUES ('Argentine', '6', '177', '11');
INSERT INTO collaborateur_equipe VALUES ('178', 'Argentine', '6');
INSERT INTO collaborateur_equipe VALUES ('179', 'Argentine', '6');
INSERT INTO joueur_equipe VALUES ('171', 'Argentine', '6', 'Avant-centre', '1', 'FC Bayern');
INSERT INTO joueur_equipe VALUES ('172', 'Argentine', '6', 'Arriere latéral', '8', 'Arsenal F.C.');
INSERT INTO joueur_equipe VALUES ('173', 'Argentine', '6', 'Millieu defensif', '21', 'AS Monaco');
INSERT INTO joueur_equipe VALUES ('174', 'Argentine', '6', 'Millieu offensif', '30', 'Real Madrid');
INSERT INTO joueur_equipe VALUES ('175', 'Argentine', '6', 'Gardien de but', '28', 'Brazil nationnal');
INSERT INTO joueur_equipe VALUES ('176', 'Argentine', '6', 'Attaquant de pointe', '38', 'Chelsea F.C.');

 -- EQUIPE  + Association-- 

INSERT INTO equipe_foot VALUES ('Belgique', '6', '187', '12');
INSERT INTO collaborateur_equipe VALUES ('188', 'Belgique', '6');
INSERT INTO collaborateur_equipe VALUES ('189', 'Belgique', '6');
INSERT INTO joueur_equipe VALUES ('181', 'Belgique', '6', 'Avant-centre', '1', 'Manchester United F.C.');
INSERT INTO joueur_equipe VALUES ('182', 'Belgique', '6', 'Arriere latéral', '11', 'Brazil nationnal');
INSERT INTO joueur_equipe VALUES ('183', 'Belgique', '6', 'Millieu defensif', '21', 'FC Bayern');
INSERT INTO joueur_equipe VALUES ('184', 'Belgique', '6', 'Millieu offensif', '18', 'Liverpool F.C.');
INSERT INTO joueur_equipe VALUES ('185', 'Belgique', '6', 'Gardien de but', '28', 'Real Madrid');
INSERT INTO joueur_equipe VALUES ('186', 'Belgique', '6', 'Attaquant de pointe', '32', 'Brazil nationnal');

 -- EQUIPE  + Association-- 

INSERT INTO equipe_foot VALUES ('Croatie', '6', '197', '23');
INSERT INTO collaborateur_equipe VALUES ('198', 'Croatie', '6');
INSERT INTO collaborateur_equipe VALUES ('199', 'Croatie', '6');
INSERT INTO joueur_equipe VALUES ('191', 'Croatie', '6', 'Avant-centre', '1', 'Manchester United F.C.');
INSERT INTO joueur_equipe VALUES ('192', 'Croatie', '6', 'Arriere latéral', '9', 'Spain N.F.C.');
INSERT INTO joueur_equipe VALUES ('193', 'Croatie', '6', 'Millieu defensif', '17', 'Chelsea F.C.');
INSERT INTO joueur_equipe VALUES ('194', 'Croatie', '6', 'Millieu offensif', '21', 'Spain N.F.C.');
INSERT INTO joueur_equipe VALUES ('195', 'Croatie', '6', 'Gardien de but', '25', 'France National');
INSERT INTO joueur_equipe VALUES ('196', 'Croatie', '6', 'Attaquant de pointe', '48', 'Manchester United F.C.');

 -- EQUIPE  + Association-- 

INSERT INTO equipe_foot VALUES ('Pays-Bas', '6', '207', '4');
INSERT INTO collaborateur_equipe VALUES ('208', 'Pays-Bas', '6');
INSERT INTO collaborateur_equipe VALUES ('209', 'Pays-Bas', '6');
INSERT INTO joueur_equipe VALUES ('201', 'Pays-Bas', '6', 'Avant-centre', '0', 'F.C. Barcelona');
INSERT INTO joueur_equipe VALUES ('202', 'Pays-Bas', '6', 'Arriere latéral', '9', 'FC Bayern');
INSERT INTO joueur_equipe VALUES ('203', 'Pays-Bas', '6', 'Millieu defensif', '20', 'Manchester United F.C.');
INSERT INTO joueur_equipe VALUES ('204', 'Pays-Bas', '6', 'Millieu offensif', '18', 'F.C. Barcelona');
INSERT INTO joueur_equipe VALUES ('205', 'Pays-Bas', '6', 'Gardien de but', '37', 'Liverpool F.C.');
INSERT INTO joueur_equipe VALUES ('206', 'Pays-Bas', '6', 'Attaquant de pointe', '40', 'Arsenal F.C.');

 -- EQUIPE  + Association-- 

INSERT INTO equipe_foot VALUES ('Coree du Sud', '6', '217', '1');
INSERT INTO collaborateur_equipe VALUES ('218', 'Coree du Sud', '6');
INSERT INTO collaborateur_equipe VALUES ('219', 'Coree du Sud', '6');
INSERT INTO joueur_equipe VALUES ('211', 'Coree du Sud', '6', 'Avant-centre', '0', 'AS Monaco');
INSERT INTO joueur_equipe VALUES ('212', 'Coree du Sud', '6', 'Arriere latéral', '6', 'Spain N.F.C.');
INSERT INTO joueur_equipe VALUES ('213', 'Coree du Sud', '6', 'Millieu defensif', '19', 'Spain N.F.C.');
INSERT INTO joueur_equipe VALUES ('214', 'Coree du Sud', '6', 'Millieu offensif', '23', 'Chelsea F.C.');
INSERT INTO joueur_equipe VALUES ('215', 'Coree du Sud', '6', 'Gardien de but', '40', 'Real Madrid');
INSERT INTO joueur_equipe VALUES ('216', 'Coree du Sud', '6', 'Attaquant de pointe', '46', 'Arsenal F.C.');

 -- EQUIPE  + Association-- 

INSERT INTO equipe_foot VALUES ('Japon', '6', '227', '15');
INSERT INTO collaborateur_equipe VALUES ('228', 'Japon', '6');
INSERT INTO collaborateur_equipe VALUES ('229', 'Japon', '6');
INSERT INTO joueur_equipe VALUES ('221', 'Japon', '6', 'Avant-centre', '0', 'FC Bayern');
INSERT INTO joueur_equipe VALUES ('222', 'Japon', '6', 'Arriere latéral', '7', 'F.C. Barcelona');
INSERT INTO joueur_equipe VALUES ('223', 'Japon', '6', 'Millieu defensif', '12', 'FC Bayern');
INSERT INTO joueur_equipe VALUES ('224', 'Japon', '6', 'Millieu offensif', '19', 'Spain N.F.C.');
INSERT INTO joueur_equipe VALUES ('225', 'Japon', '6', 'Gardien de but', '36', 'F.C. Barcelona');
INSERT INTO joueur_equipe VALUES ('226', 'Japon', '6', 'Attaquant de pointe', '49', 'Liverpool F.C.');

 -- EQUIPE  + Association-- 

INSERT INTO equipe_foot VALUES ('Russie', '6', '237', '5');
INSERT INTO collaborateur_equipe VALUES ('238', 'Russie', '6');
INSERT INTO collaborateur_equipe VALUES ('239', 'Russie', '6');
INSERT INTO joueur_equipe VALUES ('231', 'Russie', '6', 'Avant-centre', '1', 'Liverpool F.C.');
INSERT INTO joueur_equipe VALUES ('232', 'Russie', '6', 'Arriere latéral', '6', 'Olympique Lyonnais');
INSERT INTO joueur_equipe VALUES ('233', 'Russie', '6', 'Millieu defensif', '15', 'AS Monaco');
INSERT INTO joueur_equipe VALUES ('234', 'Russie', '6', 'Millieu offensif', '24', 'Manchester United F.C.');
INSERT INTO joueur_equipe VALUES ('235', 'Russie', '6', 'Gardien de but', '26', 'Chelsea F.C.');
INSERT INTO joueur_equipe VALUES ('236', 'Russie', '6', 'Attaquant de pointe', '38', 'Liverpool F.C.');

 -- EQUIPE  + Association-- 

INSERT INTO equipe_foot VALUES ('Maroque', '6', '247', '26');
INSERT INTO collaborateur_equipe VALUES ('248', 'Maroque', '6');
INSERT INTO collaborateur_equipe VALUES ('249', 'Maroque', '6');
INSERT INTO joueur_equipe VALUES ('241', 'Maroque', '6', 'Avant-centre', '0', 'AS Monaco');
INSERT INTO joueur_equipe VALUES ('242', 'Maroque', '6', 'Arriere latéral', '8', 'Chelsea F.C.');
INSERT INTO joueur_equipe VALUES ('243', 'Maroque', '6', 'Millieu defensif', '15', 'Manchester United F.C.');
INSERT INTO joueur_equipe VALUES ('244', 'Maroque', '6', 'Millieu offensif', '31', 'Real Madrid');
INSERT INTO joueur_equipe VALUES ('245', 'Maroque', '6', 'Gardien de but', '41', 'Manchester United F.C.');
INSERT INTO joueur_equipe VALUES ('246', 'Maroque', '6', 'Attaquant de pointe', '38', 'Chelsea F.C.');

 -- EQUIPE  + Association-- 

INSERT INTO equipe_foot VALUES ('Egypt', '6', '257', '27');
INSERT INTO collaborateur_equipe VALUES ('258', 'Egypt', '6');
INSERT INTO collaborateur_equipe VALUES ('259', 'Egypt', '6');
INSERT INTO joueur_equipe VALUES ('251', 'Egypt', '6', 'Avant-centre', '0', 'Olympique Lyonnais');
INSERT INTO joueur_equipe VALUES ('252', 'Egypt', '6', 'Arriere latéral', '8', 'Spain N.F.C.');
INSERT INTO joueur_equipe VALUES ('253', 'Egypt', '6', 'Millieu defensif', '18', 'France National');
INSERT INTO joueur_equipe VALUES ('254', 'Egypt', '6', 'Millieu offensif', '30', 'France National');
INSERT INTO joueur_equipe VALUES ('255', 'Egypt', '6', 'Gardien de but', '33', 'AS Monaco');
INSERT INTO joueur_equipe VALUES ('256', 'Egypt', '6', 'Attaquant de pointe', '42', 'Chelsea F.C.');

 -- EQUIPE  + Association-- 

INSERT INTO equipe_foot VALUES ('Grece', '6', '267', '18');
INSERT INTO collaborateur_equipe VALUES ('268', 'Grece', '6');
INSERT INTO collaborateur_equipe VALUES ('269', 'Grece', '6');
INSERT INTO joueur_equipe VALUES ('261', 'Grece', '6', 'Avant-centre', '1', 'FC Bayern');
INSERT INTO joueur_equipe VALUES ('262', 'Grece', '6', 'Arriere latéral', '8', 'Arsenal F.C.');
INSERT INTO joueur_equipe VALUES ('263', 'Grece', '6', 'Millieu defensif', '19', 'AS Monaco');
INSERT INTO joueur_equipe VALUES ('264', 'Grece', '6', 'Millieu offensif', '28', 'FC Bayern');
INSERT INTO joueur_equipe VALUES ('265', 'Grece', '6', 'Gardien de but', '38', 'Spain N.F.C.');
INSERT INTO joueur_equipe VALUES ('266', 'Grece', '6', 'Attaquant de pointe', '41', 'Manchester United F.C.');

 -- EQUIPE  + Association-- 

INSERT INTO equipe_foot VALUES ('Qatar', '6', '277', '24');
INSERT INTO collaborateur_equipe VALUES ('278', 'Qatar', '6');
INSERT INTO collaborateur_equipe VALUES ('279', 'Qatar', '6');
INSERT INTO joueur_equipe VALUES ('271', 'Qatar', '6', 'Avant-centre', '0', 'Manchester United F.C.');
INSERT INTO joueur_equipe VALUES ('272', 'Qatar', '6', 'Arriere latéral', '7', 'Arsenal F.C.');
INSERT INTO joueur_equipe VALUES ('273', 'Qatar', '6', 'Millieu defensif', '18', 'F.C. Barcelona');
INSERT INTO joueur_equipe VALUES ('274', 'Qatar', '6', 'Millieu offensif', '21', 'FC Bayern');
INSERT INTO joueur_equipe VALUES ('275', 'Qatar', '6', 'Gardien de but', '35', 'Liverpool F.C.');
INSERT INTO joueur_equipe VALUES ('276', 'Qatar', '6', 'Attaquant de pointe', '49', 'France National');

 -- EQUIPE  + Association-- 

INSERT INTO equipe_foot VALUES ('Etats-Unis', '6', '287', '9');
INSERT INTO collaborateur_equipe VALUES ('288', 'Etats-Unis', '6');
INSERT INTO collaborateur_equipe VALUES ('289', 'Etats-Unis', '6');
INSERT INTO joueur_equipe VALUES ('281', 'Etats-Unis', '6', 'Avant-centre', '0', 'F.C. Barcelona');
INSERT INTO joueur_equipe VALUES ('282', 'Etats-Unis', '6', 'Arriere latéral', '9', 'F.C. Barcelona');
INSERT INTO joueur_equipe VALUES ('283', 'Etats-Unis', '6', 'Millieu defensif', '21', 'Real Madrid');
INSERT INTO joueur_equipe VALUES ('284', 'Etats-Unis', '6', 'Millieu offensif', '21', 'FC Bayern');
INSERT INTO joueur_equipe VALUES ('285', 'Etats-Unis', '6', 'Gardien de but', '36', 'Liverpool F.C.');
INSERT INTO joueur_equipe VALUES ('286', 'Etats-Unis', '6', 'Attaquant de pointe', '31', 'Manchester United F.C.');

 -- EQUIPE  + Association-- 

INSERT INTO equipe_foot VALUES ('Turquie', '6', '297', '20');
INSERT INTO collaborateur_equipe VALUES ('298', 'Turquie', '6');
INSERT INTO collaborateur_equipe VALUES ('299', 'Turquie', '6');
INSERT INTO joueur_equipe VALUES ('291', 'Turquie', '6', 'Avant-centre', '0', 'Real Madrid');
INSERT INTO joueur_equipe VALUES ('292', 'Turquie', '6', 'Arriere latéral', '8', 'Real Madrid');
INSERT INTO joueur_equipe VALUES ('293', 'Turquie', '6', 'Millieu defensif', '12', 'AS Monaco');
INSERT INTO joueur_equipe VALUES ('294', 'Turquie', '6', 'Millieu offensif', '28', 'Manchester United F.C.');
INSERT INTO joueur_equipe VALUES ('295', 'Turquie', '6', 'Gardien de but', '39', 'Arsenal F.C.');
INSERT INTO joueur_equipe VALUES ('296', 'Turquie', '6', 'Attaquant de pointe', '48', 'Arsenal F.C.');

 -- Stade -- 
INSERT INTO stade VALUES ('Cookie Center', 'Sier', '44000', 'Suisse', '1651');

 -- Match -- 

INSERT INTO match_foot VALUES ('2018-06-14', 'Suisse', 'Pays-Bas', 'Semi-finale', '0', '1', '6', 'Cookie Center', 'Sier');

 -- Arbitre du Match -- 

INSERT INTO arbitre_match VALUES ('90', 'Suisse', 'Pays-Bas', 'Principal', '2018-06-14');
INSERT INTO arbitre_match VALUES ('150', 'Suisse', 'Pays-Bas', 'Assistant', '2018-06-14');
INSERT INTO arbitre_match VALUES ('200', 'Suisse', 'Pays-Bas', 'Assistant', '2018-06-14');
INSERT INTO arbitre_match VALUES ('210', 'Suisse', 'Pays-Bas', 'Assistant', '2018-06-14');

 -- Match -- 

INSERT INTO match_foot VALUES ('2018-06-14', 'Suede', 'Coree du Sud', 'Semi-finale', '0', '1', '6', 'Cookie Center', 'Sier');

 -- Arbitre du Match -- 

INSERT INTO arbitre_match VALUES ('100', 'Suede', 'Coree du Sud', 'Principal', '2018-06-14');

 -- Sanction du match -- 

INSERT INTO sanction (joueur_id, arbitre_id, nation_equipe_1, nation_equipe_2, match_date, couleur) VALUES ('23', '100', 'Suede', 'Coree du Sud', '2018-06-14', 'Jaune');

 -- Sanction du match -- 

INSERT INTO sanction (joueur_id, arbitre_id, nation_equipe_1, nation_equipe_2, match_date, couleur) VALUES ('25', '100', 'Suede', 'Coree du Sud', '2018-06-14', 'Rouge');
INSERT INTO arbitre_match VALUES ('110', 'Suede', 'Coree du Sud', 'Assistant', '2018-06-14');
INSERT INTO arbitre_match VALUES ('180', 'Suede', 'Coree du Sud', 'Assistant', '2018-06-14');
INSERT INTO arbitre_match VALUES ('250', 'Suede', 'Coree du Sud', 'Assistant', '2018-06-14');

 -- Sanction du match -- 

INSERT INTO sanction (joueur_id, arbitre_id, nation_equipe_1, nation_equipe_2, match_date, couleur) VALUES ('24', '250', 'Suede', 'Coree du Sud', '2018-06-14', 'Jaune');

 -- Sanction du match -- 

INSERT INTO sanction (joueur_id, arbitre_id, nation_equipe_1, nation_equipe_2, match_date, couleur) VALUES ('25', '250', 'Suede', 'Coree du Sud', '2018-06-14', 'Rouge');

 -- Match -- 

INSERT INTO match_foot VALUES ('2018-06-14', 'Chili', 'Japon', 'Ronde de groupe', '5', '1', '6', 'Cookie Center', 'Sier');

 -- Arbitre du Match -- 

INSERT INTO arbitre_match VALUES ('90', 'Chili', 'Japon', 'Principal', '2018-06-14');

 -- Sanction du match -- 

INSERT INTO sanction (joueur_id, arbitre_id, nation_equipe_1, nation_equipe_2, match_date, couleur) VALUES ('34', '90', 'Chili', 'Japon', '2018-06-14', 'Rouge');

 -- Sanction du match -- 

INSERT INTO sanction (joueur_id, arbitre_id, nation_equipe_1, nation_equipe_2, match_date, couleur) VALUES ('31', '90', 'Chili', 'Japon', '2018-06-14', 'Rouge');
INSERT INTO arbitre_match VALUES ('110', 'Chili', 'Japon', 'Assistant', '2018-06-14');

 -- Sanction du match -- 

INSERT INTO sanction (joueur_id, arbitre_id, nation_equipe_1, nation_equipe_2, match_date, couleur) VALUES ('35', '110', 'Chili', 'Japon', '2018-06-14', 'Rouge');
INSERT INTO arbitre_match VALUES ('180', 'Chili', 'Japon', 'Assistant', '2018-06-14');

 -- Sanction du match -- 

INSERT INTO sanction (joueur_id, arbitre_id, nation_equipe_1, nation_equipe_2, match_date, couleur) VALUES ('36', '180', 'Chili', 'Japon', '2018-06-14', 'Jaune');

 -- Sanction du match -- 

INSERT INTO sanction (joueur_id, arbitre_id, nation_equipe_1, nation_equipe_2, match_date, couleur) VALUES ('35', '180', 'Chili', 'Japon', '2018-06-14', 'Jaune');
INSERT INTO arbitre_match VALUES ('250', 'Chili', 'Japon', 'Assistant', '2018-06-14');

 -- Match -- 

INSERT INTO match_foot VALUES ('2018-06-14', 'Angleterre', 'Russie', 'Finale', '2', '0', '6', 'Cookie Center', 'Sier');

 -- Arbitre du Match -- 

INSERT INTO arbitre_match VALUES ('90', 'Angleterre', 'Russie', 'Principal', '2018-06-14');
INSERT INTO arbitre_match VALUES ('130', 'Angleterre', 'Russie', 'Assistant', '2018-06-14');
INSERT INTO arbitre_match VALUES ('180', 'Angleterre', 'Russie', 'Assistant', '2018-06-14');
INSERT INTO arbitre_match VALUES ('220', 'Angleterre', 'Russie', 'Assistant', '2018-06-14');

 -- Sanction du match -- 

INSERT INTO sanction (joueur_id, arbitre_id, nation_equipe_1, nation_equipe_2, match_date, couleur) VALUES ('46', '220', 'Angleterre', 'Russie', '2018-06-14', 'Rouge');

 -- Match -- 

INSERT INTO match_foot VALUES ('2018-06-14', 'Mexique', 'Maroque', 'Ronde de groupe', '2', '3', '6', 'Cookie Center', 'Sier');

 -- Arbitre du Match -- 

INSERT INTO arbitre_match VALUES ('80', 'Mexique', 'Maroque', 'Principal', '2018-06-14');
INSERT INTO arbitre_match VALUES ('130', 'Mexique', 'Maroque', 'Assistant', '2018-06-14');
INSERT INTO arbitre_match VALUES ('190', 'Mexique', 'Maroque', 'Assistant', '2018-06-14');
INSERT INTO arbitre_match VALUES ('230', 'Mexique', 'Maroque', 'Assistant', '2018-06-14');

 -- Sanction du match -- 

INSERT INTO sanction (joueur_id, arbitre_id, nation_equipe_1, nation_equipe_2, match_date, couleur) VALUES ('51', '230', 'Mexique', 'Maroque', '2018-06-14', 'Jaune');

 -- Sanction du match -- 

INSERT INTO sanction (joueur_id, arbitre_id, nation_equipe_1, nation_equipe_2, match_date, couleur) VALUES ('52', '230', 'Mexique', 'Maroque', '2018-06-14', 'Rouge');

 -- Match -- 

INSERT INTO match_foot VALUES ('2018-06-14', 'Allemagne', 'Egypt', 'Quart de finale', '0', '3', '6', 'Cookie Center', 'Sier');

 -- Arbitre du Match -- 

INSERT INTO arbitre_match VALUES ('90', 'Allemagne', 'Egypt', 'Principal', '2018-06-14');
INSERT INTO arbitre_match VALUES ('120', 'Allemagne', 'Egypt', 'Assistant', '2018-06-14');

 -- Sanction du match -- 

INSERT INTO sanction (joueur_id, arbitre_id, nation_equipe_1, nation_equipe_2, match_date, couleur) VALUES ('64', '120', 'Allemagne', 'Egypt', '2018-06-14', 'Jaune');

 -- Sanction du match -- 

INSERT INTO sanction (joueur_id, arbitre_id, nation_equipe_1, nation_equipe_2, match_date, couleur) VALUES ('66', '120', 'Allemagne', 'Egypt', '2018-06-14', 'Jaune');
INSERT INTO arbitre_match VALUES ('200', 'Allemagne', 'Egypt', 'Assistant', '2018-06-14');

 -- Sanction du match -- 

INSERT INTO sanction (joueur_id, arbitre_id, nation_equipe_1, nation_equipe_2, match_date, couleur) VALUES ('63', '200', 'Allemagne', 'Egypt', '2018-06-14', 'Rouge');

 -- Sanction du match -- 

INSERT INTO sanction (joueur_id, arbitre_id, nation_equipe_1, nation_equipe_2, match_date, couleur) VALUES ('64', '200', 'Allemagne', 'Egypt', '2018-06-14', 'Jaune');
INSERT INTO arbitre_match VALUES ('230', 'Allemagne', 'Egypt', 'Assistant', '2018-06-14');

 -- Sanction du match -- 

INSERT INTO sanction (joueur_id, arbitre_id, nation_equipe_1, nation_equipe_2, match_date, couleur) VALUES ('62', '230', 'Allemagne', 'Egypt', '2018-06-14', 'Rouge');

 -- Match -- 

INSERT INTO match_foot VALUES ('2018-06-14', 'Portugal', 'Grece', 'Semi-finale', '3', '2', '6', 'Cookie Center', 'Sier');

 -- Arbitre du Match -- 

INSERT INTO arbitre_match VALUES ('60', 'Portugal', 'Grece', 'Principal', '2018-06-14');

 -- Sanction du match -- 

INSERT INTO sanction (joueur_id, arbitre_id, nation_equipe_1, nation_equipe_2, match_date, couleur) VALUES ('76', '60', 'Portugal', 'Grece', '2018-06-14', 'Jaune');
INSERT INTO arbitre_match VALUES ('110', 'Portugal', 'Grece', 'Assistant', '2018-06-14');

 -- Sanction du match -- 

INSERT INTO sanction (joueur_id, arbitre_id, nation_equipe_1, nation_equipe_2, match_date, couleur) VALUES ('72', '110', 'Portugal', 'Grece', '2018-06-14', 'Rouge');
INSERT INTO arbitre_match VALUES ('180', 'Portugal', 'Grece', 'Assistant', '2018-06-14');

 -- Sanction du match -- 

INSERT INTO sanction (joueur_id, arbitre_id, nation_equipe_1, nation_equipe_2, match_date, couleur) VALUES ('71', '180', 'Portugal', 'Grece', '2018-06-14', 'Jaune');

 -- Sanction du match -- 

INSERT INTO sanction (joueur_id, arbitre_id, nation_equipe_1, nation_equipe_2, match_date, couleur) VALUES ('72', '180', 'Portugal', 'Grece', '2018-06-14', 'Jaune');
INSERT INTO arbitre_match VALUES ('210', 'Portugal', 'Grece', 'Assistant', '2018-06-14');

 -- Sanction du match -- 

INSERT INTO sanction (joueur_id, arbitre_id, nation_equipe_1, nation_equipe_2, match_date, couleur) VALUES ('72', '210', 'Portugal', 'Grece', '2018-06-14', 'Jaune');

 -- Match -- 

INSERT INTO match_foot VALUES ('2018-06-14', 'Autriche', 'Qatar', 'Finale', '2', '4', '6', 'Cookie Center', 'Sier');

 -- Arbitre du Match -- 

INSERT INTO arbitre_match VALUES ('100', 'Autriche', 'Qatar', 'Principal', '2018-06-14');

 -- Sanction du match -- 

INSERT INTO sanction (joueur_id, arbitre_id, nation_equipe_1, nation_equipe_2, match_date, couleur) VALUES ('86', '100', 'Autriche', 'Qatar', '2018-06-14', 'Rouge');
INSERT INTO arbitre_match VALUES ('130', 'Autriche', 'Qatar', 'Assistant', '2018-06-14');

 -- Sanction du match -- 

INSERT INTO sanction (joueur_id, arbitre_id, nation_equipe_1, nation_equipe_2, match_date, couleur) VALUES ('85', '130', 'Autriche', 'Qatar', '2018-06-14', 'Jaune');

 -- Sanction du match -- 

INSERT INTO sanction (joueur_id, arbitre_id, nation_equipe_1, nation_equipe_2, match_date, couleur) VALUES ('81', '130', 'Autriche', 'Qatar', '2018-06-14', 'Jaune');
INSERT INTO arbitre_match VALUES ('180', 'Autriche', 'Qatar', 'Assistant', '2018-06-14');

 -- Sanction du match -- 

INSERT INTO sanction (joueur_id, arbitre_id, nation_equipe_1, nation_equipe_2, match_date, couleur) VALUES ('84', '180', 'Autriche', 'Qatar', '2018-06-14', 'Jaune');

 -- Sanction du match -- 

INSERT INTO sanction (joueur_id, arbitre_id, nation_equipe_1, nation_equipe_2, match_date, couleur) VALUES ('82', '180', 'Autriche', 'Qatar', '2018-06-14', 'Rouge');
INSERT INTO arbitre_match VALUES ('210', 'Autriche', 'Qatar', 'Assistant', '2018-06-14');

 -- Sanction du match -- 

INSERT INTO sanction (joueur_id, arbitre_id, nation_equipe_1, nation_equipe_2, match_date, couleur) VALUES ('85', '210', 'Autriche', 'Qatar', '2018-06-14', 'Rouge');

 -- Sanction du match -- 

INSERT INTO sanction (joueur_id, arbitre_id, nation_equipe_1, nation_equipe_2, match_date, couleur) VALUES ('83', '210', 'Autriche', 'Qatar', '2018-06-14', 'Jaune');

 -- Match -- 

INSERT INTO match_foot VALUES ('2018-06-14', 'Yougoslavie', 'Etats-Unis', 'Match de 3e place', '5', '4', '6', 'Cookie Center', 'Sier');

 -- Arbitre du Match -- 

INSERT INTO arbitre_match VALUES ('70', 'Yougoslavie', 'Etats-Unis', 'Principal', '2018-06-14');

 -- Sanction du match -- 

INSERT INTO sanction (joueur_id, arbitre_id, nation_equipe_1, nation_equipe_2, match_date, couleur) VALUES ('94', '70', 'Yougoslavie', 'Etats-Unis', '2018-06-14', 'Jaune');

 -- Sanction du match -- 

INSERT INTO sanction (joueur_id, arbitre_id, nation_equipe_1, nation_equipe_2, match_date, couleur) VALUES ('94', '70', 'Yougoslavie', 'Etats-Unis', '2018-06-14', 'Jaune');
INSERT INTO arbitre_match VALUES ('110', 'Yougoslavie', 'Etats-Unis', 'Assistant', '2018-06-14');

 -- Sanction du match -- 

INSERT INTO sanction (joueur_id, arbitre_id, nation_equipe_1, nation_equipe_2, match_date, couleur) VALUES ('93', '110', 'Yougoslavie', 'Etats-Unis', '2018-06-14', 'Rouge');

 -- Sanction du match -- 

INSERT INTO sanction (joueur_id, arbitre_id, nation_equipe_1, nation_equipe_2, match_date, couleur) VALUES ('95', '110', 'Yougoslavie', 'Etats-Unis', '2018-06-14', 'Jaune');
INSERT INTO arbitre_match VALUES ('200', 'Yougoslavie', 'Etats-Unis', 'Assistant', '2018-06-14');
INSERT INTO arbitre_match VALUES ('210', 'Yougoslavie', 'Etats-Unis', 'Assistant', '2018-06-14');

 -- Sanction du match -- 

INSERT INTO sanction (joueur_id, arbitre_id, nation_equipe_1, nation_equipe_2, match_date, couleur) VALUES ('96', '210', 'Yougoslavie', 'Etats-Unis', '2018-06-14', 'Rouge');

 -- Sanction du match -- 

INSERT INTO sanction (joueur_id, arbitre_id, nation_equipe_1, nation_equipe_2, match_date, couleur) VALUES ('93', '210', 'Yougoslavie', 'Etats-Unis', '2018-06-14', 'Jaune');

 -- Match -- 

INSERT INTO match_foot VALUES ('2018-06-14', 'Union sovietique', 'Turquie', 'Ronde de 16', '6', '5', '6', 'Cookie Center', 'Sier');

 -- Arbitre du Match -- 

INSERT INTO arbitre_match VALUES ('90', 'Union sovietique', 'Turquie', 'Principal', '2018-06-14');

 -- Sanction du match -- 

INSERT INTO sanction (joueur_id, arbitre_id, nation_equipe_1, nation_equipe_2, match_date, couleur) VALUES ('105', '90', 'Union sovietique', 'Turquie', '2018-06-14', 'Rouge');

 -- Sanction du match -- 

INSERT INTO sanction (joueur_id, arbitre_id, nation_equipe_1, nation_equipe_2, match_date, couleur) VALUES ('101', '90', 'Union sovietique', 'Turquie', '2018-06-14', 'Jaune');
INSERT INTO arbitre_match VALUES ('140', 'Union sovietique', 'Turquie', 'Assistant', '2018-06-14');

 -- Sanction du match -- 

INSERT INTO sanction (joueur_id, arbitre_id, nation_equipe_1, nation_equipe_2, match_date, couleur) VALUES ('103', '140', 'Union sovietique', 'Turquie', '2018-06-14', 'Rouge');
INSERT INTO arbitre_match VALUES ('180', 'Union sovietique', 'Turquie', 'Assistant', '2018-06-14');

 -- Sanction du match -- 

INSERT INTO sanction (joueur_id, arbitre_id, nation_equipe_1, nation_equipe_2, match_date, couleur) VALUES ('105', '180', 'Union sovietique', 'Turquie', '2018-06-14', 'Jaune');
INSERT INTO arbitre_match VALUES ('250', 'Union sovietique', 'Turquie', 'Assistant', '2018-06-14');

 -- Sanction du match -- 

INSERT INTO sanction (joueur_id, arbitre_id, nation_equipe_1, nation_equipe_2, match_date, couleur) VALUES ('106', '250', 'Union sovietique', 'Turquie', '2018-06-14', 'Rouge');

 -- Sanction du match -- 

INSERT INTO sanction (joueur_id, arbitre_id, nation_equipe_1, nation_equipe_2, match_date, couleur) VALUES ('102', '250', 'Union sovietique', 'Turquie', '2018-06-14', 'Rouge');
commit;